season,date,home_team,away_team,full_time_home_goals,full_time_away_goals,full_time_result,half_time_home_goals,half_time_away_goals,half_time_result,home_shots,away_shots,home_shots_on_target,away_shots_on_target,home_corners,away_corners,home_fouls,away_fouls,home_yellow_cards,away_yellow_cards,home_red_cards,away_red_cards,home_odds,draw_odds,away_odds,source,match_date,match_id
2011/12,13/08/11,Blackburn,Wolves,1,2,A,1,1,D,16,13,8,4,12,6,14,10,4,2,0,0,2.2,3.2,3.5,Football-Data.co.uk,2011-08-13,2011/12|2011-08-13|Blackburn|Wolves
2011/12,13/08/11,Fulham,Aston Villa,0,0,D,0,0,D,13,7,9,1,2,3,10,18,2,4,0,0,2.2,3.2,3.5,Football-Data.co.uk,2011-08-13,2011/12|2011-08-13|Fulham|Aston Villa
2011/12,13/08/11,Liverpool,Sunderland,1,1,D,1,0,H,11,15,4,6,6,3,17,12,4,4,0,0,1.57,3.6,7.0,Football-Data.co.uk,2011-08-13,2011/12|2011-08-13|Liverpool|Sunderland
2011/12,13/08/11,Newcastle,Arsenal,0,0,D,0,0,D,6,9,1,4,2,5,9,11,3,5,0,1,3.75,3.25,2.1,Football-Data.co.uk,2011-08-13,2011/12|2011-08-13|Newcastle|Arsenal
2011/12,13/08/11,QPR,Bolton,0,4,A,0,1,A,13,13,7,7,3,2,9,16,1,2,1,0,2.4,3.25,3.0,Football-Data.co.uk,2011-08-13,2011/12|2011-08-13|QPR|Bolton
2011/12,13/08/11,Wigan,Norwich,1,1,D,1,1,D,18,13,11,3,7,3,11,8,2,2,0,0,2.2,3.2,3.5,Football-Data.co.uk,2011-08-13,2011/12|2011-08-13|Wigan|Norwich
2011/12,14/08/11,Stoke,Chelsea,0,0,D,0,0,D,6,20,3,11,4,6,12,12,2,2,0,0,5.5,3.5,1.7,Football-Data.co.uk,2011-08-14,2011/12|2011-08-14|Stoke|Chelsea
2011/12,14/08/11,West Brom,Man United,1,2,A,1,1,D,14,11,8,5,6,5,16,9,3,2,0,0,6.5,4.0,1.53,Football-Data.co.uk,2011-08-14,2011/12|2011-08-14|West Brom|Man United
2011/12,15/08/11,Man City,Swansea,4,0,H,0,0,D,26,8,19,5,7,4,9,2,0,0,0,0,1.29,5.0,13.0,Football-Data.co.uk,2011-08-15,2011/12|2011-08-15|Man City|Swansea
2011/12,20/08/11,Arsenal,Liverpool,0,2,A,0,0,D,10,13,6,8,9,5,11,6,2,2,1,0,2.5,3.25,2.9,Football-Data.co.uk,2011-08-20,2011/12|2011-08-20|Arsenal|Liverpool
2011/12,20/08/11,Aston Villa,Blackburn,3,1,H,2,0,H,9,10,6,6,5,4,9,13,3,0,0,0,1.73,3.4,5.5,Football-Data.co.uk,2011-08-20,2011/12|2011-08-20|Aston Villa|Blackburn
2011/12,20/08/11,Chelsea,West Brom,2,1,H,0,1,A,22,6,12,4,7,4,12,8,2,4,0,0,1.3,5.5,10.0,Football-Data.co.uk,2011-08-20,2011/12|2011-08-20|Chelsea|West Brom
2011/12,20/08/11,Everton,QPR,0,1,A,0,1,A,14,4,7,3,2,1,12,9,1,1,0,0,1.53,3.8,7.0,Football-Data.co.uk,2011-08-20,2011/12|2011-08-20|Everton|QPR
2011/12,20/08/11,Sunderland,Newcastle,0,1,A,0,0,D,15,12,5,10,7,6,17,7,3,3,1,0,2.2,3.25,3.4,Football-Data.co.uk,2011-08-20,2011/12|2011-08-20|Sunderland|Newcastle
2011/12,20/08/11,Swansea,Wigan,0,0,D,0,0,D,12,10,6,4,7,7,8,18,0,3,0,0,2.1,3.3,3.6,Football-Data.co.uk,2011-08-20,2011/12|2011-08-20|Swansea|Wigan
2011/12,21/08/11,Bolton,Man City,2,3,A,1,2,A,6,17,4,9,7,8,19,14,2,0,0,0,4.75,3.5,1.8,Football-Data.co.uk,2011-08-21,2011/12|2011-08-21|Bolton|Man City
2011/12,21/08/11,Norwich,Stoke,1,1,D,1,0,H,9,15,7,5,3,6,13,12,0,2,1,0,2.6,3.3,2.75,Football-Data.co.uk,2011-08-21,2011/12|2011-08-21|Norwich|Stoke
2011/12,21/08/11,Wolves,Fulham,2,0,H,2,0,H,17,8,7,4,7,8,7,10,2,2,0,0,2.38,3.25,3.1,Football-Data.co.uk,2011-08-21,2011/12|2011-08-21|Wolves|Fulham
2011/12,22/08/11,Man United,Tottenham,3,0,H,0,0,D,27,20,21,12,11,3,12,9,1,2,0,0,1.67,3.75,5.5,Football-Data.co.uk,2011-08-22,2011/12|2011-08-22|Man United|Tottenham
2011/12,27/08/11,Aston Villa,Wolves,0,0,D,0,0,D,15,3,5,2,11,8,10,9,1,3,0,0,2.1,3.25,3.75,Football-Data.co.uk,2011-08-27,2011/12|2011-08-27|Aston Villa|Wolves
2011/12,27/08/11,Blackburn,Everton,0,1,A,0,0,D,14,9,6,4,5,4,17,13,5,2,0,0,3.3,3.25,2.25,Football-Data.co.uk,2011-08-27,2011/12|2011-08-27|Blackburn|Everton
2011/12,27/08/11,Chelsea,Norwich,3,1,H,1,0,H,16,9,8,6,8,6,17,14,2,2,0,1,1.2,6.5,15.0,Football-Data.co.uk,2011-08-27,2011/12|2011-08-27|Chelsea|Norwich
2011/12,27/08/11,Liverpool,Bolton,3,1,H,1,0,H,17,7,9,4,12,6,5,7,0,2,0,0,1.4,4.5,8.5,Football-Data.co.uk,2011-08-27,2011/12|2011-08-27|Liverpool|Bolton
2011/12,27/08/11,Swansea,Sunderland,0,0,D,0,0,D,15,12,6,8,7,4,7,10,1,1,0,0,2.38,3.3,3.0,Football-Data.co.uk,2011-08-27,2011/12|2011-08-27|Swansea|Sunderland
2011/12,27/08/11,Wigan,QPR,2,0,H,1,0,H,13,19,10,9,8,7,13,8,2,0,0,0,2.25,3.3,3.25,Football-Data.co.uk,2011-08-27,2011/12|2011-08-27|Wigan|QPR
2011/12,28/08/11,Man United,Arsenal,8,2,H,3,1,H,25,19,15,13,3,5,9,7,2,3,0,1,1.5,4.33,6.5,Football-Data.co.uk,2011-08-28,2011/12|2011-08-28|Man United|Arsenal
2011/12,28/08/11,Newcastle,Fulham,2,1,H,0,0,D,13,16,9,9,6,6,19,8,2,1,0,0,2.1,3.25,3.75,Football-Data.co.uk,2011-08-28,2011/12|2011-08-28|Newcastle|Fulham
2011/12,28/08/11,Tottenham,Man City,1,5,A,0,2,A,15,22,10,12,10,5,11,9,2,4,0,0,2.88,3.3,2.5,Football-Data.co.uk,2011-08-28,2011/12|2011-08-28|Tottenham|Man City
2011/12,28/08/11,West Brom,Stoke,0,1,A,0,0,D,16,7,7,1,5,1,9,12,0,0,0,0,2.1,3.25,3.75,Football-Data.co.uk,2011-08-28,2011/12|2011-08-28|West Brom|Stoke
2011/12,10/09/11,Arsenal,Swansea,1,0,H,1,0,H,18,10,8,5,4,5,10,7,3,2,0,0,1.36,4.75,9.0,Football-Data.co.uk,2011-09-10,2011/12|2011-09-10|Arsenal|Swansea
2011/12,10/09/11,Bolton,Man United,0,5,A,0,3,A,20,13,13,9,5,7,14,1,2,0,0,0,9.0,4.5,1.4,Football-Data.co.uk,2011-09-10,2011/12|2011-09-10|Bolton|Man United
2011/12,10/09/11,Everton,Aston Villa,2,2,D,1,0,H,17,7,10,3,8,0,13,11,1,1,0,0,2.0,3.4,3.8,Football-Data.co.uk,2011-09-10,2011/12|2011-09-10|Everton|Aston Villa
2011/12,10/09/11,Man City,Wigan,3,0,H,1,0,H,23,9,10,5,8,3,6,9,0,0,0,0,1.17,7.0,17.0,Football-Data.co.uk,2011-09-10,2011/12|2011-09-10|Man City|Wigan
2011/12,10/09/11,Stoke,Liverpool,1,0,H,1,0,H,3,20,1,11,2,12,12,13,0,1,0,0,3.25,3.3,2.25,Football-Data.co.uk,2011-09-10,2011/12|2011-09-10|Stoke|Liverpool
2011/12,10/09/11,Sunderland,Chelsea,1,2,A,0,1,A,14,16,7,8,4,7,7,3,1,1,0,0,5.0,3.75,1.7,Football-Data.co.uk,2011-09-10,2011/12|2011-09-10|Sunderland|Chelsea
2011/12,10/09/11,Wolves,Tottenham,0,2,A,0,0,D,10,17,6,11,4,10,5,12,3,2,0,0,3.0,3.25,2.4,Football-Data.co.uk,2011-09-10,2011/12|2011-09-10|Wolves|Tottenham
2011/12,11/09/11,Fulham,Blackburn,1,1,D,1,1,D,13,10,8,5,11,2,7,12,3,1,0,0,1.67,3.6,5.5,Football-Data.co.uk,2011-09-11,2011/12|2011-09-11|Fulham|Blackburn
2011/12,11/09/11,Norwich,West Brom,0,1,A,0,1,A,17,14,5,9,1,3,10,11,1,2,0,0,2.5,3.25,2.88,Football-Data.co.uk,2011-09-11,2011/12|2011-09-11|Norwich|West Brom
2011/12,12/09/11,QPR,Newcastle,0,0,D,0,0,D,14,8,5,3,6,4,10,15,1,3,0,0,2.4,3.25,3.0,Football-Data.co.uk,2011-09-12,2011/12|2011-09-12|QPR|Newcastle
2011/12,17/09/11,Aston Villa,Newcastle,1,1,D,1,0,H,10,21,2,13,4,9,13,10,1,1,0,0,1.91,3.4,4.2,Football-Data.co.uk,2011-09-17,2011/12|2011-09-17|Aston Villa|Newcastle
2011/12,17/09/11,Blackburn,Arsenal,4,3,H,1,2,A,10,24,5,16,2,13,14,9,2,1,0,0,4.2,3.4,1.91,Football-Data.co.uk,2011-09-17,2011/12|2011-09-17|Blackburn|Arsenal
2011/12,17/09/11,Bolton,Norwich,1,2,A,0,2,A,7,11,7,5,6,9,8,8,3,1,1,0,1.8,3.6,4.6,Football-Data.co.uk,2011-09-17,2011/12|2011-09-17|Bolton|Norwich
2011/12,17/09/11,Everton,Wigan,3,1,H,1,1,D,17,9,10,4,4,9,14,8,2,1,0,0,1.5,4.0,7.0,Football-Data.co.uk,2011-09-17,2011/12|2011-09-17|Everton|Wigan
2011/12,17/09/11,Swansea,West Brom,3,0,H,2,0,H,7,13,5,8,2,8,4,9,1,2,0,0,2.63,3.2,2.75,Football-Data.co.uk,2011-09-17,2011/12|2011-09-17|Swansea|West Brom
2011/12,17/09/11,Wolves,QPR,0,3,A,0,2,A,13,17,6,12,4,8,15,13,2,3,0,0,1.91,3.4,4.2,Football-Data.co.uk,2011-09-17,2011/12|2011-09-17|Wolves|QPR
2011/12,18/09/11,Fulham,Man City,2,2,D,0,1,A,14,18,11,11,6,9,10,9,1,1,0,0,6.5,3.8,1.57,Football-Data.co.uk,2011-09-18,2011/12|2011-09-18|Fulham|Man City
2011/12,18/09/11,Man United,Chelsea,3,1,H,3,0,H,12,20,7,9,4,10,11,12,2,3,0,0,1.83,3.5,4.5,Football-Data.co.uk,2011-09-18,2011/12|2011-09-18|Man United|Chelsea
2011/12,18/09/11,Sunderland,Stoke,4,0,H,3,0,H,8,9,7,5,6,5,15,12,1,2,0,0,2.4,3.2,3.1,Football-Data.co.uk,2011-09-18,2011/12|2011-09-18|Sunderland|Stoke
2011/12,18/09/11,Tottenham,Liverpool,4,0,H,1,0,H,24,5,16,2,4,1,10,9,1,4,0,2,2.63,3.4,2.63,Football-Data.co.uk,2011-09-18,2011/12|2011-09-18|Tottenham|Liverpool
2011/12,24/09/11,Arsenal,Bolton,3,0,H,0,0,D,23,3,14,3,9,2,7,9,0,1,0,1,1.44,4.5,7.0,Football-Data.co.uk,2011-09-24,2011/12|2011-09-24|Arsenal|Bolton
2011/12,24/09/11,Chelsea,Swansea,4,1,H,2,0,H,15,5,7,4,1,6,15,11,3,3,1,0,1.2,6.5,15.0,Football-Data.co.uk,2011-09-24,2011/12|2011-09-24|Chelsea|Swansea
2011/12,24/09/11,Liverpool,Wolves,2,1,H,2,0,H,14,11,6,6,7,2,15,6,3,4,0,0,1.36,4.5,10.0,Football-Data.co.uk,2011-09-24,2011/12|2011-09-24|Liverpool|Wolves
2011/12,24/09/11,Man City,Everton,2,0,H,0,0,D,18,7,8,3,7,5,9,13,1,5,0,0,1.44,4.33,7.5,Football-Data.co.uk,2011-09-24,2011/12|2011-09-24|Man City|Everton
2011/12,24/09/11,Newcastle,Blackburn,3,1,H,2,1,H,19,4,8,1,4,2,6,16,0,4,0,1,1.83,3.5,4.5,Football-Data.co.uk,2011-09-24,2011/12|2011-09-24|Newcastle|Blackburn
2011/12,24/09/11,Stoke,Man United,1,1,D,0,1,A,14,13,8,9,8,8,10,3,1,0,0,0,6.5,4.0,1.53,Football-Data.co.uk,2011-09-24,2011/12|2011-09-24|Stoke|Man United
2011/12,24/09/11,West Brom,Fulham,0,0,D,0,0,D,8,18,5,9,1,1,6,14,0,3,0,0,2.3,3.25,3.25,Football-Data.co.uk,2011-09-24,2011/12|2011-09-24|West Brom|Fulham
2011/12,24/09/11,Wigan,Tottenham,1,2,A,0,2,A,5,14,4,7,1,9,13,6,3,1,1,0,4.0,3.5,1.91,Football-Data.co.uk,2011-09-24,2011/12|2011-09-24|Wigan|Tottenham
2011/12,25/09/11,QPR,Aston Villa,1,1,D,0,0,D,17,8,9,4,11,8,14,19,1,6,1,0,2.3,3.25,3.2,Football-Data.co.uk,2011-09-25,2011/12|2011-09-25|QPR|Aston Villa
2011/12,26/09/11,Norwich,Sunderland,2,1,H,1,0,H,11,12,8,6,7,4,3,7,2,1,0,0,2.5,3.4,2.8,Football-Data.co.uk,2011-09-26,2011/12|2011-09-26|Norwich|Sunderland
2011/12,01/10/11,Aston Villa,Wigan,2,0,H,1,0,H,16,14,10,9,5,10,12,6,0,1,0,0,1.62,3.75,6.0,Football-Data.co.uk,2011-10-01,2011/12|2011-10-01|Aston Villa|Wigan
2011/12,01/10/11,Blackburn,Man City,0,4,A,0,0,D,5,19,4,12,4,5,9,14,1,1,0,0,6.5,3.75,1.57,Football-Data.co.uk,2011-10-01,2011/12|2011-10-01|Blackburn|Man City
2011/12,01/10/11,Everton,Liverpool,0,2,A,0,0,D,12,15,4,9,5,9,15,9,1,1,1,0,3.1,3.2,2.4,Football-Data.co.uk,2011-10-01,2011/12|2011-10-01|Everton|Liverpool
2011/12,01/10/11,Man United,Norwich,2,0,H,0,0,D,17,13,9,6,10,3,9,6,1,0,0,0,1.17,7.0,17.0,Football-Data.co.uk,2011-10-01,2011/12|2011-10-01|Man United|Norwich
2011/12,01/10/11,Sunderland,West Brom,2,2,D,2,2,D,12,7,7,3,7,4,9,13,2,0,0,0,2.25,3.4,3.2,Football-Data.co.uk,2011-10-01,2011/12|2011-10-01|Sunderland|West Brom
2011/12,01/10/11,Wolves,Newcastle,1,2,A,0,2,A,25,10,12,6,10,5,7,10,1,2,0,0,2.5,3.25,2.88,Football-Data.co.uk,2011-10-01,2011/12|2011-10-01|Wolves|Newcastle
2011/12,02/10/11,Bolton,Chelsea,1,5,A,0,4,A,14,21,10,14,4,5,10,11,1,2,0,0,6.5,4.0,1.53,Football-Data.co.uk,2011-10-02,2011/12|2011-10-02|Bolton|Chelsea
2011/12,02/10/11,Fulham,QPR,6,0,H,3,0,H,19,17,13,10,4,4,10,7,2,3,0,0,2.0,3.3,4.0,Football-Data.co.uk,2011-10-02,2011/12|2011-10-02|Fulham|QPR
2011/12,02/10/11,Swansea,Stoke,2,0,H,1,0,H,9,11,5,6,6,5,14,18,3,5,0,0,2.63,3.25,2.75,Football-Data.co.uk,2011-10-02,2011/12|2011-10-02|Swansea|Stoke
2011/12,02/10/11,Tottenham,Arsenal,2,1,H,1,0,H,16,13,8,7,9,7,11,8,2,1,0,0,2.1,3.4,3.5,Football-Data.co.uk,2011-10-02,2011/12|2011-10-02|Tottenham|Arsenal
2011/12,15/10/11,Chelsea,Everton,3,1,H,2,0,H,7,9,5,5,2,2,13,11,2,2,0,0,1.36,4.5,10.0,Football-Data.co.uk,2011-10-15,2011/12|2011-10-15|Chelsea|Everton
2011/12,15/10/11,Liverpool,Man United,1,1,D,0,0,D,14,10,8,3,8,3,8,11,1,3,0,0,3.0,3.3,2.4,Football-Data.co.uk,2011-10-15,2011/12|2011-10-15|Liverpool|Man United
2011/12,15/10/11,Man City,Aston Villa,4,1,H,1,0,H,15,8,10,6,5,1,10,6,1,1,0,0,1.33,5.0,10.0,Football-Data.co.uk,2011-10-15,2011/12|2011-10-15|Man City|Aston Villa
2011/12,15/10/11,Norwich,Swansea,3,1,H,2,1,H,15,12,8,4,4,4,6,5,0,1,0,0,2.2,3.3,3.4,Football-Data.co.uk,2011-10-15,2011/12|2011-10-15|Norwich|Swansea
2011/12,15/10/11,QPR,Blackburn,1,1,D,1,1,D,12,10,6,9,5,7,10,13,3,2,0,0,1.83,3.5,4.5,Football-Data.co.uk,2011-10-15,2011/12|2011-10-15|QPR|Blackburn
2011/12,15/10/11,Stoke,Fulham,2,0,H,0,0,D,14,4,6,1,5,2,14,15,4,4,0,0,2.2,3.2,3.5,Football-Data.co.uk,2011-10-15,2011/12|2011-10-15|Stoke|Fulham
2011/12,15/10/11,Wigan,Bolton,1,3,A,1,2,A,13,14,9,11,5,4,16,14,4,4,0,0,2.3,3.3,3.2,Football-Data.co.uk,2011-10-15,2011/12|2011-10-15|Wigan|Bolton
2011/12,16/10/11,Arsenal,Sunderland,2,1,H,1,1,D,20,8,11,4,9,2,9,19,3,3,0,0,1.44,4.33,7.5,Football-Data.co.uk,2011-10-16,2011/12|2011-10-16|Arsenal|Sunderland
2011/12,16/10/11,Newcastle,Tottenham,2,2,D,0,1,A,12,11,7,8,5,2,11,15,1,2,0,0,3.0,3.3,2.4,Football-Data.co.uk,2011-10-16,2011/12|2011-10-16|Newcastle|Tottenham
2011/12,16/10/11,West Brom,Wolves,2,0,H,1,0,H,17,13,11,10,2,11,14,12,0,1,0,0,2.0,3.3,4.0,Football-Data.co.uk,2011-10-16,2011/12|2011-10-16|West Brom|Wolves
2011/12,22/10/11,Aston Villa,West Brom,1,2,A,1,1,D,3,8,0,5,3,8,11,8,2,3,1,0,2.0,3.3,4.0,Football-Data.co.uk,2011-10-22,2011/12|2011-10-22|Aston Villa|West Brom
2011/12,22/10/11,Bolton,Sunderland,0,2,A,0,0,D,15,18,8,10,2,11,15,14,0,3,0,0,2.2,3.2,3.5,Football-Data.co.uk,2011-10-22,2011/12|2011-10-22|Bolton|Sunderland
2011/12,22/10/11,Liverpool,Norwich,1,1,D,1,0,H,25,12,15,10,10,3,6,8,0,1,0,0,1.29,5.5,11.0,Football-Data.co.uk,2011-10-22,2011/12|2011-10-22|Liverpool|Norwich
2011/12,22/10/11,Newcastle,Wigan,1,0,H,0,0,D,13,12,10,5,7,3,7,22,3,2,0,0,1.57,3.8,6.5,Football-Data.co.uk,2011-10-22,2011/12|2011-10-22|Newcastle|Wigan
2011/12,22/10/11,Wolves,Swansea,2,2,D,0,2,A,20,16,13,14,8,13,14,11,2,0,0,0,2.0,3.4,3.8,Football-Data.co.uk,2011-10-22,2011/12|2011-10-22|Wolves|Swansea
2011/12,23/10/11,Arsenal,Stoke,3,1,H,1,1,D,9,5,5,2,10,1,9,13,0,2,0,0,1.53,4.0,6.5,Football-Data.co.uk,2011-10-23,2011/12|2011-10-23|Arsenal|Stoke
2011/12,23/10/11,Blackburn,Tottenham,1,2,A,1,1,D,19,9,8,7,8,5,19,7,4,1,0,0,4.0,3.5,1.91,Football-Data.co.uk,2011-10-23,2011/12|2011-10-23|Blackburn|Tottenham
2011/12,23/10/11,Fulham,Everton,1,3,A,0,1,A,15,11,8,7,5,1,12,8,3,1,0,0,2.25,3.25,3.3,Football-Data.co.uk,2011-10-23,2011/12|2011-10-23|Fulham|Everton
2011/12,23/10/11,Man United,Man City,1,6,A,0,1,A,12,19,8,12,7,4,15,11,4,4,1,0,2.0,3.4,3.8,Football-Data.co.uk,2011-10-23,2011/12|2011-10-23|Man United|Man City
2011/12,23/10/11,QPR,Chelsea,1,0,H,1,0,H,8,14,3,7,0,6,17,17,2,7,0,2,9.5,5.0,1.33,Football-Data.co.uk,2011-10-23,2011/12|2011-10-23|QPR|Chelsea
2011/12,29/10/11,Chelsea,Arsenal,3,5,A,2,1,H,12,13,10,8,3,2,7,18,2,3,0,0,1.62,4.0,5.5,Football-Data.co.uk,2011-10-29,2011/12|2011-10-29|Chelsea|Arsenal
2011/12,29/10/11,Everton,Man United,0,1,A,0,1,A,18,7,11,6,4,1,12,8,3,0,0,0,4.5,3.6,1.8,Football-Data.co.uk,2011-10-29,2011/12|2011-10-29|Everton|Man United
2011/12,29/10/11,Man City,Wolves,3,1,H,0,0,D,18,9,9,2,5,4,17,5,2,1,1,0,1.17,7.0,19.0,Football-Data.co.uk,2011-10-29,2011/12|2011-10-29|Man City|Wolves
2011/12,29/10/11,Norwich,Blackburn,3,3,D,0,1,A,13,12,6,7,6,2,9,10,2,1,0,0,1.91,3.6,4.0,Football-Data.co.uk,2011-10-29,2011/12|2011-10-29|Norwich|Blackburn
2011/12,29/10/11,Sunderland,Aston Villa,2,2,D,1,1,D,13,10,8,5,5,6,7,13,1,3,0,0,2.1,3.3,3.6,Football-Data.co.uk,2011-10-29,2011/12|2011-10-29|Sunderland|Aston Villa
2011/12,29/10/11,Swansea,Bolton,3,1,H,0,0,D,20,8,12,3,10,2,9,14,3,4,0,1,2.1,3.3,3.6,Football-Data.co.uk,2011-10-29,2011/12|2011-10-29|Swansea|Bolton
2011/12,29/10/11,West Brom,Liverpool,0,2,A,0,2,A,10,17,6,7,3,10,12,9,1,0,0,0,4.0,3.3,2.0,Football-Data.co.uk,2011-10-29,2011/12|2011-10-29|West Brom|Liverpool
2011/12,29/10/11,Wigan,Fulham,0,2,A,0,1,A,18,7,9,5,9,0,17,14,2,5,0,0,2.88,3.25,2.5,Football-Data.co.uk,2011-10-29,2011/12|2011-10-29|Wigan|Fulham
2011/12,30/10/11,Tottenham,QPR,3,1,H,2,0,H,22,12,13,8,4,8,12,14,0,0,0,0,1.36,4.75,9.0,Football-Data.co.uk,2011-10-30,2011/12|2011-10-30|Tottenham|QPR
2011/12,31/10/11,Stoke,Newcastle,1,3,A,0,2,A,10,6,4,2,8,2,8,14,0,1,0,0,2.1,3.2,3.8,Football-Data.co.uk,2011-10-31,2011/12|2011-10-31|Stoke|Newcastle
2011/12,05/11/11,Arsenal,West Brom,3,0,H,2,0,H,12,9,7,4,4,1,12,12,0,0,0,0,1.4,4.5,8.5,Football-Data.co.uk,2011-11-05,2011/12|2011-11-05|Arsenal|West Brom
2011/12,05/11/11,Aston Villa,Norwich,3,2,H,1,1,D,12,9,6,7,6,6,11,9,1,5,0,0,1.83,3.5,4.5,Football-Data.co.uk,2011-11-05,2011/12|2011-11-05|Aston Villa|Norwich
2011/12,05/11/11,Blackburn,Chelsea,0,1,A,0,0,D,13,12,8,8,5,8,12,10,4,2,0,0,7.5,4.33,1.44,Football-Data.co.uk,2011-11-05,2011/12|2011-11-05|Blackburn|Chelsea
2011/12,05/11/11,Liverpool,Swansea,0,0,D,0,0,D,18,9,10,3,11,4,13,5,2,1,0,0,1.29,5.5,10.0,Football-Data.co.uk,2011-11-05,2011/12|2011-11-05|Liverpool|Swansea
2011/12,05/11/11,Man United,Sunderland,1,0,H,1,0,H,15,9,9,3,6,2,6,14,0,2,0,0,1.25,5.5,13.0,Football-Data.co.uk,2011-11-05,2011/12|2011-11-05|Man United|Sunderland
2011/12,05/11/11,Newcastle,Everton,2,1,H,2,1,H,10,14,6,6,5,3,12,15,2,3,0,0,2.25,3.25,3.3,Football-Data.co.uk,2011-11-05,2011/12|2011-11-05|Newcastle|Everton
2011/12,05/11/11,QPR,Man City,2,3,A,1,1,D,18,16,9,8,3,1,5,14,1,1,0,0,10.0,5.0,1.33,Football-Data.co.uk,2011-11-05,2011/12|2011-11-05|QPR|Man City
2011/12,06/11/11,Bolton,Stoke,5,0,H,2,0,H,20,9,16,6,12,4,10,9,0,1,0,0,2.4,3.3,3.0,Football-Data.co.uk,2011-11-06,2011/12|2011-11-06|Bolton|Stoke
2011/12,06/11/11,Fulham,Tottenham,1,3,A,0,2,A,26,8,20,8,11,1,5,9,0,1,0,0,3.25,3.3,2.25,Football-Data.co.uk,2011-11-06,2011/12|2011-11-06|Fulham|Tottenham
2011/12,06/11/11,Wolves,Wigan,3,1,H,1,1,D,13,13,12,7,5,6,11,13,2,1,0,0,1.91,3.3,4.33,Football-Data.co.uk,2011-11-06,2011/12|2011-11-06|Wolves|Wigan
2011/12,19/11/11,Everton,Wolves,2,1,H,1,1,D,13,4,9,1,9,1,14,13,1,2,0,0,1.57,3.75,6.5,Football-Data.co.uk,2011-11-19,2011/12|2011-11-19|Everton|Wolves
2011/12,19/11/11,Man City,Newcastle,3,1,H,2,0,H,12,10,9,7,4,5,10,7,0,0,0,0,1.3,5.5,10.0,Football-Data.co.uk,2011-11-19,2011/12|2011-11-19|Man City|Newcastle
2011/12,19/11/11,Norwich,Arsenal,1,2,A,1,1,D,7,20,4,14,1,6,11,9,3,0,0,0,5.5,3.6,1.67,Football-Data.co.uk,2011-11-19,2011/12|2011-11-19|Norwich|Arsenal
2011/12,19/11/11,Stoke,QPR,2,3,A,1,2,A,17,9,7,8,9,5,17,10,4,2,0,0,1.83,3.5,4.5,Football-Data.co.uk,2011-11-19,2011/12|2011-11-19|Stoke|QPR
2011/12,19/11/11,Sunderland,Fulham,0,0,D,0,0,D,13,13,8,9,6,7,8,12,1,1,0,0,2.3,3.25,3.2,Football-Data.co.uk,2011-11-19,2011/12|2011-11-19|Sunderland|Fulham
2011/12,19/11/11,Swansea,Man United,0,1,A,0,1,A,9,13,6,7,6,2,6,9,0,1,0,0,6.5,4.2,1.5,Football-Data.co.uk,2011-11-19,2011/12|2011-11-19|Swansea|Man United
2011/12,19/11/11,West Brom,Bolton,2,1,H,1,1,D,16,8,9,6,7,5,12,12,1,0,0,0,2.0,3.4,3.8,Football-Data.co.uk,2011-11-19,2011/12|2011-11-19|West Brom|Bolton
2011/12,19/11/11,Wigan,Blackburn,3,3,D,2,1,H,21,6,11,2,7,3,14,13,2,3,0,1,2.5,3.25,2.88,Football-Data.co.uk,2011-11-19,2011/12|2011-11-19|Wigan|Blackburn
2011/12,20/11/11,Chelsea,Liverpool,1,2,A,0,1,A,18,9,5,3,6,5,13,11,3,2,0,0,1.83,3.5,4.5,Football-Data.co.uk,2011-11-20,2011/12|2011-11-20|Chelsea|Liverpool
2011/12,21/11/11,Tottenham,Aston Villa,2,0,H,2,0,H,20,5,9,1,11,3,4,5,0,2,0,0,1.57,4.0,6.0,Football-Data.co.uk,2011-11-21,2011/12|2011-11-21|Tottenham|Aston Villa
2011/12,26/11/11,Arsenal,Fulham,1,1,D,0,0,D,20,10,12,6,13,4,9,7,1,3,0,0,1.44,4.2,8.0,Football-Data.co.uk,2011-11-26,2011/12|2011-11-26|Arsenal|Fulham
2011/12,26/11/11,Bolton,Everton,0,2,A,0,0,D,8,17,7,14,2,4,9,10,1,1,1,0,3.1,3.25,2.38,Football-Data.co.uk,2011-11-26,2011/12|2011-11-26|Bolton|Everton
2011/12,26/11/11,Chelsea,Wolves,3,0,H,3,0,H,17,7,11,2,9,2,10,10,1,2,0,0,1.22,6.0,15.0,Football-Data.co.uk,2011-11-26,2011/12|2011-11-26|Chelsea|Wolves
2011/12,26/11/11,Man United,Newcastle,1,1,D,0,0,D,23,8,13,6,11,3,12,15,1,4,0,1,1.4,4.5,8.5,Football-Data.co.uk,2011-11-26,2011/12|2011-11-26|Man United|Newcastle
2011/12,26/11/11,Norwich,QPR,2,1,H,1,0,H,15,13,8,4,6,4,15,7,1,0,0,0,2.1,3.4,3.5,Football-Data.co.uk,2011-11-26,2011/12|2011-11-26|Norwich|QPR
2011/12,26/11/11,Stoke,Blackburn,3,1,H,1,0,H,8,16,5,12,2,6,10,5,0,0,0,0,1.83,3.5,4.5,Football-Data.co.uk,2011-11-26,2011/12|2011-11-26|Stoke|Blackburn
2011/12,26/11/11,Sunderland,Wigan,1,2,A,1,1,D,17,7,11,4,3,2,12,13,3,1,0,0,1.67,3.6,5.5,Football-Data.co.uk,2011-11-26,2011/12|2011-11-26|Sunderland|Wigan
2011/12,26/11/11,West Brom,Tottenham,1,3,A,1,1,D,9,23,5,14,1,10,11,13,2,1,0,0,4.0,3.6,1.91,Football-Data.co.uk,2011-11-26,2011/12|2011-11-26|West Brom|Tottenham
2011/12,27/11/11,Liverpool,Man City,1,1,D,1,1,D,17,7,9,3,8,5,11,13,1,4,0,1,2.75,3.2,2.63,Football-Data.co.uk,2011-11-27,2011/12|2011-11-27|Liverpool|Man City
2011/12,27/11/11,Swansea,Aston Villa,0,0,D,0,0,D,6,9,2,4,4,6,9,17,3,4,0,0,2.2,3.25,3.4,Football-Data.co.uk,2011-11-27,2011/12|2011-11-27|Swansea|Aston Villa
2011/12,03/12/11,Aston Villa,Man United,0,1,A,0,1,A,7,11,3,5,5,5,4,11,0,0,0,0,5.0,3.6,1.73,Football-Data.co.uk,2011-12-03,2011/12|2011-12-03|Aston Villa|Man United
2011/12,03/12/11,Blackburn,Swansea,4,2,H,2,1,H,14,10,9,5,3,4,12,13,1,1,0,1,2.1,3.4,3.5,Football-Data.co.uk,2011-12-03,2011/12|2011-12-03|Blackburn|Swansea
2011/12,03/12/11,Man City,Norwich,5,1,H,1,0,H,21,5,16,2,12,4,8,7,0,1,0,0,1.17,7.0,17.0,Football-Data.co.uk,2011-12-03,2011/12|2011-12-03|Man City|Norwich
2011/12,03/12/11,Newcastle,Chelsea,0,3,A,0,1,A,16,21,9,13,6,5,7,6,2,3,0,0,3.5,3.4,2.1,Football-Data.co.uk,2011-12-03,2011/12|2011-12-03|Newcastle|Chelsea
2011/12,03/12/11,QPR,West Brom,1,1,D,1,0,H,14,15,4,10,3,5,7,9,0,3,0,0,2.25,3.3,3.25,Football-Data.co.uk,2011-12-03,2011/12|2011-12-03|QPR|West Brom
2011/12,03/12/11,Tottenham,Bolton,3,0,H,1,0,H,25,13,16,9,7,6,10,5,0,2,0,1,1.3,5.0,12.0,Football-Data.co.uk,2011-12-03,2011/12|2011-12-03|Tottenham|Bolton
2011/12,03/12/11,Wigan,Arsenal,0,4,A,0,2,A,7,16,4,10,4,5,8,12,3,2,0,0,6.0,4.0,1.57,Football-Data.co.uk,2011-12-03,2011/12|2011-12-03|Wigan|Arsenal
2011/12,04/12/11,Everton,Stoke,0,1,A,0,1,A,11,7,4,4,10,6,14,13,0,1,0,0,1.67,3.6,5.5,Football-Data.co.uk,2011-12-04,2011/12|2011-12-04|Everton|Stoke
2011/12,04/12/11,Wolves,Sunderland,2,1,H,0,0,D,15,18,10,12,8,3,10,12,2,3,0,0,2.4,3.3,3.0,Football-Data.co.uk,2011-12-04,2011/12|2011-12-04|Wolves|Sunderland
2011/12,05/12/11,Fulham,Liverpool,1,0,H,0,0,D,19,17,13,9,2,10,12,9,3,1,0,1,3.5,3.4,2.1,Football-Data.co.uk,2011-12-05,2011/12|2011-12-05|Fulham|Liverpool
2011/12,10/12/11,Arsenal,Everton,1,0,H,0,0,D,12,7,7,1,7,4,7,14,2,2,0,0,1.53,4.0,6.5,Football-Data.co.uk,2011-12-10,2011/12|2011-12-10|Arsenal|Everton
2011/12,10/12/11,Bolton,Aston Villa,1,2,A,0,2,A,17,17,12,11,6,10,10,7,1,2,0,0,2.5,3.3,2.88,Football-Data.co.uk,2011-12-10,2011/12|2011-12-10|Bolton|Aston Villa
2011/12,10/12/11,Liverpool,QPR,1,0,H,0,0,D,21,6,15,2,17,5,12,5,2,0,0,0,1.33,5.0,10.0,Football-Data.co.uk,2011-12-10,2011/12|2011-12-10|Liverpool|QPR
2011/12,10/12/11,Man United,Wolves,4,1,H,2,0,H,22,11,18,8,8,2,7,8,1,0,0,0,1.22,6.0,15.0,Football-Data.co.uk,2011-12-10,2011/12|2011-12-10|Man United|Wolves
2011/12,10/12/11,Norwich,Newcastle,4,2,H,1,1,D,13,11,11,8,7,2,9,8,3,2,0,1,2.4,3.4,2.88,Football-Data.co.uk,2011-12-10,2011/12|2011-12-10|Norwich|Newcastle
2011/12,10/12/11,Swansea,Fulham,2,0,H,0,0,D,16,12,8,7,6,5,8,7,1,1,0,0,2.63,3.25,2.75,Football-Data.co.uk,2011-12-10,2011/12|2011-12-10|Swansea|Fulham
2011/12,10/12/11,West Brom,Wigan,1,2,A,1,1,D,13,7,8,4,13,2,9,7,1,1,0,0,1.67,3.8,5.25,Football-Data.co.uk,2011-12-10,2011/12|2011-12-10|West Brom|Wigan
2011/12,11/12/11,Stoke,Tottenham,2,1,H,2,0,H,10,15,7,12,7,12,8,7,2,2,0,1,3.75,3.5,2.0,Football-Data.co.uk,2011-12-11,2011/12|2011-12-11|Stoke|Tottenham
2011/12,11/12/11,Sunderland,Blackburn,2,1,H,0,1,A,22,3,12,2,9,0,11,7,2,2,0,0,1.83,3.5,4.5,Football-Data.co.uk,2011-12-11,2011/12|2011-12-11|Sunderland|Blackburn
2011/12,12/12/11,Chelsea,Man City,2,1,H,1,1,D,13,7,7,4,5,1,11,18,4,2,0,1,2.4,3.3,3.0,Football-Data.co.uk,2011-12-12,2011/12|2011-12-12|Chelsea|Man City
2011/12,17/12/11,Blackburn,West Brom,1,2,A,0,0,D,17,13,14,6,3,7,7,10,1,1,0,0,2.38,3.3,3.0,Football-Data.co.uk,2011-12-17,2011/12|2011-12-17|Blackburn|West Brom
2011/12,17/12/11,Everton,Norwich,1,1,D,0,1,A,28,7,15,1,13,0,9,12,1,1,0,0,1.62,3.75,6.0,Football-Data.co.uk,2011-12-17,2011/12|2011-12-17|Everton|Norwich
2011/12,17/12/11,Fulham,Bolton,2,0,H,2,0,H,16,14,9,6,8,4,6,11,1,3,0,0,1.62,3.75,6.0,Football-Data.co.uk,2011-12-17,2011/12|2011-12-17|Fulham|Bolton
2011/12,17/12/11,Newcastle,Swansea,0,0,D,0,0,D,17,3,6,0,9,1,11,11,1,1,0,0,1.8,3.6,4.5,Football-Data.co.uk,2011-12-17,2011/12|2011-12-17|Newcastle|Swansea
2011/12,17/12/11,Wigan,Chelsea,1,1,D,0,0,D,15,10,7,5,7,5,8,6,0,0,0,0,9.0,4.75,1.36,Football-Data.co.uk,2011-12-17,2011/12|2011-12-17|Wigan|Chelsea
2011/12,17/12/11,Wolves,Stoke,1,2,A,1,0,H,10,8,5,4,7,5,8,11,2,4,0,0,2.5,3.25,2.88,Football-Data.co.uk,2011-12-17,2011/12|2011-12-17|Wolves|Stoke
2011/12,18/12/11,Aston Villa,Liverpool,0,2,A,0,2,A,16,19,8,12,4,10,5,14,1,2,0,0,4.2,3.4,1.91,Football-Data.co.uk,2011-12-18,2011/12|2011-12-18|Aston Villa|Liverpool
2011/12,18/12/11,Man City,Arsenal,1,0,H,0,0,D,15,12,9,8,4,6,13,10,2,3,0,0,1.73,3.75,4.5,Football-Data.co.uk,2011-12-18,2011/12|2011-12-18|Man City|Arsenal
2011/12,18/12/11,QPR,Man United,0,2,A,0,1,A,11,19,3,12,5,10,5,7,1,2,0,0,7.5,4.33,1.44,Football-Data.co.uk,2011-12-18,2011/12|2011-12-18|QPR|Man United
2011/12,18/12/11,Tottenham,Sunderland,1,0,H,0,0,D,16,8,12,4,6,0,6,8,1,2,0,0,1.36,4.75,9.0,Football-Data.co.uk,2011-12-18,2011/12|2011-12-18|Tottenham|Sunderland
2011/12,20/12/11,Blackburn,Bolton,1,2,A,0,2,A,17,8,7,5,5,9,10,7,3,0,0,0,2.1,3.4,3.5,Football-Data.co.uk,2011-12-20,2011/12|2011-12-20|Blackburn|Bolton
2011/12,20/12/11,Wolves,Norwich,2,2,D,1,1,D,18,18,9,14,4,6,5,11,2,2,0,0,2.0,3.5,3.75,Football-Data.co.uk,2011-12-20,2011/12|2011-12-20|Wolves|Norwich
2011/12,21/12/11,Aston Villa,Arsenal,1,2,A,0,1,A,10,8,4,6,7,15,10,8,2,3,1,0,5.0,3.6,1.73,Football-Data.co.uk,2011-12-21,2011/12|2011-12-21|Aston Villa|Arsenal
2011/12,21/12/11,Everton,Swansea,1,0,H,0,0,D,13,4,6,4,9,2,8,13,1,2,0,0,1.57,3.75,6.5,Football-Data.co.uk,2011-12-21,2011/12|2011-12-21|Everton|Swansea
2011/12,21/12/11,Fulham,Man United,0,5,A,0,3,A,13,14,8,12,3,10,7,8,1,0,0,0,5.0,3.6,1.73,Football-Data.co.uk,2011-12-21,2011/12|2011-12-21|Fulham|Man United
2011/12,21/12/11,Man City,Stoke,3,0,H,2,0,H,20,2,16,0,5,2,7,5,2,1,0,0,1.22,6.0,15.0,Football-Data.co.uk,2011-12-21,2011/12|2011-12-21|Man City|Stoke
2011/12,21/12/11,Newcastle,West Brom,2,3,A,1,2,A,21,14,11,8,10,1,9,10,1,0,0,0,2.0,3.5,3.75,Football-Data.co.uk,2011-12-21,2011/12|2011-12-21|Newcastle|West Brom
2011/12,21/12/11,QPR,Sunderland,2,3,A,0,1,A,17,17,9,13,8,11,10,11,2,2,0,0,2.5,3.3,2.88,Football-Data.co.uk,2011-12-21,2011/12|2011-12-21|QPR|Sunderland
2011/12,21/12/11,Wigan,Liverpool,0,0,D,0,0,D,15,18,10,10,7,14,16,12,1,2,0,0,7.0,4.0,1.5,Football-Data.co.uk,2011-12-21,2011/12|2011-12-21|Wigan|Liverpool
2011/12,22/12/11,Tottenham,Chelsea,1,1,D,1,1,D,16,20,10,10,7,4,14,8,2,2,0,0,2.6,3.4,2.7,Football-Data.co.uk,2011-12-22,2011/12|2011-12-22|Tottenham|Chelsea
2011/12,26/12/11,Bolton,Newcastle,0,2,A,0,0,D,4,12,3,7,4,4,9,11,1,1,0,0,2.5,3.4,2.8,Football-Data.co.uk,2011-12-26,2011/12|2011-12-26|Bolton|Newcastle
2011/12,26/12/11,Chelsea,Fulham,1,1,D,0,0,D,24,9,15,6,9,3,10,12,1,1,0,0,1.3,5.0,12.0,Football-Data.co.uk,2011-12-26,2011/12|2011-12-26|Chelsea|Fulham
2011/12,26/12/11,Liverpool,Blackburn,1,1,D,0,1,A,28,5,13,2,9,2,5,15,1,0,0,0,1.25,5.5,13.0,Football-Data.co.uk,2011-12-26,2011/12|2011-12-26|Liverpool|Blackburn
2011/12,26/12/11,Man United,Wigan,5,0,H,2,0,H,17,9,9,5,10,2,12,10,2,1,0,1,1.14,7.5,21.0,Football-Data.co.uk,2011-12-26,2011/12|2011-12-26|Man United|Wigan
2011/12,26/12/11,Stoke,Aston Villa,0,0,D,0,0,D,7,10,2,4,7,7,13,10,3,0,0,0,1.91,3.4,4.2,Football-Data.co.uk,2011-12-26,2011/12|2011-12-26|Stoke|Aston Villa
2011/12,26/12/11,Sunderland,Everton,1,1,D,1,0,H,12,9,8,3,5,6,6,14,0,1,0,0,2.4,3.25,3.0,Football-Data.co.uk,2011-12-26,2011/12|2011-12-26|Sunderland|Everton
2011/12,26/12/11,West Brom,Man City,0,0,D,0,0,D,7,18,3,9,5,9,8,8,0,1,0,0,7.0,4.5,1.44,Football-Data.co.uk,2011-12-26,2011/12|2011-12-26|West Brom|Man City
2011/12,27/12/11,Arsenal,Wolves,1,1,D,1,1,D,23,6,17,4,13,3,3,12,2,3,0,1,1.22,6.0,15.0,Football-Data.co.uk,2011-12-27,2011/12|2011-12-27|Arsenal|Wolves
2011/12,27/12/11,Norwich,Tottenham,0,2,A,0,0,D,8,19,4,8,3,10,7,6,1,1,0,0,4.5,3.6,1.8,Football-Data.co.uk,2011-12-27,2011/12|2011-12-27|Norwich|Tottenham
2011/12,27/12/11,Swansea,QPR,1,1,D,1,0,H,7,12,4,7,5,11,9,12,1,3,0,0,2.0,3.4,3.8,Football-Data.co.uk,2011-12-27,2011/12|2011-12-27|Swansea|QPR
2011/12,30/12/11,Liverpool,Newcastle,3,1,H,1,1,D,15,5,7,2,7,0,7,11,0,2,0,0,1.53,4.0,6.5,Football-Data.co.uk,2011-12-30,2011/12|2011-12-30|Liverpool|Newcastle
2011/12,31/12/11,Arsenal,QPR,1,0,H,0,0,D,16,6,7,3,12,4,11,13,2,2,0,0,1.25,5.5,13.0,Football-Data.co.uk,2011-12-31,2011/12|2011-12-31|Arsenal|QPR
2011/12,31/12/11,Bolton,Wolves,1,1,D,1,0,H,13,8,9,5,3,6,11,8,0,0,0,0,2.2,3.25,3.4,Football-Data.co.uk,2011-12-31,2011/12|2011-12-31|Bolton|Wolves
2011/12,31/12/11,Chelsea,Aston Villa,1,3,A,1,1,D,16,12,5,9,9,2,7,13,1,1,0,0,1.29,5.0,13.0,Football-Data.co.uk,2011-12-31,2011/12|2011-12-31|Chelsea|Aston Villa
2011/12,31/12/11,Man United,Blackburn,2,3,A,0,1,A,26,10,13,5,17,3,8,10,2,2,0,0,1.13,8.0,26.0,Football-Data.co.uk,2011-12-31,2011/12|2011-12-31|Man United|Blackburn
2011/12,31/12/11,Norwich,Fulham,1,1,D,0,1,A,18,11,9,6,4,3,9,6,0,0,0,0,2.6,3.25,2.75,Football-Data.co.uk,2011-12-31,2011/12|2011-12-31|Norwich|Fulham
2011/12,31/12/11,Stoke,Wigan,2,2,D,0,1,A,12,10,3,6,8,5,14,5,2,3,0,1,1.67,3.6,5.5,Football-Data.co.uk,2011-12-31,2011/12|2011-12-31|Stoke|Wigan
2011/12,31/12/11,Swansea,Tottenham,1,1,D,0,1,A,14,12,8,7,10,5,8,4,1,2,0,0,5.5,3.6,1.67,Football-Data.co.uk,2011-12-31,2011/12|2011-12-31|Swansea|Tottenham
2011/12,01/01/12,Sunderland,Man City,1,0,H,0,0,D,8,25,5,11,1,10,7,6,1,1,0,0,6.5,4.0,1.53,Football-Data.co.uk,2012-01-01,2011/12|2012-01-01|Sunderland|Man City
2011/12,01/01/12,West Brom,Everton,0,1,A,0,0,D,10,13,2,8,2,7,10,8,0,2,0,0,2.6,3.25,2.75,Football-Data.co.uk,2012-01-01,2011/12|2012-01-01|West Brom|Everton
2011/12,02/01/12,Aston Villa,Swansea,0,2,A,0,1,A,10,8,2,4,14,0,11,6,2,4,0,0,1.83,3.4,4.75,Football-Data.co.uk,2012-01-02,2011/12|2012-01-02|Aston Villa|Swansea
2011/12,02/01/12,Blackburn,Stoke,1,2,A,0,2,A,14,8,7,3,8,3,8,7,2,1,0,0,2.5,3.25,2.88,Football-Data.co.uk,2012-01-02,2011/12|2012-01-02|Blackburn|Stoke
2011/12,02/01/12,Fulham,Arsenal,2,1,H,0,1,A,21,17,8,10,4,3,6,12,0,1,0,1,4.0,3.5,1.91,Football-Data.co.uk,2012-01-02,2011/12|2012-01-02|Fulham|Arsenal
2011/12,02/01/12,QPR,Norwich,1,2,A,1,1,D,9,13,6,6,2,5,12,12,2,1,1,0,2.1,3.4,3.5,Football-Data.co.uk,2012-01-02,2011/12|2012-01-02|QPR|Norwich
2011/12,02/01/12,Wolves,Chelsea,1,2,A,0,0,D,9,15,5,10,0,5,9,10,3,2,0,0,6.0,4.0,1.57,Football-Data.co.uk,2012-01-02,2011/12|2012-01-02|Wolves|Chelsea
2011/12,03/01/12,Man City,Liverpool,3,0,H,2,0,H,10,18,8,10,5,6,13,7,1,2,1,0,1.91,3.4,4.2,Football-Data.co.uk,2012-01-03,2011/12|2012-01-03|Man City|Liverpool
2011/12,03/01/12,Tottenham,West Brom,1,0,H,0,0,D,20,8,14,2,14,7,3,14,0,5,0,0,1.33,5.0,10.0,Football-Data.co.uk,2012-01-03,2011/12|2012-01-03|Tottenham|West Brom
2011/12,03/01/12,Wigan,Sunderland,1,4,A,0,1,A,20,10,10,9,9,6,9,6,1,0,0,0,2.63,3.25,2.75,Football-Data.co.uk,2012-01-03,2011/12|2012-01-03|Wigan|Sunderland
2011/12,04/01/12,Everton,Bolton,1,2,A,0,0,D,10,12,4,7,5,10,7,11,1,3,0,0,1.5,4.0,7.0,Football-Data.co.uk,2012-01-04,2011/12|2012-01-04|Everton|Bolton
2011/12,04/01/12,Newcastle,Man United,3,0,H,1,0,H,10,6,6,6,4,4,16,15,1,2,0,0,5.0,3.6,1.73,Football-Data.co.uk,2012-01-04,2011/12|2012-01-04|Newcastle|Man United
2011/12,11/01/12,Tottenham,Everton,2,0,H,1,0,H,14,11,7,4,6,4,5,15,1,3,0,0,1.53,3.8,7.0,Football-Data.co.uk,2012-01-11,2011/12|2012-01-11|Tottenham|Everton
2011/12,14/01/12,Aston Villa,Everton,1,1,D,0,0,D,17,7,11,4,9,3,12,11,1,1,0,0,2.4,3.25,3.0,Football-Data.co.uk,2012-01-14,2011/12|2012-01-14|Aston Villa|Everton
2011/12,14/01/12,Blackburn,Fulham,3,1,H,1,0,H,15,17,11,7,0,9,14,11,1,1,1,0,3.0,3.3,2.38,Football-Data.co.uk,2012-01-14,2011/12|2012-01-14|Blackburn|Fulham
2011/12,14/01/12,Chelsea,Sunderland,1,0,H,1,0,H,21,9,10,4,8,2,9,9,3,1,0,0,1.4,4.5,8.5,Football-Data.co.uk,2012-01-14,2011/12|2012-01-14|Chelsea|Sunderland
2011/12,14/01/12,Liverpool,Stoke,0,0,D,0,0,D,13,3,5,1,11,1,6,11,0,3,0,0,1.4,4.33,9.0,Football-Data.co.uk,2012-01-14,2011/12|2012-01-14|Liverpool|Stoke
2011/12,14/01/12,Man United,Bolton,3,0,H,1,0,H,19,11,9,5,11,3,7,7,0,1,0,0,1.14,8.0,17.0,Football-Data.co.uk,2012-01-14,2011/12|2012-01-14|Man United|Bolton
2011/12,14/01/12,Tottenham,Wolves,1,1,D,0,1,A,22,5,10,3,8,1,6,12,1,3,0,0,1.25,5.5,13.0,Football-Data.co.uk,2012-01-14,2011/12|2012-01-14|Tottenham|Wolves
2011/12,14/01/12,West Brom,Norwich,1,2,A,0,1,A,16,7,8,4,10,5,6,14,0,1,0,0,2.0,3.4,3.8,Football-Data.co.uk,2012-01-14,2011/12|2012-01-14|West Brom|Norwich
2011/12,15/01/12,Newcastle,QPR,1,0,H,1,0,H,9,15,4,9,3,2,5,9,0,4,0,0,1.73,3.6,5.0,Football-Data.co.uk,2012-01-15,2011/12|2012-01-15|Newcastle|QPR
2011/12,15/01/12,Swansea,Arsenal,3,2,H,1,1,D,9,14,5,9,9,2,9,9,0,0,0,0,4.75,3.5,1.8,Football-Data.co.uk,2012-01-15,2011/12|2012-01-15|Swansea|Arsenal
2011/12,16/01/12,Wigan,Man City,0,1,A,0,1,A,7,12,4,8,4,5,16,15,3,3,0,0,9.0,4.33,1.4,Football-Data.co.uk,2012-01-16,2011/12|2012-01-16|Wigan|Man City
2011/12,21/01/12,Bolton,Liverpool,3,1,H,2,1,H,15,11,8,8,5,5,10,13,0,2,0,0,6.0,3.75,1.62,Football-Data.co.uk,2012-01-21,2011/12|2012-01-21|Bolton|Liverpool
2011/12,21/01/12,Everton,Blackburn,1,1,D,1,0,H,15,14,8,8,5,8,15,13,2,2,0,0,1.53,4.0,6.5,Football-Data.co.uk,2012-01-21,2011/12|2012-01-21|Everton|Blackburn
2011/12,21/01/12,Fulham,Newcastle,5,2,H,0,1,A,10,15,7,9,2,6,8,12,0,4,0,0,2.0,3.4,3.8,Football-Data.co.uk,2012-01-21,2011/12|2012-01-21|Fulham|Newcastle
2011/12,21/01/12,Norwich,Chelsea,0,0,D,0,0,D,5,19,3,9,1,11,5,4,0,0,0,0,5.5,4.0,1.62,Football-Data.co.uk,2012-01-21,2011/12|2012-01-21|Norwich|Chelsea
2011/12,21/01/12,QPR,Wigan,3,1,H,2,0,H,16,9,8,4,7,1,10,15,2,2,0,0,2.0,3.4,3.8,Football-Data.co.uk,2012-01-21,2011/12|2012-01-21|QPR|Wigan
2011/12,21/01/12,Stoke,West Brom,1,2,A,0,1,A,10,15,3,6,5,1,10,10,0,0,0,0,1.91,3.4,4.2,Football-Data.co.uk,2012-01-21,2011/12|2012-01-21|Stoke|West Brom
2011/12,21/01/12,Sunderland,Swansea,2,0,H,1,0,H,7,11,2,4,2,4,9,6,0,0,0,0,1.91,3.4,4.2,Football-Data.co.uk,2012-01-21,2011/12|2012-01-21|Sunderland|Swansea
2011/12,21/01/12,Wolves,Aston Villa,2,3,A,2,1,H,13,11,9,5,12,3,11,8,1,0,1,0,2.5,3.25,2.88,Football-Data.co.uk,2012-01-21,2011/12|2012-01-21|Wolves|Aston Villa
2011/12,22/01/12,Arsenal,Man United,1,2,A,0,1,A,12,9,6,5,0,5,15,6,5,2,0,0,2.8,3.4,2.5,Football-Data.co.uk,2012-01-22,2011/12|2012-01-22|Arsenal|Man United
2011/12,22/01/12,Man City,Tottenham,3,2,H,0,0,D,13,12,7,7,9,4,7,10,2,1,0,0,1.91,3.6,4.0,Football-Data.co.uk,2012-01-22,2011/12|2012-01-22|Man City|Tottenham
2011/12,31/01/12,Everton,Man City,1,0,H,0,0,D,9,17,4,11,3,9,12,9,1,2,0,0,4.33,3.5,1.85,Football-Data.co.uk,2012-01-31,2011/12|2012-01-31|Everton|Man City
2011/12,31/01/12,Man United,Stoke,2,0,H,1,0,H,11,8,7,3,9,2,9,14,1,3,0,0,1.33,5.0,10.0,Football-Data.co.uk,2012-01-31,2011/12|2012-01-31|Man United|Stoke
2011/12,31/01/12,Swansea,Chelsea,1,1,D,1,0,H,7,20,5,10,1,11,10,19,2,3,0,1,4.0,3.25,2.0,Football-Data.co.uk,2012-01-31,2011/12|2012-01-31|Swansea|Chelsea
2011/12,31/01/12,Tottenham,Wigan,3,1,H,2,0,H,20,10,13,6,5,0,7,7,0,1,0,0,1.22,6.0,15.0,Football-Data.co.uk,2012-01-31,2011/12|2012-01-31|Tottenham|Wigan
2011/12,31/01/12,Wolves,Liverpool,0,3,A,0,0,D,5,23,1,14,5,4,6,8,1,3,0,0,5.0,3.8,1.7,Football-Data.co.uk,2012-01-31,2011/12|2012-01-31|Wolves|Liverpool
2011/12,01/02/12,Aston Villa,QPR,2,2,D,1,2,A,23,3,15,3,9,3,3,12,0,1,0,0,1.8,3.5,4.75,Football-Data.co.uk,2012-02-01,2011/12|2012-02-01|Aston Villa|QPR
2011/12,01/02/12,Blackburn,Newcastle,0,2,A,0,1,A,23,9,12,5,14,2,9,17,1,2,0,0,2.63,3.3,2.7,Football-Data.co.uk,2012-02-01,2011/12|2012-02-01|Blackburn|Newcastle
2011/12,01/02/12,Bolton,Arsenal,0,0,D,0,0,D,14,16,8,7,6,6,8,10,1,1,0,0,5.0,3.75,1.7,Football-Data.co.uk,2012-02-01,2011/12|2012-02-01|Bolton|Arsenal
2011/12,01/02/12,Fulham,West Brom,1,1,D,0,0,D,13,15,6,11,8,7,6,7,1,0,0,0,1.83,3.5,4.5,Football-Data.co.uk,2012-02-01,2011/12|2012-02-01|Fulham|West Brom
2011/12,01/02/12,Sunderland,Norwich,3,0,H,2,0,H,10,12,6,4,3,6,6,14,1,1,0,0,1.91,3.5,4.2,Football-Data.co.uk,2012-02-01,2011/12|2012-02-01|Sunderland|Norwich
2011/12,04/02/12,Arsenal,Blackburn,7,1,H,3,1,H,20,3,11,3,11,1,9,14,2,3,0,1,1.29,5.5,11.0,Football-Data.co.uk,2012-02-04,2011/12|2012-02-04|Arsenal|Blackburn
2011/12,04/02/12,Man City,Fulham,3,0,H,2,0,H,16,11,10,8,4,6,8,7,1,3,0,0,1.3,5.5,10.0,Football-Data.co.uk,2012-02-04,2011/12|2012-02-04|Man City|Fulham
2011/12,04/02/12,Norwich,Bolton,2,0,H,0,0,D,22,10,9,6,4,7,6,6,0,0,0,0,2.0,3.5,3.75,Football-Data.co.uk,2012-02-04,2011/12|2012-02-04|Norwich|Bolton
2011/12,04/02/12,QPR,Wolves,1,2,A,1,0,H,13,14,8,6,7,3,7,14,0,3,1,0,1.91,3.6,4.0,Football-Data.co.uk,2012-02-04,2011/12|2012-02-04|QPR|Wolves
2011/12,04/02/12,Stoke,Sunderland,0,1,A,0,0,D,9,4,6,2,5,5,12,6,0,1,1,0,2.25,3.25,3.3,Football-Data.co.uk,2012-02-04,2011/12|2012-02-04|Stoke|Sunderland
2011/12,04/02/12,West Brom,Swansea,1,2,A,0,0,D,18,15,11,8,8,7,11,6,2,1,0,0,2.1,3.3,3.6,Football-Data.co.uk,2012-02-04,2011/12|2012-02-04|West Brom|Swansea
2011/12,04/02/12,Wigan,Everton,1,1,D,0,0,D,2,8,1,4,4,3,12,8,2,0,0,0,3.5,3.4,2.1,Football-Data.co.uk,2012-02-04,2011/12|2012-02-04|Wigan|Everton
2011/12,05/02/12,Chelsea,Man United,3,3,D,1,0,H,19,14,10,10,6,6,14,13,2,1,0,0,2.5,3.3,2.88,Football-Data.co.uk,2012-02-05,2011/12|2012-02-05|Chelsea|Man United
2011/12,05/02/12,Newcastle,Aston Villa,2,1,H,1,1,D,16,13,8,8,4,4,6,11,1,2,0,0,2.0,3.4,3.8,Football-Data.co.uk,2012-02-05,2011/12|2012-02-05|Newcastle|Aston Villa
2011/12,06/02/12,Liverpool,Tottenham,0,0,D,0,0,D,15,9,10,6,7,4,6,11,2,2,0,0,2.0,3.4,3.8,Football-Data.co.uk,2012-02-06,2011/12|2012-02-06|Liverpool|Tottenham
2011/12,11/02/12,Blackburn,QPR,3,2,H,3,0,H,7,25,5,13,5,6,11,10,1,1,0,0,2.38,3.3,3.0,Football-Data.co.uk,2012-02-11,2011/12|2012-02-11|Blackburn|QPR
2011/12,11/02/12,Bolton,Wigan,1,2,A,0,1,A,13,10,8,6,7,7,19,10,3,2,0,0,2.0,3.5,3.75,Football-Data.co.uk,2012-02-11,2011/12|2012-02-11|Bolton|Wigan
2011/12,11/02/12,Everton,Chelsea,2,0,H,1,0,H,10,8,7,7,2,4,13,12,0,3,0,0,3.25,3.3,2.25,Football-Data.co.uk,2012-02-11,2011/12|2012-02-11|Everton|Chelsea
2011/12,11/02/12,Fulham,Stoke,2,1,H,2,0,H,11,12,4,4,5,4,12,6,1,2,0,0,1.91,3.5,4.0,Football-Data.co.uk,2012-02-11,2011/12|2012-02-11|Fulham|Stoke
2011/12,11/02/12,Man United,Liverpool,2,1,H,0,0,D,11,9,6,6,4,3,10,11,1,1,0,0,1.85,3.6,4.33,Football-Data.co.uk,2012-02-11,2011/12|2012-02-11|Man United|Liverpool
2011/12,11/02/12,Sunderland,Arsenal,1,2,A,0,0,D,8,10,5,8,7,3,7,7,2,1,0,0,3.5,3.4,2.1,Football-Data.co.uk,2012-02-11,2011/12|2012-02-11|Sunderland|Arsenal
2011/12,11/02/12,Swansea,Norwich,2,3,A,1,0,H,16,18,9,11,6,8,6,12,0,2,0,0,1.83,3.5,4.5,Football-Data.co.uk,2012-02-11,2011/12|2012-02-11|Swansea|Norwich
2011/12,11/02/12,Tottenham,Newcastle,5,0,H,4,0,H,18,7,9,3,4,3,7,9,2,1,0,0,1.44,4.33,7.5,Football-Data.co.uk,2012-02-11,2011/12|2012-02-11|Tottenham|Newcastle
2011/12,12/02/12,Aston Villa,Man City,0,1,A,0,0,D,9,17,5,10,5,8,15,5,3,0,0,0,5.5,3.6,1.67,Football-Data.co.uk,2012-02-12,2011/12|2012-02-12|Aston Villa|Man City
2011/12,12/02/12,Wolves,West Brom,1,5,A,1,1,D,10,26,8,16,12,8,6,11,1,0,0,0,2.5,3.25,2.88,Football-Data.co.uk,2012-02-12,2011/12|2012-02-12|Wolves|West Brom
2011/12,25/02/12,Chelsea,Bolton,3,0,H,0,0,D,25,8,16,1,14,7,7,13,0,1,0,0,1.29,5.5,11.0,Football-Data.co.uk,2012-02-25,2011/12|2012-02-25|Chelsea|Bolton
2011/12,25/02/12,Man City,Blackburn,3,0,H,1,0,H,20,2,13,2,10,3,6,10,0,2,0,0,1.17,7.0,17.0,Football-Data.co.uk,2012-02-25,2011/12|2012-02-25|Man City|Blackburn
2011/12,25/02/12,Newcastle,Wolves,2,2,D,2,0,H,13,7,8,6,3,3,8,8,1,1,0,0,1.57,4.0,6.0,Football-Data.co.uk,2012-02-25,2011/12|2012-02-25|Newcastle|Wolves
2011/12,25/02/12,QPR,Fulham,0,1,A,0,1,A,17,7,8,3,6,5,17,12,1,4,1,0,2.63,3.25,2.75,Football-Data.co.uk,2012-02-25,2011/12|2012-02-25|QPR|Fulham
2011/12,25/02/12,West Brom,Sunderland,4,0,H,2,0,H,18,10,13,4,7,0,6,8,1,1,0,0,2.4,3.25,3.0,Football-Data.co.uk,2012-02-25,2011/12|2012-02-25|West Brom|Sunderland
2011/12,25/02/12,Wigan,Aston Villa,0,0,D,0,0,D,14,10,6,3,14,7,8,8,0,4,0,0,2.75,3.25,2.63,Football-Data.co.uk,2012-02-25,2011/12|2012-02-25|Wigan|Aston Villa
2011/12,26/02/12,Arsenal,Tottenham,5,2,H,2,2,D,21,8,13,4,7,5,15,12,3,3,0,1,2.5,3.4,2.75,Football-Data.co.uk,2012-02-26,2011/12|2012-02-26|Arsenal|Tottenham
2011/12,26/02/12,Norwich,Man United,1,2,A,0,1,A,16,11,7,9,4,4,9,10,1,2,0,0,6.5,4.0,1.53,Football-Data.co.uk,2012-02-26,2011/12|2012-02-26|Norwich|Man United
2011/12,26/02/12,Stoke,Swansea,2,0,H,2,0,H,9,11,6,6,8,4,13,7,1,0,0,0,2.1,3.4,3.5,Football-Data.co.uk,2012-02-26,2011/12|2012-02-26|Stoke|Swansea
2011/12,03/03/12,Blackburn,Aston Villa,1,1,D,0,1,A,15,17,9,12,4,8,9,5,1,0,0,0,2.38,3.4,3.0,Football-Data.co.uk,2012-03-03,2011/12|2012-03-03|Blackburn|Aston Villa
2011/12,03/03/12,Liverpool,Arsenal,1,2,A,1,1,D,12,10,4,7,12,0,11,9,0,1,0,0,2.0,3.5,3.75,Football-Data.co.uk,2012-03-03,2011/12|2012-03-03|Liverpool|Arsenal
2011/12,03/03/12,Man City,Bolton,2,0,H,1,0,H,23,8,10,5,7,4,13,8,0,0,0,0,1.13,8.5,21.0,Football-Data.co.uk,2012-03-03,2011/12|2012-03-03|Man City|Bolton
2011/12,03/03/12,QPR,Everton,1,1,D,1,1,D,22,8,10,5,7,7,16,15,1,2,0,0,3.1,3.25,2.38,Football-Data.co.uk,2012-03-03,2011/12|2012-03-03|QPR|Everton
2011/12,03/03/12,Stoke,Norwich,1,0,H,0,0,D,11,7,7,5,8,2,10,16,0,2,0,0,1.83,3.5,4.5,Football-Data.co.uk,2012-03-03,2011/12|2012-03-03|Stoke|Norwich
2011/12,03/03/12,West Brom,Chelsea,1,0,H,0,0,D,19,13,11,6,14,5,9,10,3,1,0,0,4.2,3.4,1.91,Football-Data.co.uk,2012-03-03,2011/12|2012-03-03|West Brom|Chelsea
2011/12,03/03/12,Wigan,Swansea,0,2,A,0,1,A,14,12,8,8,8,4,15,7,2,2,0,1,2.5,3.25,2.88,Football-Data.co.uk,2012-03-03,2011/12|2012-03-03|Wigan|Swansea
2011/12,04/03/12,Fulham,Wolves,5,0,H,2,0,H,25,8,19,3,7,7,7,9,1,2,0,0,1.57,3.75,6.5,Football-Data.co.uk,2012-03-04,2011/12|2012-03-04|Fulham|Wolves
2011/12,04/03/12,Newcastle,Sunderland,1,1,D,0,1,A,24,7,12,6,19,4,14,14,5,3,0,1,2.1,3.4,3.5,Football-Data.co.uk,2012-03-04,2011/12|2012-03-04|Newcastle|Sunderland
2011/12,04/03/12,Tottenham,Man United,1,3,A,0,1,A,18,6,9,5,7,3,8,10,1,2,0,0,2.88,3.4,2.4,Football-Data.co.uk,2012-03-04,2011/12|2012-03-04|Tottenham|Man United
2011/12,10/03/12,Aston Villa,Fulham,1,0,H,0,0,D,19,5,8,1,10,4,9,11,2,0,0,0,2.5,3.25,2.88,Football-Data.co.uk,2012-03-10,2011/12|2012-03-10|Aston Villa|Fulham
2011/12,10/03/12,Bolton,QPR,2,1,H,1,0,H,11,17,7,11,10,6,13,13,2,2,0,0,2.5,3.25,2.88,Football-Data.co.uk,2012-03-10,2011/12|2012-03-10|Bolton|QPR
2011/12,10/03/12,Chelsea,Stoke,1,0,H,0,0,D,21,8,11,3,14,1,12,15,1,2,0,1,1.4,4.5,8.5,Football-Data.co.uk,2012-03-10,2011/12|2012-03-10|Chelsea|Stoke
2011/12,10/03/12,Everton,Tottenham,1,0,H,1,0,H,9,21,5,9,0,8,13,11,2,2,0,0,2.88,3.25,2.5,Football-Data.co.uk,2012-03-10,2011/12|2012-03-10|Everton|Tottenham
2011/12,10/03/12,Sunderland,Liverpool,1,0,H,0,0,D,6,9,1,5,3,2,13,15,1,1,0,0,3.8,3.4,2.0,Football-Data.co.uk,2012-03-10,2011/12|2012-03-10|Sunderland|Liverpool
2011/12,10/03/12,Wolves,Blackburn,0,2,A,0,1,A,14,12,7,8,3,4,10,10,1,2,0,0,2.38,3.3,3.0,Football-Data.co.uk,2012-03-10,2011/12|2012-03-10|Wolves|Blackburn
2011/12,11/03/12,Man United,West Brom,2,0,H,1,0,H,20,6,9,3,8,5,5,13,0,1,0,1,1.29,5.5,11.0,Football-Data.co.uk,2012-03-11,2011/12|2012-03-11|Man United|West Brom
2011/12,11/03/12,Norwich,Wigan,1,1,D,1,0,H,13,18,6,9,3,5,12,7,4,4,0,0,1.83,3.6,4.33,Football-Data.co.uk,2012-03-11,2011/12|2012-03-11|Norwich|Wigan
2011/12,11/03/12,Swansea,Man City,1,0,H,0,0,D,8,18,5,13,7,9,9,14,0,2,0,0,6.0,3.75,1.62,Football-Data.co.uk,2012-03-11,2011/12|2012-03-11|Swansea|Man City
2011/12,12/03/12,Arsenal,Newcastle,2,1,H,1,1,D,21,5,13,3,6,3,11,12,2,3,0,0,1.44,4.33,7.5,Football-Data.co.uk,2012-03-12,2011/12|2012-03-12|Arsenal|Newcastle
2011/12,13/03/12,Liverpool,Everton,3,0,H,1,0,H,15,5,10,3,4,4,6,7,1,4,0,0,1.73,3.4,5.5,Football-Data.co.uk,2012-03-13,2011/12|2012-03-13|Liverpool|Everton
2011/12,17/03/12,Fulham,Swansea,0,3,A,0,1,A,14,10,7,7,6,2,8,7,0,0,0,0,1.83,3.5,4.5,Football-Data.co.uk,2012-03-17,2011/12|2012-03-17|Fulham|Swansea
2011/12,17/03/12,Wigan,West Brom,1,1,D,0,0,D,20,8,6,2,13,5,8,10,2,4,0,0,2.75,3.3,2.6,Football-Data.co.uk,2012-03-17,2011/12|2012-03-17|Wigan|West Brom
2011/12,18/03/12,Newcastle,Norwich,1,0,H,1,0,H,15,12,10,5,4,5,8,15,0,3,0,0,1.8,3.6,4.5,Football-Data.co.uk,2012-03-18,2011/12|2012-03-18|Newcastle|Norwich
2011/12,18/03/12,Wolves,Man United,0,5,A,0,3,A,7,22,3,18,4,7,6,11,1,1,1,0,9.0,5.0,1.33,Football-Data.co.uk,2012-03-18,2011/12|2012-03-18|Wolves|Man United
2011/12,20/03/12,Blackburn,Sunderland,2,0,H,0,0,D,16,2,9,0,7,8,13,10,0,1,0,0,2.4,3.4,2.88,Football-Data.co.uk,2012-03-20,2011/12|2012-03-20|Blackburn|Sunderland
2011/12,21/03/12,Everton,Arsenal,0,1,A,0,1,A,7,12,2,8,4,6,11,11,2,1,0,0,3.0,3.4,2.3,Football-Data.co.uk,2012-03-21,2011/12|2012-03-21|Everton|Arsenal
2011/12,21/03/12,Man City,Chelsea,2,1,H,0,0,D,20,6,10,5,11,4,8,7,1,2,0,0,1.91,3.6,4.0,Football-Data.co.uk,2012-03-21,2011/12|2012-03-21|Man City|Chelsea
2011/12,21/03/12,QPR,Liverpool,3,2,H,0,0,D,10,18,5,11,7,17,8,6,0,0,0,0,5.0,3.6,1.73,Football-Data.co.uk,2012-03-21,2011/12|2012-03-21|QPR|Liverpool
2011/12,21/03/12,Tottenham,Stoke,1,1,D,0,0,D,24,8,18,2,13,1,10,10,1,1,0,0,1.4,4.5,8.5,Football-Data.co.uk,2012-03-21,2011/12|2012-03-21|Tottenham|Stoke
2011/12,24/03/12,Arsenal,Aston Villa,3,0,H,2,0,H,20,3,12,2,15,5,6,13,0,5,0,0,1.33,5.0,10.0,Football-Data.co.uk,2012-03-24,2011/12|2012-03-24|Arsenal|Aston Villa
2011/12,24/03/12,Bolton,Blackburn,2,1,H,2,0,H,12,10,6,4,11,4,8,3,0,2,0,0,2.4,3.4,2.9,Football-Data.co.uk,2012-03-24,2011/12|2012-03-24|Bolton|Blackburn
2011/12,24/03/12,Chelsea,Tottenham,0,0,D,0,0,D,10,19,5,7,6,5,9,11,1,2,0,0,1.83,3.6,4.33,Football-Data.co.uk,2012-03-24,2011/12|2012-03-24|Chelsea|Tottenham
2011/12,24/03/12,Liverpool,Wigan,1,2,A,0,1,A,12,6,9,5,6,0,14,10,1,2,0,0,1.29,5.5,11.0,Football-Data.co.uk,2012-03-24,2011/12|2012-03-24|Liverpool|Wigan
2011/12,24/03/12,Norwich,Wolves,2,1,H,2,1,H,15,10,11,6,5,5,13,7,2,2,1,0,1.73,3.75,4.75,Football-Data.co.uk,2012-03-24,2011/12|2012-03-24|Norwich|Wolves
2011/12,24/03/12,Stoke,Man City,1,1,D,0,0,D,10,16,3,11,5,7,15,12,1,2,0,0,6.0,3.75,1.62,Football-Data.co.uk,2012-03-24,2011/12|2012-03-24|Stoke|Man City
2011/12,24/03/12,Sunderland,QPR,3,1,H,1,0,H,15,10,8,6,5,2,11,9,2,3,0,1,2.0,3.4,3.8,Football-Data.co.uk,2012-03-24,2011/12|2012-03-24|Sunderland|QPR
2011/12,24/03/12,Swansea,Everton,0,2,A,0,0,D,10,15,3,8,3,3,10,10,1,2,0,0,2.2,3.25,3.4,Football-Data.co.uk,2012-03-24,2011/12|2012-03-24|Swansea|Everton
2011/12,25/03/12,West Brom,Newcastle,1,3,A,0,3,A,14,10,6,7,10,4,10,4,0,1,0,0,2.3,3.4,3.1,Football-Data.co.uk,2012-03-25,2011/12|2012-03-25|West Brom|Newcastle
2011/12,26/03/12,Man United,Fulham,1,0,H,1,0,H,19,5,16,4,7,1,17,6,1,0,0,0,1.22,6.0,15.0,Football-Data.co.uk,2012-03-26,2011/12|2012-03-26|Man United|Fulham
2011/12,31/03/12,Aston Villa,Chelsea,2,4,A,0,1,A,9,12,5,9,6,4,13,5,1,0,0,0,4.5,3.5,1.83,Football-Data.co.uk,2012-03-31,2011/12|2012-03-31|Aston Villa|Chelsea
2011/12,31/03/12,Everton,West Brom,2,0,H,1,0,H,16,9,9,5,5,2,8,12,2,1,0,0,1.83,3.5,4.5,Football-Data.co.uk,2012-03-31,2011/12|2012-03-31|Everton|West Brom
2011/12,31/03/12,Fulham,Norwich,2,1,H,2,0,H,14,16,9,8,6,7,11,9,1,2,0,0,1.7,3.75,5.0,Football-Data.co.uk,2012-03-31,2011/12|2012-03-31|Fulham|Norwich
2011/12,31/03/12,Man City,Sunderland,3,3,D,1,2,A,19,8,10,4,17,5,11,13,1,1,0,0,1.22,6.5,12.0,Football-Data.co.uk,2012-03-31,2011/12|2012-03-31|Man City|Sunderland
2011/12,31/03/12,QPR,Arsenal,2,1,H,1,1,D,10,13,8,7,4,6,13,9,5,2,0,0,5.5,4.2,1.57,Football-Data.co.uk,2012-03-31,2011/12|2012-03-31|QPR|Arsenal
2011/12,31/03/12,Wigan,Stoke,2,0,H,0,0,D,13,6,11,2,8,1,14,13,2,4,0,0,2.63,3.25,2.75,Football-Data.co.uk,2012-03-31,2011/12|2012-03-31|Wigan|Stoke
2011/12,31/03/12,Wolves,Bolton,2,3,A,0,0,D,14,19,8,11,13,4,11,11,1,1,0,0,2.3,3.4,3.1,Football-Data.co.uk,2012-03-31,2011/12|2012-03-31|Wolves|Bolton
2011/12,01/04/12,Newcastle,Liverpool,2,0,H,1,0,H,11,9,7,6,3,6,10,11,3,3,0,1,2.88,3.4,2.4,Football-Data.co.uk,2012-04-01,2011/12|2012-04-01|Newcastle|Liverpool
2011/12,01/04/12,Tottenham,Swansea,3,1,H,1,0,H,15,11,10,7,7,7,11,12,0,0,0,0,1.4,4.5,8.5,Football-Data.co.uk,2012-04-01,2011/12|2012-04-01|Tottenham|Swansea
2011/12,02/04/12,Blackburn,Man United,0,2,A,0,0,D,11,14,6,6,2,10,8,5,1,1,0,0,9.0,4.75,1.36,Football-Data.co.uk,2012-04-02,2011/12|2012-04-02|Blackburn|Man United
2011/12,06/04/12,Swansea,Newcastle,0,2,A,0,1,A,19,5,13,4,7,0,10,7,1,1,0,0,2.4,3.4,2.88,Football-Data.co.uk,2012-04-06,2011/12|2012-04-06|Swansea|Newcastle
2011/12,07/04/12,Bolton,Fulham,0,3,A,0,2,A,13,11,7,8,5,3,11,9,1,0,0,0,2.6,3.3,2.75,Football-Data.co.uk,2012-04-07,2011/12|2012-04-07|Bolton|Fulham
2011/12,07/04/12,Chelsea,Wigan,2,1,H,0,0,D,19,13,10,7,5,3,14,11,2,2,0,0,1.25,6.0,12.0,Football-Data.co.uk,2012-04-07,2011/12|2012-04-07|Chelsea|Wigan
2011/12,07/04/12,Liverpool,Aston Villa,1,1,D,0,1,A,21,5,5,3,11,3,4,9,1,1,0,0,1.44,4.33,7.5,Football-Data.co.uk,2012-04-07,2011/12|2012-04-07|Liverpool|Aston Villa
2011/12,07/04/12,Norwich,Everton,2,2,D,1,1,D,14,9,11,5,2,4,7,17,0,3,0,0,3.0,3.3,2.4,Football-Data.co.uk,2012-04-07,2011/12|2012-04-07|Norwich|Everton
2011/12,07/04/12,Stoke,Wolves,2,1,H,1,1,D,14,9,6,5,3,8,7,11,1,1,0,0,1.57,4.0,6.0,Football-Data.co.uk,2012-04-07,2011/12|2012-04-07|Stoke|Wolves
2011/12,07/04/12,Sunderland,Tottenham,0,0,D,0,0,D,12,15,9,8,11,4,12,10,2,2,0,0,3.3,3.4,2.2,Football-Data.co.uk,2012-04-07,2011/12|2012-04-07|Sunderland|Tottenham
2011/12,07/04/12,West Brom,Blackburn,3,0,H,1,0,H,9,16,6,10,8,4,5,7,1,1,0,1,1.91,3.6,4.0,Football-Data.co.uk,2012-04-07,2011/12|2012-04-07|West Brom|Blackburn
2011/12,08/04/12,Arsenal,Man City,1,0,H,0,0,D,12,7,7,2,7,6,13,14,2,4,0,1,2.4,3.4,2.88,Football-Data.co.uk,2012-04-08,2011/12|2012-04-08|Arsenal|Man City
2011/12,08/04/12,Man United,QPR,2,0,H,1,0,H,24,9,14,7,11,5,13,10,1,0,0,1,1.17,7.5,15.0,Football-Data.co.uk,2012-04-08,2011/12|2012-04-08|Man United|QPR
2011/12,09/04/12,Aston Villa,Stoke,1,1,D,1,0,H,7,7,3,3,5,4,9,9,3,0,0,0,2.2,3.3,3.4,Football-Data.co.uk,2012-04-09,2011/12|2012-04-09|Aston Villa|Stoke
2011/12,09/04/12,Everton,Sunderland,4,0,H,0,0,D,22,3,12,0,5,2,7,12,0,2,0,0,1.83,3.5,4.5,Football-Data.co.uk,2012-04-09,2011/12|2012-04-09|Everton|Sunderland
2011/12,09/04/12,Fulham,Chelsea,1,1,D,0,1,A,11,12,9,4,7,11,5,16,1,3,0,0,3.5,3.4,2.1,Football-Data.co.uk,2012-04-09,2011/12|2012-04-09|Fulham|Chelsea
2011/12,09/04/12,Newcastle,Bolton,2,0,H,0,0,D,8,9,4,6,6,5,7,18,1,1,0,0,1.53,4.2,6.0,Football-Data.co.uk,2012-04-09,2011/12|2012-04-09|Newcastle|Bolton
2011/12,09/04/12,Tottenham,Norwich,1,2,A,1,1,D,13,12,9,6,10,3,12,12,1,2,0,0,1.29,5.5,11.0,Football-Data.co.uk,2012-04-09,2011/12|2012-04-09|Tottenham|Norwich
2011/12,10/04/12,Blackburn,Liverpool,2,3,A,1,2,A,10,16,4,12,4,4,16,12,4,5,0,1,3.5,3.4,2.1,Football-Data.co.uk,2012-04-10,2011/12|2012-04-10|Blackburn|Liverpool
2011/12,11/04/12,Man City,West Brom,4,0,H,1,0,H,17,4,12,1,6,2,7,9,0,0,0,0,1.25,5.5,13.0,Football-Data.co.uk,2012-04-11,2011/12|2012-04-11|Man City|West Brom
2011/12,11/04/12,QPR,Swansea,3,0,H,1,0,H,16,9,8,6,6,9,9,10,2,0,0,0,2.1,3.4,3.5,Football-Data.co.uk,2012-04-11,2011/12|2012-04-11|QPR|Swansea
2011/12,11/04/12,Wigan,Man United,1,0,H,0,0,D,11,8,8,3,7,3,8,14,1,2,0,0,9.0,4.75,1.36,Football-Data.co.uk,2012-04-11,2011/12|2012-04-11|Wigan|Man United
2011/12,11/04/12,Wolves,Arsenal,0,3,A,0,2,A,9,10,6,7,6,4,9,4,3,0,1,0,7.0,4.5,1.44,Football-Data.co.uk,2012-04-11,2011/12|2012-04-11|Wolves|Arsenal
2011/12,14/04/12,Norwich,Man City,1,6,A,0,2,A,16,22,8,17,3,5,10,5,1,2,0,0,6.0,4.2,1.53,Football-Data.co.uk,2012-04-14,2011/12|2012-04-14|Norwich|Man City
2011/12,14/04/12,Sunderland,Wolves,0,0,D,0,0,D,15,12,6,8,8,4,4,11,0,1,0,0,1.5,4.2,6.5,Football-Data.co.uk,2012-04-14,2011/12|2012-04-14|Sunderland|Wolves
2011/12,14/04/12,Swansea,Blackburn,3,0,H,2,0,H,16,7,8,2,7,3,8,12,0,2,0,0,1.91,3.5,4.0,Football-Data.co.uk,2012-04-14,2011/12|2012-04-14|Swansea|Blackburn
2011/12,14/04/12,West Brom,QPR,1,0,H,1,0,H,15,16,10,6,6,8,13,11,3,1,0,0,2.1,3.4,3.5,Football-Data.co.uk,2012-04-14,2011/12|2012-04-14|West Brom|QPR
2011/12,15/04/12,Man United,Aston Villa,4,0,H,2,0,H,24,10,16,4,11,4,9,7,3,3,0,0,1.22,6.5,13.0,Football-Data.co.uk,2012-04-15,2011/12|2012-04-15|Man United|Aston Villa
2011/12,16/04/12,Arsenal,Wigan,1,2,A,1,2,A,18,12,8,7,9,3,15,13,2,3,0,0,1.25,6.0,12.0,Football-Data.co.uk,2012-04-16,2011/12|2012-04-16|Arsenal|Wigan
2011/12,21/04/12,Arsenal,Chelsea,0,0,D,0,0,D,13,13,8,7,7,7,11,11,3,4,0,0,2.0,3.6,3.6,Football-Data.co.uk,2012-04-21,2011/12|2012-04-21|Arsenal|Chelsea
2011/12,21/04/12,Aston Villa,Sunderland,0,0,D,0,0,D,12,10,7,5,8,5,11,8,0,2,0,1,2.3,3.3,3.2,Football-Data.co.uk,2012-04-21,2011/12|2012-04-21|Aston Villa|Sunderland
2011/12,21/04/12,Blackburn,Norwich,2,0,H,1,0,H,9,12,6,5,9,7,8,13,1,1,0,0,2.1,3.4,3.5,Football-Data.co.uk,2012-04-21,2011/12|2012-04-21|Blackburn|Norwich
2011/12,21/04/12,Bolton,Swansea,1,1,D,1,1,D,7,20,5,12,8,10,19,7,2,1,0,0,2.2,3.3,3.4,Football-Data.co.uk,2012-04-21,2011/12|2012-04-21|Bolton|Swansea
2011/12,21/04/12,Fulham,Wigan,2,1,H,0,0,D,15,9,9,5,4,0,11,16,1,2,0,0,1.91,3.6,4.0,Football-Data.co.uk,2012-04-21,2011/12|2012-04-21|Fulham|Wigan
2011/12,21/04/12,Newcastle,Stoke,3,0,H,2,0,H,16,7,11,2,4,5,8,10,0,2,0,0,1.67,3.75,5.5,Football-Data.co.uk,2012-04-21,2011/12|2012-04-21|Newcastle|Stoke
2011/12,21/04/12,QPR,Tottenham,1,0,H,1,0,H,12,17,5,8,4,13,13,10,4,0,1,0,4.0,3.6,1.91,Football-Data.co.uk,2012-04-21,2011/12|2012-04-21|QPR|Tottenham
2011/12,22/04/12,Liverpool,West Brom,0,1,A,0,0,D,28,9,12,4,15,3,10,8,2,0,0,0,1.44,4.33,7.5,Football-Data.co.uk,2012-04-22,2011/12|2012-04-22|Liverpool|West Brom
2011/12,22/04/12,Man United,Everton,4,4,D,1,1,D,20,17,11,10,5,2,8,11,1,2,0,0,1.3,5.0,11.0,Football-Data.co.uk,2012-04-22,2011/12|2012-04-22|Man United|Everton
2011/12,22/04/12,Wolves,Man City,0,2,A,0,1,A,7,17,4,9,7,4,6,10,0,1,0,0,12.0,6.5,1.22,Football-Data.co.uk,2012-04-22,2011/12|2012-04-22|Wolves|Man City
2011/12,24/04/12,Aston Villa,Bolton,1,2,A,0,0,D,17,12,6,11,9,6,9,16,1,2,0,0,1.91,3.5,4.0,Football-Data.co.uk,2012-04-24,2011/12|2012-04-24|Aston Villa|Bolton
2011/12,28/04/12,Everton,Fulham,4,0,H,3,0,H,11,6,7,5,3,5,13,8,1,1,0,0,1.83,3.5,4.5,Football-Data.co.uk,2012-04-28,2011/12|2012-04-28|Everton|Fulham
2011/12,28/04/12,Norwich,Liverpool,0,3,A,0,2,A,8,15,3,9,5,7,9,4,4,0,0,0,3.8,3.4,2.0,Football-Data.co.uk,2012-04-28,2011/12|2012-04-28|Norwich|Liverpool
2011/12,28/04/12,Stoke,Arsenal,1,1,D,1,1,D,6,17,4,10,2,6,8,10,1,2,0,0,4.33,3.6,1.83,Football-Data.co.uk,2012-04-28,2011/12|2012-04-28|Stoke|Arsenal
2011/12,28/04/12,Sunderland,Bolton,2,2,D,1,1,D,12,16,6,9,7,5,8,16,1,0,0,0,2.0,3.5,3.75,Football-Data.co.uk,2012-04-28,2011/12|2012-04-28|Sunderland|Bolton
2011/12,28/04/12,Swansea,Wolves,4,4,D,4,2,H,10,15,8,9,2,6,8,8,2,1,0,0,1.53,4.0,6.5,Football-Data.co.uk,2012-04-28,2011/12|2012-04-28|Swansea|Wolves
2011/12,28/04/12,West Brom,Aston Villa,0,0,D,0,0,D,13,8,7,5,10,3,14,16,0,4,0,0,2.1,3.4,3.5,Football-Data.co.uk,2012-04-28,2011/12|2012-04-28|West Brom|Aston Villa
2011/12,28/04/12,Wigan,Newcastle,4,0,H,4,0,H,10,11,8,3,4,1,14,12,2,1,0,0,2.8,3.4,2.5,Football-Data.co.uk,2012-04-28,2011/12|2012-04-28|Wigan|Newcastle
2011/12,29/04/12,Chelsea,QPR,6,1,H,4,0,H,25,11,18,7,8,5,9,8,0,1,0,0,1.4,4.5,8.5,Football-Data.co.uk,2012-04-29,2011/12|2012-04-29|Chelsea|QPR
2011/12,29/04/12,Tottenham,Blackburn,2,0,H,1,0,H,19,0,8,0,6,1,5,14,0,0,0,0,1.36,5.0,8.0,Football-Data.co.uk,2012-04-29,2011/12|2012-04-29|Tottenham|Blackburn
2011/12,30/04/12,Man City,Man United,1,0,H,1,0,H,12,4,5,2,8,8,11,14,3,2,0,0,2.1,3.5,3.4,Football-Data.co.uk,2012-04-30,2011/12|2012-04-30|Man City|Man United
2011/12,01/05/12,Liverpool,Fulham,0,1,A,0,1,A,18,7,5,4,5,4,11,7,0,0,0,0,1.62,4.0,5.5,Football-Data.co.uk,2012-05-01,2011/12|2012-05-01|Liverpool|Fulham
2011/12,01/05/12,Stoke,Everton,1,1,D,0,1,A,10,11,5,4,4,6,6,14,2,1,0,0,2.75,3.25,2.6,Football-Data.co.uk,2012-05-01,2011/12|2012-05-01|Stoke|Everton
2011/12,02/05/12,Bolton,Tottenham,1,4,A,0,1,A,14,13,8,10,4,7,6,9,2,1,0,0,4.0,3.6,1.91,Football-Data.co.uk,2012-05-02,2011/12|2012-05-02|Bolton|Tottenham
2011/12,02/05/12,Chelsea,Newcastle,0,2,A,0,1,A,17,12,6,6,4,4,9,5,0,3,0,0,1.5,4.33,6.5,Football-Data.co.uk,2012-05-02,2011/12|2012-05-02|Chelsea|Newcastle
2011/12,05/05/12,Arsenal,Norwich,3,3,D,1,2,A,20,12,13,6,6,1,8,15,2,3,0,0,1.22,6.5,12.0,Football-Data.co.uk,2012-05-05,2011/12|2012-05-05|Arsenal|Norwich
2011/12,06/05/12,Aston Villa,Tottenham,1,1,D,1,0,H,4,21,2,10,4,19,10,8,1,2,0,1,4.2,3.75,1.83,Football-Data.co.uk,2012-05-06,2011/12|2012-05-06|Aston Villa|Tottenham
2011/12,06/05/12,Bolton,West Brom,2,2,D,1,0,H,11,17,6,13,4,4,14,8,1,4,0,0,2.0,3.5,3.75,Football-Data.co.uk,2012-05-06,2011/12|2012-05-06|Bolton|West Brom
2011/12,06/05/12,Fulham,Sunderland,2,1,H,2,1,H,20,12,15,7,8,2,9,13,0,0,0,0,1.83,3.6,4.33,Football-Data.co.uk,2012-05-06,2011/12|2012-05-06|Fulham|Sunderland
2011/12,06/05/12,Man United,Swansea,2,0,H,2,0,H,26,13,18,9,16,3,12,6,1,0,0,0,1.17,7.0,17.0,Football-Data.co.uk,2012-05-06,2011/12|2012-05-06|Man United|Swansea
2011/12,06/05/12,Newcastle,Man City,0,2,A,0,0,D,14,19,9,12,2,6,12,7,4,3,0,0,5.0,4.0,1.67,Football-Data.co.uk,2012-05-06,2011/12|2012-05-06|Newcastle|Man City
2011/12,06/05/12,QPR,Stoke,1,0,H,0,0,D,21,8,12,1,7,3,11,14,0,0,0,0,1.83,3.75,4.2,Football-Data.co.uk,2012-05-06,2011/12|2012-05-06|QPR|Stoke
2011/12,06/05/12,Wolves,Everton,0,0,D,0,0,D,7,18,1,10,3,7,7,10,0,0,0,0,5.0,3.75,1.7,Football-Data.co.uk,2012-05-06,2011/12|2012-05-06|Wolves|Everton
2011/12,07/05/12,Blackburn,Wigan,0,1,A,0,0,D,12,19,7,9,5,6,14,12,2,1,0,0,2.4,3.5,2.88,Football-Data.co.uk,2012-05-07,2011/12|2012-05-07|Blackburn|Wigan
2011/12,08/05/12,Liverpool,Chelsea,4,1,H,3,0,H,23,9,13,5,7,4,15,13,2,4,0,0,2.1,3.5,3.4,Football-Data.co.uk,2012-05-08,2011/12|2012-05-08|Liverpool|Chelsea
2011/12,13/05/12,Chelsea,Blackburn,2,1,H,2,0,H,18,8,6,5,8,2,13,4,1,0,0,0,1.3,5.5,10.0,Football-Data.co.uk,2012-05-13,2011/12|2012-05-13|Chelsea|Blackburn
2011/12,13/05/12,Everton,Newcastle,3,1,H,2,0,H,17,11,11,5,4,3,15,16,2,1,0,0,2.2,3.5,3.2,Football-Data.co.uk,2012-05-13,2011/12|2012-05-13|Everton|Newcastle
2011/12,13/05/12,Man City,QPR,3,2,H,1,0,H,35,3,24,3,19,0,4,6,1,1,0,1,1.13,9.0,19.0,Football-Data.co.uk,2012-05-13,2011/12|2012-05-13|Man City|QPR
2011/12,13/05/12,Norwich,Aston Villa,2,0,H,2,0,H,21,9,12,5,9,6,6,10,1,2,0,0,2.2,3.4,3.25,Football-Data.co.uk,2012-05-13,2011/12|2012-05-13|Norwich|Aston Villa
2011/12,13/05/12,Stoke,Bolton,2,2,D,1,2,A,12,20,8,8,5,9,10,5,1,1,0,0,2.38,3.5,2.88,Football-Data.co.uk,2012-05-13,2011/12|2012-05-13|Stoke|Bolton
2011/12,13/05/12,Sunderland,Man United,0,1,A,0,1,A,6,17,5,9,1,9,14,11,3,3,0,0,7.0,4.5,1.44,Football-Data.co.uk,2012-05-13,2011/12|2012-05-13|Sunderland|Man United
2011/12,13/05/12,Swansea,Liverpool,1,0,H,0,0,D,13,14,8,9,6,5,5,5,1,1,0,0,3.4,3.5,2.1,Football-Data.co.uk,2012-05-13,2011/12|2012-05-13|Swansea|Liverpool
2011/12,13/05/12,Tottenham,Fulham,2,0,H,1,0,H,15,10,9,7,9,3,8,12,0,2,0,0,1.4,4.5,8.5,Football-Data.co.uk,2012-05-13,2011/12|2012-05-13|Tottenham|Fulham
2011/12,13/05/12,West Brom,Arsenal,2,3,A,2,2,D,12,12,8,8,9,5,12,10,0,1,0,0,5.0,4.0,1.67,Football-Data.co.uk,2012-05-13,2011/12|2012-05-13|West Brom|Arsenal
2011/12,13/05/12,Wigan,Wolves,3,2,H,2,1,H,14,10,10,7,9,2,15,9,1,2,0,0,1.57,4.0,6.0,Football-Data.co.uk,2012-05-13,2011/12|2012-05-13|Wigan|Wolves
2012/13,18/08/12,Arsenal,Sunderland,0,0,D,0,0,D,14,3,4,2,7,0,12,8,0,0,0,0,1.4,4.5,8.5,Football-Data.co.uk,2012-08-18,2012/13|2012-08-18|Arsenal|Sunderland
2012/13,18/08/12,Fulham,Norwich,5,0,H,2,0,H,11,4,9,2,6,3,12,11,0,0,0,0,1.8,3.6,4.5,Football-Data.co.uk,2012-08-18,2012/13|2012-08-18|Fulham|Norwich
2012/13,18/08/12,Newcastle,Tottenham,2,1,H,0,0,D,6,12,4,6,3,5,12,8,2,2,0,0,2.5,3.4,2.75,Football-Data.co.uk,2012-08-18,2012/13|2012-08-18|Newcastle|Tottenham
2012/13,18/08/12,QPR,Swansea,0,5,A,0,1,A,20,12,11,8,5,3,11,14,2,2,0,0,2.0,3.4,3.8,Football-Data.co.uk,2012-08-18,2012/13|2012-08-18|QPR|Swansea
2012/13,18/08/12,Reading,Stoke,1,1,D,0,1,A,9,6,3,3,4,3,9,14,2,4,0,1,2.38,3.25,3.1,Football-Data.co.uk,2012-08-18,2012/13|2012-08-18|Reading|Stoke
2012/13,18/08/12,West Brom,Liverpool,3,0,H,1,0,H,15,14,10,7,7,3,10,11,1,4,0,1,4.2,3.5,1.91,Football-Data.co.uk,2012-08-18,2012/13|2012-08-18|West Brom|Liverpool
2012/13,18/08/12,West Ham,Aston Villa,1,0,H,1,0,H,8,10,4,6,6,4,17,8,0,1,0,0,2.2,3.3,3.4,Football-Data.co.uk,2012-08-18,2012/13|2012-08-18|West Ham|Aston Villa
2012/13,19/08/12,Man City,Southampton,3,2,H,1,0,H,20,9,15,6,7,3,4,6,1,2,0,0,1.17,7.0,17.0,Football-Data.co.uk,2012-08-19,2012/13|2012-08-19|Man City|Southampton
2012/13,19/08/12,Wigan,Chelsea,0,2,A,0,2,A,12,5,4,3,7,1,16,11,2,2,0,0,6.0,3.75,1.62,Football-Data.co.uk,2012-08-19,2012/13|2012-08-19|Wigan|Chelsea
2012/13,20/08/12,Everton,Man United,1,0,H,0,0,D,16,12,7,7,6,8,12,11,1,2,0,0,4.33,3.6,1.83,Football-Data.co.uk,2012-08-20,2012/13|2012-08-20|Everton|Man United
2012/13,22/08/12,Chelsea,Reading,4,2,H,1,2,A,23,7,11,5,1,5,11,14,0,2,0,0,1.25,5.5,13.0,Football-Data.co.uk,2012-08-22,2012/13|2012-08-22|Chelsea|Reading
2012/13,25/08/12,Aston Villa,Everton,1,3,A,0,3,A,7,19,3,11,1,9,10,7,1,0,1,0,2.9,3.4,2.4,Football-Data.co.uk,2012-08-25,2012/13|2012-08-25|Aston Villa|Everton
2012/13,25/08/12,Chelsea,Newcastle,2,0,H,2,0,H,11,11,6,5,2,3,8,10,1,0,0,0,1.5,4.33,6.5,Football-Data.co.uk,2012-08-25,2012/13|2012-08-25|Chelsea|Newcastle
2012/13,25/08/12,Man United,Fulham,3,2,H,3,1,H,20,14,11,11,8,8,12,7,0,1,0,0,1.29,5.5,11.0,Football-Data.co.uk,2012-08-25,2012/13|2012-08-25|Man United|Fulham
2012/13,25/08/12,Norwich,QPR,1,1,D,1,1,D,13,6,4,4,6,2,15,14,0,2,0,0,2.25,3.4,3.2,Football-Data.co.uk,2012-08-25,2012/13|2012-08-25|Norwich|QPR
2012/13,25/08/12,Southampton,Wigan,0,2,A,0,0,D,14,12,9,8,10,3,11,9,0,0,0,0,2.1,3.4,3.5,Football-Data.co.uk,2012-08-25,2012/13|2012-08-25|Southampton|Wigan
2012/13,25/08/12,Swansea,West Ham,3,0,H,2,0,H,10,7,7,6,5,4,13,17,2,4,0,0,2.1,3.3,3.6,Football-Data.co.uk,2012-08-25,2012/13|2012-08-25|Swansea|West Ham
2012/13,25/08/12,Tottenham,West Brom,1,1,D,0,0,D,18,10,10,5,7,5,8,7,1,2,0,0,1.5,4.33,6.5,Football-Data.co.uk,2012-08-25,2012/13|2012-08-25|Tottenham|West Brom
2012/13,26/08/12,Liverpool,Man City,2,2,D,1,0,H,15,11,8,5,4,4,10,7,1,0,0,0,3.1,3.4,2.3,Football-Data.co.uk,2012-08-26,2012/13|2012-08-26|Liverpool|Man City
2012/13,26/08/12,Stoke,Arsenal,0,0,D,0,0,D,7,16,4,6,0,11,9,9,2,0,0,0,3.5,3.4,2.1,Football-Data.co.uk,2012-08-26,2012/13|2012-08-26|Stoke|Arsenal
2012/13,01/09/12,Man City,QPR,3,1,H,1,0,H,19,9,12,5,8,3,12,3,2,1,0,0,1.18,7.0,15.0,Football-Data.co.uk,2012-09-01,2012/13|2012-09-01|Man City|QPR
2012/13,01/09/12,Swansea,Sunderland,2,2,D,1,2,A,14,4,10,3,8,0,11,7,1,1,1,0,2.2,3.3,3.4,Football-Data.co.uk,2012-09-01,2012/13|2012-09-01|Swansea|Sunderland
2012/13,01/09/12,Tottenham,Norwich,1,1,D,0,0,D,15,10,9,4,4,2,7,12,1,0,1,0,1.36,5.0,8.5,Football-Data.co.uk,2012-09-01,2012/13|2012-09-01|Tottenham|Norwich
2012/13,01/09/12,West Brom,Everton,2,0,H,0,0,D,14,12,8,5,6,3,11,15,1,4,0,0,3.0,3.3,2.38,Football-Data.co.uk,2012-09-01,2012/13|2012-09-01|West Brom|Everton
2012/13,01/09/12,West Ham,Fulham,3,0,H,3,0,H,17,14,12,13,6,6,12,5,0,0,0,0,2.5,3.25,2.88,Football-Data.co.uk,2012-09-01,2012/13|2012-09-01|West Ham|Fulham
2012/13,01/09/12,Wigan,Stoke,2,2,D,1,1,D,9,16,5,8,2,1,13,11,1,2,0,0,2.25,3.25,3.3,Football-Data.co.uk,2012-09-01,2012/13|2012-09-01|Wigan|Stoke
2012/13,02/09/12,Liverpool,Arsenal,0,2,A,0,1,A,17,11,8,7,10,2,12,7,2,2,0,0,2.0,3.5,3.75,Football-Data.co.uk,2012-09-02,2012/13|2012-09-02|Liverpool|Arsenal
2012/13,02/09/12,Newcastle,Aston Villa,1,1,D,0,1,A,16,13,6,9,10,6,6,20,1,4,0,0,1.62,3.75,6.0,Football-Data.co.uk,2012-09-02,2012/13|2012-09-02|Newcastle|Aston Villa
2012/13,02/09/12,Southampton,Man United,2,3,A,1,1,D,15,18,8,9,4,7,9,4,1,0,0,0,6.0,4.2,1.53,Football-Data.co.uk,2012-09-02,2012/13|2012-09-02|Southampton|Man United
2012/13,15/09/12,Arsenal,Southampton,6,1,H,4,1,H,20,9,12,4,8,3,4,7,0,0,0,0,1.36,5.0,8.5,Football-Data.co.uk,2012-09-15,2012/13|2012-09-15|Arsenal|Southampton
2012/13,15/09/12,Aston Villa,Swansea,2,0,H,1,0,H,17,10,13,5,11,5,11,4,3,1,0,0,2.38,3.25,3.1,Football-Data.co.uk,2012-09-15,2012/13|2012-09-15|Aston Villa|Swansea
2012/13,15/09/12,Fulham,West Brom,3,0,H,2,0,H,23,10,14,8,5,4,6,10,0,0,0,1,2.1,3.4,3.5,Football-Data.co.uk,2012-09-15,2012/13|2012-09-15|Fulham|West Brom
2012/13,15/09/12,Man United,Wigan,4,0,H,0,0,D,17,8,10,4,5,5,10,14,2,2,0,0,1.25,6.0,12.0,Football-Data.co.uk,2012-09-15,2012/13|2012-09-15|Man United|Wigan
2012/13,15/09/12,Norwich,West Ham,0,0,D,0,0,D,20,9,14,4,8,5,10,12,0,1,0,0,2.38,3.4,3.0,Football-Data.co.uk,2012-09-15,2012/13|2012-09-15|Norwich|West Ham
2012/13,15/09/12,QPR,Chelsea,0,0,D,0,0,D,10,13,6,9,2,4,16,17,0,2,0,0,4.5,3.5,1.83,Football-Data.co.uk,2012-09-15,2012/13|2012-09-15|QPR|Chelsea
2012/13,15/09/12,Stoke,Man City,1,1,D,1,1,D,4,15,3,11,6,5,12,12,0,1,0,0,5.0,3.6,1.73,Football-Data.co.uk,2012-09-15,2012/13|2012-09-15|Stoke|Man City
2012/13,15/09/12,Sunderland,Liverpool,1,1,D,1,0,H,6,20,4,9,2,7,18,10,1,2,0,0,3.4,3.3,2.2,Football-Data.co.uk,2012-09-15,2012/13|2012-09-15|Sunderland|Liverpool
2012/13,16/09/12,Reading,Tottenham,1,3,A,0,1,A,4,22,2,11,7,4,4,9,0,1,0,0,3.75,3.5,2.0,Football-Data.co.uk,2012-09-16,2012/13|2012-09-16|Reading|Tottenham
2012/13,17/09/12,Everton,Newcastle,2,2,D,1,0,H,17,11,10,7,3,3,16,12,3,3,0,0,1.73,3.6,5.0,Football-Data.co.uk,2012-09-17,2012/13|2012-09-17|Everton|Newcastle
2012/13,22/09/12,Chelsea,Stoke,1,0,H,0,0,D,17,13,9,6,13,3,12,15,2,1,0,0,1.36,4.75,9.0,Football-Data.co.uk,2012-09-22,2012/13|2012-09-22|Chelsea|Stoke
2012/13,22/09/12,Southampton,Aston Villa,4,1,H,0,1,A,12,8,4,2,1,4,5,13,1,3,0,0,2.4,3.3,3.0,Football-Data.co.uk,2012-09-22,2012/13|2012-09-22|Southampton|Aston Villa
2012/13,22/09/12,Swansea,Everton,0,3,A,0,2,A,18,30,11,19,8,3,23,7,4,1,1,0,3.0,3.3,2.4,Football-Data.co.uk,2012-09-22,2012/13|2012-09-22|Swansea|Everton
2012/13,22/09/12,West Brom,Reading,1,0,H,0,0,D,9,8,4,1,9,1,14,6,1,0,0,0,1.73,3.75,4.75,Football-Data.co.uk,2012-09-22,2012/13|2012-09-22|West Brom|Reading
2012/13,22/09/12,West Ham,Sunderland,1,1,D,0,1,A,20,4,11,2,10,1,12,10,2,1,0,0,2.1,3.3,3.6,Football-Data.co.uk,2012-09-22,2012/13|2012-09-22|West Ham|Sunderland
2012/13,22/09/12,Wigan,Fulham,1,2,A,0,1,A,18,12,9,9,8,7,7,13,0,3,0,0,2.4,3.3,3.0,Football-Data.co.uk,2012-09-22,2012/13|2012-09-22|Wigan|Fulham
2012/13,23/09/12,Liverpool,Man United,1,2,A,0,0,D,13,8,8,4,7,3,14,7,1,2,1,0,2.7,3.3,2.63,Football-Data.co.uk,2012-09-23,2012/13|2012-09-23|Liverpool|Man United
2012/13,23/09/12,Man City,Arsenal,1,1,D,1,0,H,14,10,10,4,9,4,11,7,1,0,0,0,1.75,3.6,4.75,Football-Data.co.uk,2012-09-23,2012/13|2012-09-23|Man City|Arsenal
2012/13,23/09/12,Newcastle,Norwich,1,0,H,1,0,H,16,8,8,3,4,5,11,19,1,1,0,0,1.8,3.6,4.5,Football-Data.co.uk,2012-09-23,2012/13|2012-09-23|Newcastle|Norwich
2012/13,23/09/12,Tottenham,QPR,2,1,H,0,1,A,18,9,14,6,10,9,7,12,0,2,0,0,1.44,4.33,7.5,Football-Data.co.uk,2012-09-23,2012/13|2012-09-23|Tottenham|QPR
2012/13,29/09/12,Arsenal,Chelsea,1,2,A,1,1,D,14,10,5,5,6,5,14,13,2,3,0,0,2.1,3.4,3.5,Football-Data.co.uk,2012-09-29,2012/13|2012-09-29|Arsenal|Chelsea
2012/13,29/09/12,Everton,Southampton,3,1,H,3,1,H,17,8,9,2,10,3,2,3,0,0,0,0,1.4,4.75,8.0,Football-Data.co.uk,2012-09-29,2012/13|2012-09-29|Everton|Southampton
2012/13,29/09/12,Fulham,Man City,1,2,A,1,1,D,7,21,3,12,2,4,7,12,0,1,0,0,4.33,3.6,1.83,Football-Data.co.uk,2012-09-29,2012/13|2012-09-29|Fulham|Man City
2012/13,29/09/12,Man United,Tottenham,2,3,A,0,2,A,15,10,8,6,9,5,5,7,0,0,0,0,1.57,4.0,6.0,Football-Data.co.uk,2012-09-29,2012/13|2012-09-29|Man United|Tottenham
2012/13,29/09/12,Norwich,Liverpool,2,5,A,0,2,A,10,10,7,6,5,5,5,2,1,0,0,0,4.75,3.75,1.73,Football-Data.co.uk,2012-09-29,2012/13|2012-09-29|Norwich|Liverpool
2012/13,29/09/12,Reading,Newcastle,2,2,D,0,0,D,14,8,7,3,6,3,6,8,0,3,0,0,2.88,3.3,2.5,Football-Data.co.uk,2012-09-29,2012/13|2012-09-29|Reading|Newcastle
2012/13,29/09/12,Stoke,Swansea,2,0,H,2,0,H,10,8,5,0,6,8,10,8,1,1,0,0,1.91,3.4,4.2,Football-Data.co.uk,2012-09-29,2012/13|2012-09-29|Stoke|Swansea
2012/13,29/09/12,Sunderland,Wigan,1,0,H,0,0,D,11,8,6,3,8,1,20,16,2,5,0,1,2.0,3.4,3.8,Football-Data.co.uk,2012-09-29,2012/13|2012-09-29|Sunderland|Wigan
2012/13,30/09/12,Aston Villa,West Brom,1,1,D,0,0,D,19,14,8,7,11,4,9,11,1,1,0,0,2.4,3.3,3.0,Football-Data.co.uk,2012-09-30,2012/13|2012-09-30|Aston Villa|West Brom
2012/13,01/10/12,QPR,West Ham,1,2,A,0,2,A,13,17,9,10,4,13,9,21,1,8,1,0,2.05,3.4,3.75,Football-Data.co.uk,2012-10-01,2012/13|2012-10-01|QPR|West Ham
2012/13,06/10/12,Chelsea,Norwich,4,1,H,3,1,H,20,7,13,4,10,2,7,1,0,0,0,0,1.22,6.5,12.0,Football-Data.co.uk,2012-10-06,2012/13|2012-10-06|Chelsea|Norwich
2012/13,06/10/12,Man City,Sunderland,3,0,H,1,0,H,26,8,16,6,15,4,10,10,0,3,0,0,1.29,5.5,11.0,Football-Data.co.uk,2012-10-06,2012/13|2012-10-06|Man City|Sunderland
2012/13,06/10/12,Swansea,Reading,2,2,D,0,2,A,25,8,16,6,11,3,8,11,1,3,0,0,1.91,3.6,4.0,Football-Data.co.uk,2012-10-06,2012/13|2012-10-06|Swansea|Reading
2012/13,06/10/12,West Brom,QPR,3,2,H,2,1,H,13,13,8,6,2,5,16,12,2,2,0,0,1.83,3.75,4.2,Football-Data.co.uk,2012-10-06,2012/13|2012-10-06|West Brom|QPR
2012/13,06/10/12,West Ham,Arsenal,1,3,A,1,1,D,7,20,3,14,4,16,12,7,3,2,0,0,4.0,3.6,1.91,Football-Data.co.uk,2012-10-06,2012/13|2012-10-06|West Ham|Arsenal
2012/13,06/10/12,Wigan,Everton,2,2,D,2,1,H,10,16,6,11,7,6,14,14,2,5,0,0,4.2,3.4,1.91,Football-Data.co.uk,2012-10-06,2012/13|2012-10-06|Wigan|Everton
2012/13,07/10/12,Liverpool,Stoke,0,0,D,0,0,D,16,5,5,3,5,5,9,16,0,6,0,0,1.44,4.33,7.5,Football-Data.co.uk,2012-10-07,2012/13|2012-10-07|Liverpool|Stoke
2012/13,07/10/12,Newcastle,Man United,0,3,A,0,2,A,13,12,3,9,8,6,15,12,4,4,0,0,4.2,3.75,1.83,Football-Data.co.uk,2012-10-07,2012/13|2012-10-07|Newcastle|Man United
2012/13,07/10/12,Southampton,Fulham,2,2,D,1,0,H,13,14,6,5,8,8,13,5,4,0,0,0,2.75,3.3,2.6,Football-Data.co.uk,2012-10-07,2012/13|2012-10-07|Southampton|Fulham
2012/13,07/10/12,Tottenham,Aston Villa,2,0,H,0,0,D,23,8,10,5,8,0,7,10,1,3,0,0,1.44,4.33,7.5,Football-Data.co.uk,2012-10-07,2012/13|2012-10-07|Tottenham|Aston Villa
2012/13,20/10/12,Fulham,Aston Villa,1,0,H,0,0,D,17,9,8,4,6,4,7,11,1,2,0,0,1.8,3.6,4.5,Football-Data.co.uk,2012-10-20,2012/13|2012-10-20|Fulham|Aston Villa
2012/13,20/10/12,Liverpool,Reading,1,0,H,1,0,H,23,8,13,5,6,5,13,6,1,1,0,0,1.33,5.0,10.0,Football-Data.co.uk,2012-10-20,2012/13|2012-10-20|Liverpool|Reading
2012/13,20/10/12,Man United,Stoke,4,2,H,2,1,H,13,8,8,6,3,3,9,10,1,1,0,0,1.29,5.5,11.0,Football-Data.co.uk,2012-10-20,2012/13|2012-10-20|Man United|Stoke
2012/13,20/10/12,Norwich,Arsenal,1,0,H,1,0,H,7,13,3,7,2,10,9,9,4,0,0,0,6.0,4.2,1.53,Football-Data.co.uk,2012-10-20,2012/13|2012-10-20|Norwich|Arsenal
2012/13,20/10/12,Swansea,Wigan,2,1,H,0,0,D,18,10,11,7,9,2,13,11,2,3,0,0,2.1,3.4,3.5,Football-Data.co.uk,2012-10-20,2012/13|2012-10-20|Swansea|Wigan
2012/13,20/10/12,Tottenham,Chelsea,2,4,A,0,1,A,23,11,16,7,7,4,7,8,3,2,0,0,2.5,3.4,2.75,Football-Data.co.uk,2012-10-20,2012/13|2012-10-20|Tottenham|Chelsea
2012/13,20/10/12,West Brom,Man City,1,2,A,0,0,D,16,21,8,13,6,9,11,15,4,3,0,1,5.0,3.75,1.7,Football-Data.co.uk,2012-10-20,2012/13|2012-10-20|West Brom|Man City
2012/13,20/10/12,West Ham,Southampton,4,1,H,0,0,D,9,11,8,4,6,3,10,12,0,2,0,0,1.83,3.75,4.2,Football-Data.co.uk,2012-10-20,2012/13|2012-10-20|West Ham|Southampton
2012/13,21/10/12,QPR,Everton,1,1,D,1,1,D,14,10,6,4,5,4,12,18,2,1,0,1,3.25,3.4,2.2,Football-Data.co.uk,2012-10-21,2012/13|2012-10-21|QPR|Everton
2012/13,21/10/12,Sunderland,Newcastle,1,1,D,0,1,A,16,10,6,7,8,4,14,15,0,4,0,1,2.5,3.3,2.88,Football-Data.co.uk,2012-10-21,2012/13|2012-10-21|Sunderland|Newcastle
2012/13,27/10/12,Arsenal,QPR,1,0,H,0,0,D,21,4,11,3,5,2,14,9,1,2,0,1,1.36,5.0,8.5,Football-Data.co.uk,2012-10-27,2012/13|2012-10-27|Arsenal|QPR
2012/13,27/10/12,Aston Villa,Norwich,1,1,D,1,0,H,7,14,5,6,3,8,12,7,2,0,1,0,2.0,3.5,3.75,Football-Data.co.uk,2012-10-27,2012/13|2012-10-27|Aston Villa|Norwich
2012/13,27/10/12,Man City,Swansea,1,0,H,0,0,D,10,9,5,5,3,0,8,10,1,2,0,0,1.22,6.0,15.0,Football-Data.co.uk,2012-10-27,2012/13|2012-10-27|Man City|Swansea
2012/13,27/10/12,Reading,Fulham,3,3,D,1,0,H,15,16,9,8,6,8,6,17,1,1,0,0,2.75,3.4,2.5,Football-Data.co.uk,2012-10-27,2012/13|2012-10-27|Reading|Fulham
2012/13,27/10/12,Stoke,Sunderland,0,0,D,0,0,D,11,6,6,3,7,3,12,6,2,2,0,0,1.95,3.3,4.2,Football-Data.co.uk,2012-10-27,2012/13|2012-10-27|Stoke|Sunderland
2012/13,27/10/12,Wigan,West Ham,2,1,H,1,0,H,17,15,13,11,6,6,10,16,3,4,0,0,2.25,3.4,3.2,Football-Data.co.uk,2012-10-27,2012/13|2012-10-27|Wigan|West Ham
2012/13,28/10/12,Chelsea,Man United,2,3,A,1,2,A,14,15,11,7,8,6,13,11,2,2,2,0,2.4,3.4,2.9,Football-Data.co.uk,2012-10-28,2012/13|2012-10-28|Chelsea|Man United
2012/13,28/10/12,Everton,Liverpool,2,2,D,2,2,D,17,12,8,5,9,5,16,18,4,3,0,0,2.6,3.3,2.75,Football-Data.co.uk,2012-10-28,2012/13|2012-10-28|Everton|Liverpool
2012/13,28/10/12,Newcastle,West Brom,2,1,H,1,0,H,10,8,6,4,6,4,13,7,3,2,0,0,2.0,3.5,3.75,Football-Data.co.uk,2012-10-28,2012/13|2012-10-28|Newcastle|West Brom
2012/13,28/10/12,Southampton,Tottenham,1,2,A,0,2,A,11,11,6,4,2,3,14,8,0,3,0,0,4.2,3.75,1.83,Football-Data.co.uk,2012-10-28,2012/13|2012-10-28|Southampton|Tottenham
2012/13,03/11/12,Fulham,Everton,2,2,D,1,0,H,8,26,5,15,5,9,16,9,3,1,0,0,2.75,3.4,2.5,Football-Data.co.uk,2012-11-03,2012/13|2012-11-03|Fulham|Everton
2012/13,03/11/12,Man United,Arsenal,2,1,H,1,0,H,11,7,7,3,6,1,13,13,5,3,0,1,1.7,3.8,5.0,Football-Data.co.uk,2012-11-03,2012/13|2012-11-03|Man United|Arsenal
2012/13,03/11/12,Norwich,Stoke,1,0,H,1,0,H,12,8,8,3,9,1,11,13,1,5,0,0,2.6,3.3,2.75,Football-Data.co.uk,2012-11-03,2012/13|2012-11-03|Norwich|Stoke
2012/13,03/11/12,Sunderland,Aston Villa,0,1,A,0,0,D,11,9,1,6,6,7,10,17,2,3,0,0,2.1,3.3,3.6,Football-Data.co.uk,2012-11-03,2012/13|2012-11-03|Sunderland|Aston Villa
2012/13,03/11/12,Swansea,Chelsea,1,1,D,0,0,D,9,11,7,7,8,6,12,9,4,1,0,0,4.5,3.6,1.8,Football-Data.co.uk,2012-11-03,2012/13|2012-11-03|Swansea|Chelsea
2012/13,03/11/12,Tottenham,Wigan,0,1,A,0,0,D,13,7,10,4,9,3,10,11,1,1,0,0,1.5,4.33,6.5,Football-Data.co.uk,2012-11-03,2012/13|2012-11-03|Tottenham|Wigan
2012/13,03/11/12,West Ham,Man City,0,0,D,0,0,D,6,18,1,8,3,7,11,12,3,0,0,0,5.0,3.8,1.7,Football-Data.co.uk,2012-11-03,2012/13|2012-11-03|West Ham|Man City
2012/13,04/11/12,Liverpool,Newcastle,1,1,D,0,1,A,20,10,12,3,14,3,10,13,0,1,0,1,1.57,4.0,6.0,Football-Data.co.uk,2012-11-04,2012/13|2012-11-04|Liverpool|Newcastle
2012/13,04/11/12,QPR,Reading,1,1,D,0,1,A,23,18,12,8,8,8,11,15,0,2,0,0,1.8,3.6,4.5,Football-Data.co.uk,2012-11-04,2012/13|2012-11-04|QPR|Reading
2012/13,05/11/12,West Brom,Southampton,2,0,H,1,0,H,16,9,6,5,8,6,6,12,1,0,0,0,1.73,3.75,4.75,Football-Data.co.uk,2012-11-05,2012/13|2012-11-05|West Brom|Southampton
2012/13,10/11/12,Arsenal,Fulham,3,3,D,2,2,D,15,9,9,5,8,6,12,10,1,2,0,0,1.53,4.2,6.0,Football-Data.co.uk,2012-11-10,2012/13|2012-11-10|Arsenal|Fulham
2012/13,10/11/12,Aston Villa,Man United,2,3,A,1,0,H,10,16,7,7,5,6,12,7,1,1,0,0,7.0,4.5,1.44,Football-Data.co.uk,2012-11-10,2012/13|2012-11-10|Aston Villa|Man United
2012/13,10/11/12,Everton,Sunderland,2,1,H,0,1,A,16,6,10,4,6,2,14,14,1,3,0,0,1.44,4.2,8.0,Football-Data.co.uk,2012-11-10,2012/13|2012-11-10|Everton|Sunderland
2012/13,10/11/12,Reading,Norwich,0,0,D,0,0,D,7,10,3,3,10,3,9,16,0,1,0,0,2.25,3.4,3.2,Football-Data.co.uk,2012-11-10,2012/13|2012-11-10|Reading|Norwich
2012/13,10/11/12,Southampton,Swansea,1,1,D,0,0,D,11,5,5,3,10,6,11,10,2,2,0,0,2.38,3.5,2.88,Football-Data.co.uk,2012-11-10,2012/13|2012-11-10|Southampton|Swansea
2012/13,10/11/12,Stoke,QPR,1,0,H,0,0,D,10,17,5,8,5,5,11,16,2,3,0,0,1.91,3.4,4.2,Football-Data.co.uk,2012-11-10,2012/13|2012-11-10|Stoke|QPR
2012/13,10/11/12,Wigan,West Brom,1,2,A,1,2,A,14,7,6,4,5,8,9,13,1,4,0,0,2.3,3.4,3.1,Football-Data.co.uk,2012-11-10,2012/13|2012-11-10|Wigan|West Brom
2012/13,11/11/12,Chelsea,Liverpool,1,1,D,1,0,H,12,9,3,5,4,7,12,13,1,3,0,0,1.95,3.5,4.0,Football-Data.co.uk,2012-11-11,2012/13|2012-11-11|Chelsea|Liverpool
2012/13,11/11/12,Man City,Tottenham,2,1,H,0,1,A,16,6,8,2,8,2,16,7,1,2,0,0,1.57,4.0,6.0,Football-Data.co.uk,2012-11-11,2012/13|2012-11-11|Man City|Tottenham
2012/13,11/11/12,Newcastle,West Ham,0,1,A,0,1,A,14,10,9,5,11,4,8,14,1,2,0,0,1.95,3.6,3.8,Football-Data.co.uk,2012-11-11,2012/13|2012-11-11|Newcastle|West Ham
2012/13,17/11/12,Arsenal,Tottenham,5,2,H,3,1,H,13,6,10,4,6,6,13,12,1,2,0,1,1.91,3.75,3.8,Football-Data.co.uk,2012-11-17,2012/13|2012-11-17|Arsenal|Tottenham
2012/13,17/11/12,Liverpool,Wigan,3,0,H,0,0,D,22,9,11,3,10,5,9,11,0,3,0,0,1.44,4.33,7.5,Football-Data.co.uk,2012-11-17,2012/13|2012-11-17|Liverpool|Wigan
2012/13,17/11/12,Man City,Aston Villa,5,0,H,1,0,H,21,10,8,8,9,4,9,4,0,1,0,0,1.2,6.5,15.0,Football-Data.co.uk,2012-11-17,2012/13|2012-11-17|Man City|Aston Villa
2012/13,17/11/12,Newcastle,Swansea,1,2,A,0,0,D,27,15,10,9,5,4,7,7,1,3,0,0,1.91,3.6,4.0,Football-Data.co.uk,2012-11-17,2012/13|2012-11-17|Newcastle|Swansea
2012/13,17/11/12,Norwich,Man United,1,0,H,0,0,D,10,12,5,9,0,12,10,7,0,1,0,0,7.0,4.5,1.44,Football-Data.co.uk,2012-11-17,2012/13|2012-11-17|Norwich|Man United
2012/13,17/11/12,QPR,Southampton,1,3,A,0,2,A,13,21,7,15,4,13,12,9,1,0,0,0,1.91,3.6,4.0,Football-Data.co.uk,2012-11-17,2012/13|2012-11-17|QPR|Southampton
2012/13,17/11/12,Reading,Everton,2,1,H,0,1,A,12,21,4,11,7,13,11,11,3,2,0,0,4.33,3.6,1.83,Football-Data.co.uk,2012-11-17,2012/13|2012-11-17|Reading|Everton
2012/13,17/11/12,West Brom,Chelsea,2,1,H,1,1,D,8,19,6,12,0,12,7,13,0,0,0,0,3.75,3.5,2.0,Football-Data.co.uk,2012-11-17,2012/13|2012-11-17|West Brom|Chelsea
2012/13,18/11/12,Fulham,Sunderland,1,3,A,0,0,D,18,12,13,9,4,4,9,13,1,3,1,0,1.67,3.75,5.25,Football-Data.co.uk,2012-11-18,2012/13|2012-11-18|Fulham|Sunderland
2012/13,19/11/12,West Ham,Stoke,1,1,D,0,1,A,16,12,11,6,12,4,8,9,1,0,0,0,2.0,3.4,3.8,Football-Data.co.uk,2012-11-19,2012/13|2012-11-19|West Ham|Stoke
2012/13,24/11/12,Aston Villa,Arsenal,0,0,D,0,0,D,10,13,8,6,7,6,6,9,1,0,0,0,4.75,3.75,1.73,Football-Data.co.uk,2012-11-24,2012/13|2012-11-24|Aston Villa|Arsenal
2012/13,24/11/12,Everton,Norwich,1,1,D,1,0,H,14,8,9,4,4,2,10,18,0,3,0,0,1.44,4.33,7.5,Football-Data.co.uk,2012-11-24,2012/13|2012-11-24|Everton|Norwich
2012/13,24/11/12,Man United,QPR,3,1,H,0,0,D,15,10,10,6,9,7,6,10,1,1,0,0,1.17,7.5,15.0,Football-Data.co.uk,2012-11-24,2012/13|2012-11-24|Man United|QPR
2012/13,24/11/12,Stoke,Fulham,1,0,H,1,0,H,12,8,3,5,7,2,14,11,1,1,0,0,2.2,3.3,3.4,Football-Data.co.uk,2012-11-24,2012/13|2012-11-24|Stoke|Fulham
2012/13,24/11/12,Sunderland,West Brom,2,4,A,0,2,A,19,11,12,6,7,2,12,15,2,3,0,0,2.5,3.3,2.88,Football-Data.co.uk,2012-11-24,2012/13|2012-11-24|Sunderland|West Brom
2012/13,24/11/12,Wigan,Reading,3,2,H,0,1,A,19,16,11,10,9,5,15,9,2,0,0,0,1.83,3.6,4.33,Football-Data.co.uk,2012-11-24,2012/13|2012-11-24|Wigan|Reading
2012/13,25/11/12,Chelsea,Man City,0,0,D,0,0,D,5,11,1,7,6,11,9,16,0,3,0,0,2.5,3.5,2.7,Football-Data.co.uk,2012-11-25,2012/13|2012-11-25|Chelsea|Man City
2012/13,25/11/12,Southampton,Newcastle,2,0,H,1,0,H,17,8,10,3,4,3,12,14,2,2,0,0,2.3,3.5,3.0,Football-Data.co.uk,2012-11-25,2012/13|2012-11-25|Southampton|Newcastle
2012/13,25/11/12,Swansea,Liverpool,0,0,D,0,0,D,17,21,8,14,7,6,6,10,1,0,0,0,3.4,3.5,2.1,Football-Data.co.uk,2012-11-25,2012/13|2012-11-25|Swansea|Liverpool
2012/13,25/11/12,Tottenham,West Ham,3,1,H,1,0,H,25,10,13,6,4,2,9,10,1,2,0,0,1.67,3.75,5.5,Football-Data.co.uk,2012-11-25,2012/13|2012-11-25|Tottenham|West Ham
2012/13,27/11/12,Aston Villa,Reading,1,0,H,0,0,D,15,11,7,6,8,3,10,5,1,0,0,0,1.95,3.4,4.0,Football-Data.co.uk,2012-11-27,2012/13|2012-11-27|Aston Villa|Reading
2012/13,27/11/12,Sunderland,QPR,0,0,D,0,0,D,13,13,8,9,5,8,10,15,1,3,0,0,2.25,3.25,3.3,Football-Data.co.uk,2012-11-27,2012/13|2012-11-27|Sunderland|QPR
2012/13,28/11/12,Chelsea,Fulham,0,0,D,0,0,D,17,8,13,7,10,2,10,11,3,0,0,0,1.44,4.5,7.0,Football-Data.co.uk,2012-11-28,2012/13|2012-11-28|Chelsea|Fulham
2012/13,28/11/12,Everton,Arsenal,1,1,D,1,1,D,14,12,10,9,6,6,15,9,2,1,0,0,2.5,3.4,2.75,Football-Data.co.uk,2012-11-28,2012/13|2012-11-28|Everton|Arsenal
2012/13,28/11/12,Man United,West Ham,1,0,H,1,0,H,23,9,13,3,5,5,7,9,1,1,0,0,1.22,6.5,12.0,Football-Data.co.uk,2012-11-28,2012/13|2012-11-28|Man United|West Ham
2012/13,28/11/12,Southampton,Norwich,1,1,D,1,1,D,8,9,2,5,3,7,11,7,1,1,0,0,2.0,3.4,3.8,Football-Data.co.uk,2012-11-28,2012/13|2012-11-28|Southampton|Norwich
2012/13,28/11/12,Stoke,Newcastle,2,1,H,0,0,D,11,7,5,6,7,2,12,12,2,2,0,0,1.91,3.4,4.2,Football-Data.co.uk,2012-11-28,2012/13|2012-11-28|Stoke|Newcastle
2012/13,28/11/12,Swansea,West Brom,3,1,H,3,1,H,13,6,8,2,5,2,10,16,0,4,0,0,2.3,3.4,3.1,Football-Data.co.uk,2012-11-28,2012/13|2012-11-28|Swansea|West Brom
2012/13,28/11/12,Tottenham,Liverpool,2,1,H,2,0,H,14,14,7,9,1,12,4,14,1,2,0,0,2.4,3.4,2.88,Football-Data.co.uk,2012-11-28,2012/13|2012-11-28|Tottenham|Liverpool
2012/13,28/11/12,Wigan,Man City,0,2,A,0,0,D,9,15,4,6,6,6,13,12,1,1,0,0,6.0,4.2,1.53,Football-Data.co.uk,2012-11-28,2012/13|2012-11-28|Wigan|Man City
2012/13,01/12/12,Arsenal,Swansea,0,2,A,0,0,D,10,12,8,10,8,5,11,9,1,0,0,0,1.44,4.5,7.0,Football-Data.co.uk,2012-12-01,2012/13|2012-12-01|Arsenal|Swansea
2012/13,01/12/12,Fulham,Tottenham,0,3,A,0,0,D,8,10,2,6,2,1,10,8,0,2,0,0,2.88,3.3,2.5,Football-Data.co.uk,2012-12-01,2012/13|2012-12-01|Fulham|Tottenham
2012/13,01/12/12,Liverpool,Southampton,1,0,H,1,0,H,24,8,11,4,10,4,10,8,2,0,0,0,1.4,4.5,8.5,Football-Data.co.uk,2012-12-01,2012/13|2012-12-01|Liverpool|Southampton
2012/13,01/12/12,Man City,Everton,1,1,D,1,1,D,9,8,6,5,5,2,16,12,2,1,0,0,1.5,4.0,7.0,Football-Data.co.uk,2012-12-01,2012/13|2012-12-01|Man City|Everton
2012/13,01/12/12,QPR,Aston Villa,1,1,D,1,1,D,17,7,12,3,11,4,5,6,1,2,0,0,1.95,3.5,4.0,Football-Data.co.uk,2012-12-01,2012/13|2012-12-01|QPR|Aston Villa
2012/13,01/12/12,Reading,Man United,3,4,A,3,4,A,10,10,7,5,6,1,10,12,1,1,0,0,7.5,4.75,1.4,Football-Data.co.uk,2012-12-01,2012/13|2012-12-01|Reading|Man United
2012/13,01/12/12,West Brom,Stoke,0,1,A,0,0,D,14,6,11,4,5,5,8,15,0,3,0,0,2.1,3.25,3.75,Football-Data.co.uk,2012-12-01,2012/13|2012-12-01|West Brom|Stoke
2012/13,01/12/12,West Ham,Chelsea,3,1,H,0,1,A,16,16,13,9,14,5,15,6,1,2,0,0,4.0,3.5,1.91,Football-Data.co.uk,2012-12-01,2012/13|2012-12-01|West Ham|Chelsea
2012/13,02/12/12,Norwich,Sunderland,2,1,H,2,1,H,7,16,5,6,2,6,11,16,0,2,0,0,2.1,3.3,3.6,Football-Data.co.uk,2012-12-02,2012/13|2012-12-02|Norwich|Sunderland
2012/13,03/12/12,Newcastle,Wigan,3,0,H,2,0,H,16,9,8,4,4,4,12,14,1,3,0,1,2.0,3.4,3.75,Football-Data.co.uk,2012-12-03,2012/13|2012-12-03|Newcastle|Wigan
2012/13,08/12/12,Arsenal,West Brom,2,0,H,1,0,H,16,7,7,2,7,4,11,12,2,3,0,0,1.5,4.33,6.5,Football-Data.co.uk,2012-12-08,2012/13|2012-12-08|Arsenal|West Brom
2012/13,08/12/12,Aston Villa,Stoke,0,0,D,0,0,D,9,1,5,0,3,2,8,13,0,1,0,1,2.4,3.2,3.1,Football-Data.co.uk,2012-12-08,2012/13|2012-12-08|Aston Villa|Stoke
2012/13,08/12/12,Southampton,Reading,1,0,H,0,0,D,18,6,9,2,7,4,11,10,0,0,0,0,1.91,3.6,4.0,Football-Data.co.uk,2012-12-08,2012/13|2012-12-08|Southampton|Reading
2012/13,08/12/12,Sunderland,Chelsea,1,3,A,0,2,A,14,11,10,5,11,1,11,14,1,3,0,0,4.75,3.5,1.8,Football-Data.co.uk,2012-12-08,2012/13|2012-12-08|Sunderland|Chelsea
2012/13,08/12/12,Swansea,Norwich,3,4,A,0,3,A,21,10,10,8,6,2,12,9,2,1,0,0,1.8,3.6,4.5,Football-Data.co.uk,2012-12-08,2012/13|2012-12-08|Swansea|Norwich
2012/13,08/12/12,Wigan,QPR,2,2,D,1,1,D,14,8,9,4,11,4,7,11,0,1,0,0,2.3,3.4,3.1,Football-Data.co.uk,2012-12-08,2012/13|2012-12-08|Wigan|QPR
2012/13,09/12/12,Everton,Tottenham,2,1,H,0,0,D,17,8,11,6,4,4,10,9,2,2,0,0,2.0,3.5,3.75,Football-Data.co.uk,2012-12-09,2012/13|2012-12-09|Everton|Tottenham
2012/13,09/12/12,Man City,Man United,2,3,A,0,2,A,16,8,11,3,8,2,11,9,4,3,0,0,2.2,3.5,3.2,Football-Data.co.uk,2012-12-09,2012/13|2012-12-09|Man City|Man United
2012/13,09/12/12,West Ham,Liverpool,2,3,A,2,1,H,9,16,6,8,2,5,12,10,1,2,0,0,3.0,3.3,2.38,Football-Data.co.uk,2012-12-09,2012/13|2012-12-09|West Ham|Liverpool
2012/13,10/12/12,Fulham,Newcastle,2,1,H,1,0,H,16,20,7,13,5,4,13,11,0,0,0,0,1.91,3.6,4.0,Football-Data.co.uk,2012-12-10,2012/13|2012-12-10|Fulham|Newcastle
2012/13,11/12/12,Sunderland,Reading,3,0,H,2,0,H,16,12,11,5,6,8,8,11,2,1,0,0,2.0,3.5,3.75,Football-Data.co.uk,2012-12-11,2012/13|2012-12-11|Sunderland|Reading
2012/13,15/12/12,Liverpool,Aston Villa,1,3,A,0,2,A,26,9,17,6,7,2,4,11,1,2,0,0,1.36,4.75,9.0,Football-Data.co.uk,2012-12-15,2012/13|2012-12-15|Liverpool|Aston Villa
2012/13,15/12/12,Man United,Sunderland,3,1,H,2,0,H,15,13,6,10,9,9,13,10,0,0,0,0,1.2,6.5,15.0,Football-Data.co.uk,2012-12-15,2012/13|2012-12-15|Man United|Sunderland
2012/13,15/12/12,Newcastle,Man City,1,3,A,0,2,A,17,16,8,10,12,7,9,16,3,2,0,0,5.5,3.75,1.67,Football-Data.co.uk,2012-12-15,2012/13|2012-12-15|Newcastle|Man City
2012/13,15/12/12,Norwich,Wigan,2,1,H,1,0,H,16,12,10,6,7,3,7,4,3,1,0,0,2.2,3.4,3.25,Football-Data.co.uk,2012-12-15,2012/13|2012-12-15|Norwich|Wigan
2012/13,15/12/12,QPR,Fulham,2,1,H,0,0,D,19,6,9,3,3,3,10,14,1,2,0,0,2.4,3.4,2.88,Football-Data.co.uk,2012-12-15,2012/13|2012-12-15|QPR|Fulham
2012/13,15/12/12,Stoke,Everton,1,1,D,0,1,A,14,9,8,5,4,8,11,13,1,0,0,0,3.1,3.2,2.4,Football-Data.co.uk,2012-12-15,2012/13|2012-12-15|Stoke|Everton
2012/13,16/12/12,Tottenham,Swansea,1,0,H,0,0,D,24,4,16,0,9,3,12,8,2,3,0,0,1.62,4.0,5.5,Football-Data.co.uk,2012-12-16,2012/13|2012-12-16|Tottenham|Swansea
2012/13,16/12/12,West Brom,West Ham,0,0,D,0,0,D,19,10,10,2,8,2,12,9,3,3,0,0,2.0,3.5,3.75,Football-Data.co.uk,2012-12-16,2012/13|2012-12-16|West Brom|West Ham
2012/13,17/12/12,Reading,Arsenal,2,5,A,0,3,A,7,25,5,17,3,7,8,4,1,1,0,0,5.5,4.0,1.62,Football-Data.co.uk,2012-12-17,2012/13|2012-12-17|Reading|Arsenal
2012/13,22/12/12,Liverpool,Fulham,4,0,H,2,0,H,22,7,12,6,8,2,13,6,1,2,0,0,1.53,4.0,6.5,Football-Data.co.uk,2012-12-22,2012/13|2012-12-22|Liverpool|Fulham
2012/13,22/12/12,Man City,Reading,1,0,H,0,0,D,17,6,10,1,12,3,11,15,2,3,0,0,1.14,8.0,19.0,Football-Data.co.uk,2012-12-22,2012/13|2012-12-22|Man City|Reading
2012/13,22/12/12,Newcastle,QPR,1,0,H,0,0,D,18,5,8,4,10,3,9,16,3,2,0,0,2.1,3.4,3.5,Football-Data.co.uk,2012-12-22,2012/13|2012-12-22|Newcastle|QPR
2012/13,22/12/12,Southampton,Sunderland,0,1,A,0,1,A,13,10,7,6,8,5,11,15,0,3,0,0,2.0,3.5,3.75,Football-Data.co.uk,2012-12-22,2012/13|2012-12-22|Southampton|Sunderland
2012/13,22/12/12,Tottenham,Stoke,0,0,D,0,0,D,21,4,14,2,11,4,8,11,2,5,0,0,1.62,3.75,6.0,Football-Data.co.uk,2012-12-22,2012/13|2012-12-22|Tottenham|Stoke
2012/13,22/12/12,West Brom,Norwich,2,1,H,1,1,D,12,10,8,4,6,5,14,9,1,1,0,0,1.91,3.6,4.0,Football-Data.co.uk,2012-12-22,2012/13|2012-12-22|West Brom|Norwich
2012/13,22/12/12,West Ham,Everton,1,2,A,1,0,H,6,15,5,8,3,5,12,8,1,0,1,1,2.88,3.25,2.5,Football-Data.co.uk,2012-12-22,2012/13|2012-12-22|West Ham|Everton
2012/13,22/12/12,Wigan,Arsenal,0,1,A,0,0,D,13,10,5,8,4,4,14,8,1,1,0,0,4.75,3.75,1.73,Football-Data.co.uk,2012-12-22,2012/13|2012-12-22|Wigan|Arsenal
2012/13,23/12/12,Chelsea,Aston Villa,8,0,H,3,0,H,24,7,18,4,8,4,6,11,0,0,0,0,1.33,5.5,8.5,Football-Data.co.uk,2012-12-23,2012/13|2012-12-23|Chelsea|Aston Villa
2012/13,23/12/12,Swansea,Man United,1,1,D,1,1,D,14,19,10,16,3,6,11,16,2,4,0,0,5.0,4.0,1.67,Football-Data.co.uk,2012-12-23,2012/13|2012-12-23|Swansea|Man United
2012/13,26/12/12,Aston Villa,Tottenham,0,4,A,0,0,D,4,20,1,16,2,16,11,7,1,0,0,0,3.75,3.5,2.0,Football-Data.co.uk,2012-12-26,2012/13|2012-12-26|Aston Villa|Tottenham
2012/13,26/12/12,Everton,Wigan,2,1,H,0,0,D,17,10,9,6,11,2,10,11,1,3,0,0,1.44,4.5,7.0,Football-Data.co.uk,2012-12-26,2012/13|2012-12-26|Everton|Wigan
2012/13,26/12/12,Fulham,Southampton,1,1,D,1,0,H,10,7,2,3,3,5,14,12,3,0,0,0,1.85,3.6,4.2,Football-Data.co.uk,2012-12-26,2012/13|2012-12-26|Fulham|Southampton
2012/13,26/12/12,Man United,Newcastle,4,3,H,1,2,A,16,16,10,11,2,2,12,16,3,3,0,0,1.22,6.5,13.0,Football-Data.co.uk,2012-12-26,2012/13|2012-12-26|Man United|Newcastle
2012/13,26/12/12,Norwich,Chelsea,0,1,A,0,1,A,8,20,4,11,5,7,7,7,1,1,0,0,6.0,3.75,1.62,Football-Data.co.uk,2012-12-26,2012/13|2012-12-26|Norwich|Chelsea
2012/13,26/12/12,QPR,West Brom,1,2,A,0,1,A,18,12,8,6,14,9,9,10,1,0,0,0,2.2,3.4,3.25,Football-Data.co.uk,2012-12-26,2012/13|2012-12-26|QPR|West Brom
2012/13,26/12/12,Reading,Swansea,0,0,D,0,0,D,3,10,2,4,6,4,14,17,2,1,0,0,2.9,3.4,2.38,Football-Data.co.uk,2012-12-26,2012/13|2012-12-26|Reading|Swansea
2012/13,26/12/12,Stoke,Liverpool,3,1,H,2,1,H,7,12,6,6,6,8,11,5,3,1,0,0,3.4,3.2,2.25,Football-Data.co.uk,2012-12-26,2012/13|2012-12-26|Stoke|Liverpool
2012/13,26/12/12,Sunderland,Man City,1,0,H,0,0,D,12,19,6,12,3,7,14,16,1,3,0,0,6.5,4.0,1.53,Football-Data.co.uk,2012-12-26,2012/13|2012-12-26|Sunderland|Man City
2012/13,29/12/12,Arsenal,Newcastle,7,3,H,1,1,D,16,10,12,8,5,6,8,10,0,1,0,0,1.44,4.5,7.0,Football-Data.co.uk,2012-12-29,2012/13|2012-12-29|Arsenal|Newcastle
2012/13,29/12/12,Aston Villa,Wigan,0,3,A,0,1,A,11,9,4,6,4,3,16,8,3,2,0,0,2.4,3.25,3.0,Football-Data.co.uk,2012-12-29,2012/13|2012-12-29|Aston Villa|Wigan
2012/13,29/12/12,Fulham,Swansea,1,2,A,0,1,A,22,10,13,9,9,8,14,12,2,1,0,0,2.1,3.4,3.5,Football-Data.co.uk,2012-12-29,2012/13|2012-12-29|Fulham|Swansea
2012/13,29/12/12,Man United,West Brom,2,0,H,1,0,H,17,13,14,9,9,6,9,7,1,0,0,0,1.3,5.5,10.0,Football-Data.co.uk,2012-12-29,2012/13|2012-12-29|Man United|West Brom
2012/13,29/12/12,Norwich,Man City,3,4,A,1,2,A,13,13,8,9,4,9,8,10,3,1,0,1,6.0,4.0,1.57,Football-Data.co.uk,2012-12-29,2012/13|2012-12-29|Norwich|Man City
2012/13,29/12/12,Reading,West Ham,1,0,H,1,0,H,3,11,2,3,2,2,17,10,3,4,0,0,2.88,3.25,2.5,Football-Data.co.uk,2012-12-29,2012/13|2012-12-29|Reading|West Ham
2012/13,29/12/12,Stoke,Southampton,3,3,D,1,3,A,10,8,8,7,7,4,6,9,1,2,1,0,1.8,3.5,4.75,Football-Data.co.uk,2012-12-29,2012/13|2012-12-29|Stoke|Southampton
2012/13,29/12/12,Sunderland,Tottenham,1,2,A,1,0,H,9,18,6,14,3,8,9,15,1,3,0,0,3.5,3.4,2.1,Football-Data.co.uk,2012-12-29,2012/13|2012-12-29|Sunderland|Tottenham
2012/13,30/12/12,Everton,Chelsea,1,2,A,1,1,D,12,15,6,10,7,7,14,12,2,3,0,0,2.88,3.3,2.5,Football-Data.co.uk,2012-12-30,2012/13|2012-12-30|Everton|Chelsea
2012/13,30/12/12,QPR,Liverpool,0,3,A,0,3,A,14,16,7,11,1,9,10,8,2,1,0,0,4.0,3.5,1.91,Football-Data.co.uk,2012-12-30,2012/13|2012-12-30|QPR|Liverpool
2012/13,01/01/13,Man City,Stoke,3,0,H,1,0,H,17,4,9,3,7,2,6,9,2,2,0,0,1.29,5.5,11.0,Football-Data.co.uk,2013-01-01,2012/13|2013-01-01|Man City|Stoke
2012/13,01/01/13,Southampton,Arsenal,1,1,D,1,1,D,9,6,6,4,3,3,9,6,2,0,0,0,5.0,3.75,1.7,Football-Data.co.uk,2013-01-01,2012/13|2013-01-01|Southampton|Arsenal
2012/13,01/01/13,Swansea,Aston Villa,2,2,D,1,1,D,23,8,13,6,3,2,7,15,0,4,0,0,1.57,4.0,6.0,Football-Data.co.uk,2013-01-01,2012/13|2013-01-01|Swansea|Aston Villa
2012/13,01/01/13,Tottenham,Reading,3,1,H,1,1,D,30,7,20,4,12,3,9,9,0,0,0,0,1.33,5.0,10.0,Football-Data.co.uk,2013-01-01,2012/13|2013-01-01|Tottenham|Reading
2012/13,01/01/13,West Brom,Fulham,1,2,A,0,1,A,17,10,10,5,10,5,14,6,0,0,0,0,2.0,3.5,3.75,Football-Data.co.uk,2013-01-01,2012/13|2013-01-01|West Brom|Fulham
2012/13,01/01/13,West Ham,Norwich,2,1,H,2,0,H,14,9,8,3,11,3,14,7,0,0,0,0,2.1,3.4,3.5,Football-Data.co.uk,2013-01-01,2012/13|2013-01-01|West Ham|Norwich
2012/13,01/01/13,Wigan,Man United,0,4,A,0,2,A,7,14,3,9,1,6,13,5,1,1,0,0,6.0,4.2,1.53,Football-Data.co.uk,2013-01-01,2012/13|2013-01-01|Wigan|Man United
2012/13,02/01/13,Chelsea,QPR,0,1,A,0,0,D,23,8,11,5,14,2,12,8,1,1,0,0,1.2,6.5,15.0,Football-Data.co.uk,2013-01-02,2012/13|2013-01-02|Chelsea|QPR
2012/13,02/01/13,Liverpool,Sunderland,3,0,H,2,0,H,27,6,16,5,9,5,8,5,0,1,0,0,1.4,4.5,8.5,Football-Data.co.uk,2013-01-02,2012/13|2013-01-02|Liverpool|Sunderland
2012/13,02/01/13,Newcastle,Everton,1,2,A,1,1,D,14,7,11,6,4,6,21,7,3,2,0,0,3.0,3.4,2.38,Football-Data.co.uk,2013-01-02,2012/13|2013-01-02|Newcastle|Everton
2012/13,12/01/13,Aston Villa,Southampton,0,1,A,0,1,A,16,11,10,4,9,5,9,6,1,1,0,0,2.55,3.5,2.9,Football-Data.co.uk,2013-01-12,2012/13|2013-01-12|Aston Villa|Southampton
2012/13,12/01/13,Everton,Swansea,0,0,D,0,0,D,16,4,8,2,7,1,13,9,1,4,0,0,1.57,4.2,6.5,Football-Data.co.uk,2013-01-12,2012/13|2013-01-12|Everton|Swansea
2012/13,12/01/13,Fulham,Wigan,1,1,D,1,0,H,14,15,5,6,6,8,8,15,0,1,0,0,2.05,3.5,4.0,Football-Data.co.uk,2013-01-12,2012/13|2013-01-12|Fulham|Wigan
2012/13,12/01/13,Norwich,Newcastle,0,0,D,0,0,D,12,9,3,4,5,4,5,6,0,1,0,0,2.2,3.6,3.4,Football-Data.co.uk,2013-01-12,2012/13|2013-01-12|Norwich|Newcastle
2012/13,12/01/13,QPR,Tottenham,0,0,D,0,0,D,4,16,1,8,2,6,10,7,1,1,0,0,4.5,3.8,1.85,Football-Data.co.uk,2013-01-12,2012/13|2013-01-12|QPR|Tottenham
2012/13,12/01/13,Reading,West Brom,3,2,H,0,1,A,7,11,7,6,8,4,6,13,1,1,0,0,3.0,3.4,2.5,Football-Data.co.uk,2013-01-12,2012/13|2013-01-12|Reading|West Brom
2012/13,12/01/13,Stoke,Chelsea,0,4,A,0,1,A,11,11,5,9,6,7,13,9,1,0,0,0,4.33,3.5,1.95,Football-Data.co.uk,2013-01-12,2012/13|2013-01-12|Stoke|Chelsea
2012/13,12/01/13,Sunderland,West Ham,3,0,H,1,0,H,18,9,14,4,4,6,10,13,0,3,0,0,2.38,3.3,3.3,Football-Data.co.uk,2013-01-12,2012/13|2013-01-12|Sunderland|West Ham
2012/13,13/01/13,Arsenal,Man City,0,2,A,0,2,A,9,16,4,9,2,7,11,18,2,4,1,1,2.63,3.5,2.8,Football-Data.co.uk,2013-01-13,2012/13|2013-01-13|Arsenal|Man City
2012/13,13/01/13,Man United,Liverpool,2,1,H,1,0,H,15,12,10,5,3,1,14,16,1,4,0,0,1.91,3.8,4.2,Football-Data.co.uk,2013-01-13,2012/13|2013-01-13|Man United|Liverpool
2012/13,16/01/13,Chelsea,Southampton,2,2,D,2,0,H,19,7,10,3,4,3,10,11,1,0,0,0,1.25,6.5,15.0,Football-Data.co.uk,2013-01-16,2012/13|2013-01-16|Chelsea|Southampton
2012/13,19/01/13,Liverpool,Norwich,5,0,H,2,0,H,17,5,10,3,10,4,10,8,1,1,0,0,1.33,5.5,10.5,Football-Data.co.uk,2013-01-19,2012/13|2013-01-19|Liverpool|Norwich
2012/13,19/01/13,Man City,Fulham,2,0,H,1,0,H,20,3,11,0,1,2,12,6,1,2,0,0,1.25,6.5,14.0,Football-Data.co.uk,2013-01-19,2012/13|2013-01-19|Man City|Fulham
2012/13,19/01/13,Newcastle,Reading,1,2,A,1,0,H,15,6,10,2,6,2,9,10,2,3,0,0,1.75,4.0,5.0,Football-Data.co.uk,2013-01-19,2012/13|2013-01-19|Newcastle|Reading
2012/13,19/01/13,Swansea,Stoke,3,1,H,0,0,D,12,7,6,2,7,6,11,9,0,0,0,0,2.2,3.4,3.6,Football-Data.co.uk,2013-01-19,2012/13|2013-01-19|Swansea|Stoke
2012/13,19/01/13,West Brom,Aston Villa,2,2,D,0,2,A,25,11,9,7,8,8,8,10,3,3,0,0,1.75,4.0,5.0,Football-Data.co.uk,2013-01-19,2012/13|2013-01-19|West Brom|Aston Villa
2012/13,19/01/13,West Ham,QPR,1,1,D,0,1,A,22,9,13,6,12,2,6,11,1,0,0,0,2.1,3.5,3.75,Football-Data.co.uk,2013-01-19,2012/13|2013-01-19|West Ham|QPR
2012/13,19/01/13,Wigan,Sunderland,2,3,A,1,3,A,20,10,11,5,9,0,10,16,3,2,0,0,2.15,3.4,3.8,Football-Data.co.uk,2013-01-19,2012/13|2013-01-19|Wigan|Sunderland
2012/13,20/01/13,Chelsea,Arsenal,2,1,H,2,0,H,13,12,8,8,3,9,10,11,2,1,0,0,1.91,3.6,4.0,Football-Data.co.uk,2013-01-20,2012/13|2013-01-20|Chelsea|Arsenal
2012/13,20/01/13,Tottenham,Man United,1,1,D,0,1,A,23,6,18,4,9,4,7,14,1,4,0,0,2.9,3.6,2.5,Football-Data.co.uk,2013-01-20,2012/13|2013-01-20|Tottenham|Man United
2012/13,21/01/13,Southampton,Everton,0,0,D,0,0,D,14,10,11,7,10,6,14,11,2,1,0,0,3.6,3.5,2.05,Football-Data.co.uk,2013-01-21,2012/13|2013-01-21|Southampton|Everton
2012/13,23/01/13,Arsenal,West Ham,5,1,H,1,1,D,23,7,17,5,13,5,9,10,0,1,0,0,1.44,4.75,8.0,Football-Data.co.uk,2013-01-23,2012/13|2013-01-23|Arsenal|West Ham
2012/13,29/01/13,Aston Villa,Newcastle,1,2,A,0,2,A,10,10,4,7,3,4,16,9,5,2,0,0,2.9,3.4,2.6,Football-Data.co.uk,2013-01-29,2012/13|2013-01-29|Aston Villa|Newcastle
2012/13,29/01/13,QPR,Man City,0,0,D,0,0,D,5,15,3,7,2,10,9,9,2,2,0,0,7.5,4.5,1.5,Football-Data.co.uk,2013-01-29,2012/13|2013-01-29|QPR|Man City
2012/13,29/01/13,Stoke,Wigan,2,2,D,1,0,H,9,11,4,6,0,1,12,10,1,1,0,0,2.2,3.3,3.75,Football-Data.co.uk,2013-01-29,2012/13|2013-01-29|Stoke|Wigan
2012/13,29/01/13,Sunderland,Swansea,0,0,D,0,0,D,4,18,2,8,3,4,11,11,1,2,0,0,2.5,3.4,3.0,Football-Data.co.uk,2013-01-29,2012/13|2013-01-29|Sunderland|Swansea
2012/13,30/01/13,Arsenal,Liverpool,2,2,D,0,1,A,14,10,6,5,8,6,9,11,3,1,0,0,2.4,3.5,3.1,Football-Data.co.uk,2013-01-30,2012/13|2013-01-30|Arsenal|Liverpool
2012/13,30/01/13,Everton,West Brom,2,1,H,2,0,H,11,7,4,4,5,2,9,14,0,2,0,0,1.6,4.1,6.5,Football-Data.co.uk,2013-01-30,2012/13|2013-01-30|Everton|West Brom
2012/13,30/01/13,Fulham,West Ham,3,1,H,1,0,H,13,8,6,4,2,8,8,9,2,0,0,0,2.2,3.5,3.5,Football-Data.co.uk,2013-01-30,2012/13|2013-01-30|Fulham|West Ham
2012/13,30/01/13,Man United,Southampton,2,1,H,2,1,H,11,21,7,10,4,8,10,10,2,1,0,0,1.25,6.5,14.0,Football-Data.co.uk,2013-01-30,2012/13|2013-01-30|Man United|Southampton
2012/13,30/01/13,Norwich,Tottenham,1,1,D,1,0,H,8,12,4,7,3,6,13,14,4,1,0,0,4.75,3.75,1.83,Football-Data.co.uk,2013-01-30,2012/13|2013-01-30|Norwich|Tottenham
2012/13,30/01/13,Reading,Chelsea,2,2,D,0,1,A,5,14,2,5,0,6,8,20,1,2,0,0,7.5,4.5,1.5,Football-Data.co.uk,2013-01-30,2012/13|2013-01-30|Reading|Chelsea
2012/13,02/02/13,Arsenal,Stoke,1,0,H,0,0,D,15,6,9,2,11,1,3,13,0,3,0,0,1.44,4.5,9.0,Football-Data.co.uk,2013-02-02,2012/13|2013-02-02|Arsenal|Stoke
2012/13,02/02/13,Everton,Aston Villa,3,3,D,1,2,A,22,8,13,4,15,2,6,23,1,4,0,0,1.4,5.0,9.0,Football-Data.co.uk,2013-02-02,2012/13|2013-02-02|Everton|Aston Villa
2012/13,02/02/13,Fulham,Man United,0,1,A,0,0,D,15,13,8,8,5,8,8,15,1,1,0,0,5.5,4.2,1.65,Football-Data.co.uk,2013-02-02,2012/13|2013-02-02|Fulham|Man United
2012/13,02/02/13,Newcastle,Chelsea,3,2,H,1,0,H,19,12,13,6,5,4,11,5,2,3,0,0,4.0,3.6,2.0,Football-Data.co.uk,2013-02-02,2012/13|2013-02-02|Newcastle|Chelsea
2012/13,02/02/13,QPR,Norwich,0,0,D,0,0,D,15,14,7,9,10,8,6,20,2,5,0,0,1.95,3.6,4.33,Football-Data.co.uk,2013-02-02,2012/13|2013-02-02|QPR|Norwich
2012/13,02/02/13,Reading,Sunderland,2,1,H,1,1,D,9,10,5,6,6,8,12,15,1,3,0,0,2.5,3.4,3.0,Football-Data.co.uk,2013-02-02,2012/13|2013-02-02|Reading|Sunderland
2012/13,02/02/13,West Ham,Swansea,1,0,H,0,0,D,18,11,9,7,5,3,7,9,1,1,0,0,2.4,3.4,3.2,Football-Data.co.uk,2013-02-02,2012/13|2013-02-02|West Ham|Swansea
2012/13,02/02/13,Wigan,Southampton,2,2,D,1,0,H,5,15,3,7,8,5,6,16,0,2,0,0,2.2,3.5,3.5,Football-Data.co.uk,2013-02-02,2012/13|2013-02-02|Wigan|Southampton
2012/13,03/02/13,Man City,Liverpool,2,2,D,1,1,D,9,21,5,12,9,10,14,7,2,4,0,0,1.83,3.9,4.5,Football-Data.co.uk,2013-02-03,2012/13|2013-02-03|Man City|Liverpool
2012/13,03/02/13,West Brom,Tottenham,0,1,A,0,0,D,4,21,3,13,2,17,9,9,1,0,1,0,3.6,3.4,2.2,Football-Data.co.uk,2013-02-03,2012/13|2013-02-03|West Brom|Tottenham
2012/13,09/02/13,Chelsea,Wigan,4,1,H,1,0,H,25,13,17,10,10,6,9,13,1,2,0,0,1.36,5.5,9.5,Football-Data.co.uk,2013-02-09,2012/13|2013-02-09|Chelsea|Wigan
2012/13,09/02/13,Norwich,Fulham,0,0,D,0,0,D,15,7,8,5,3,4,10,16,2,2,0,0,2.3,3.4,3.4,Football-Data.co.uk,2013-02-09,2012/13|2013-02-09|Norwich|Fulham
2012/13,09/02/13,Southampton,Man City,3,1,H,2,1,H,13,7,7,4,6,6,9,13,1,2,0,0,5.75,4.0,1.67,Football-Data.co.uk,2013-02-09,2012/13|2013-02-09|Southampton|Man City
2012/13,09/02/13,Stoke,Reading,2,1,H,0,0,D,13,5,10,4,11,3,7,4,2,0,0,0,1.91,3.5,4.6,Football-Data.co.uk,2013-02-09,2012/13|2013-02-09|Stoke|Reading
2012/13,09/02/13,Sunderland,Arsenal,0,1,A,0,1,A,12,18,7,9,11,2,6,13,3,2,0,1,4.5,3.6,1.91,Football-Data.co.uk,2013-02-09,2012/13|2013-02-09|Sunderland|Arsenal
2012/13,09/02/13,Swansea,QPR,4,1,H,2,0,H,13,14,12,8,5,2,10,9,1,3,0,0,1.83,3.75,4.75,Football-Data.co.uk,2013-02-09,2012/13|2013-02-09|Swansea|QPR
2012/13,09/02/13,Tottenham,Newcastle,2,1,H,1,1,D,16,9,9,7,11,5,5,11,0,2,0,0,1.67,4.0,5.75,Football-Data.co.uk,2013-02-09,2012/13|2013-02-09|Tottenham|Newcastle
2012/13,10/02/13,Aston Villa,West Ham,2,1,H,0,0,D,7,13,2,7,4,10,15,12,3,2,0,0,2.63,3.4,2.88,Football-Data.co.uk,2013-02-10,2012/13|2013-02-10|Aston Villa|West Ham
2012/13,10/02/13,Man United,Everton,2,0,H,2,0,H,10,9,6,8,7,6,12,9,0,2,0,0,1.75,3.9,5.0,Football-Data.co.uk,2013-02-10,2012/13|2013-02-10|Man United|Everton
2012/13,11/02/13,Liverpool,West Brom,0,2,A,0,0,D,23,4,14,3,13,5,9,9,1,4,0,0,1.4,5.0,9.0,Football-Data.co.uk,2013-02-11,2012/13|2013-02-11|Liverpool|West Brom
2012/13,17/02/13,Liverpool,Swansea,5,0,H,1,0,H,33,4,18,3,10,1,6,9,0,1,0,0,1.57,4.4,6.0,Football-Data.co.uk,2013-02-17,2012/13|2013-02-17|Liverpool|Swansea
2012/13,23/02/13,Arsenal,Aston Villa,2,1,H,1,0,H,24,5,14,3,12,3,7,12,1,2,0,0,1.33,5.5,11.0,Football-Data.co.uk,2013-02-23,2012/13|2013-02-23|Arsenal|Aston Villa
2012/13,23/02/13,Fulham,Stoke,1,0,H,1,0,H,20,7,9,2,9,4,4,9,1,3,0,0,2.2,3.3,3.75,Football-Data.co.uk,2013-02-23,2012/13|2013-02-23|Fulham|Stoke
2012/13,23/02/13,Norwich,Everton,2,1,H,0,1,A,10,11,9,5,7,5,15,10,1,1,0,0,3.8,3.5,2.1,Football-Data.co.uk,2013-02-23,2012/13|2013-02-23|Norwich|Everton
2012/13,23/02/13,QPR,Man United,0,2,A,0,1,A,12,13,5,8,2,4,10,6,0,0,0,0,7.0,4.33,1.53,Football-Data.co.uk,2013-02-23,2012/13|2013-02-23|QPR|Man United
2012/13,23/02/13,Reading,Wigan,0,3,A,0,2,A,7,14,1,8,2,9,9,11,1,1,1,0,2.63,3.4,2.88,Football-Data.co.uk,2013-02-23,2012/13|2013-02-23|Reading|Wigan
2012/13,23/02/13,West Brom,Sunderland,2,1,H,1,0,H,17,10,7,6,5,5,13,9,2,1,0,0,2.05,3.5,4.0,Football-Data.co.uk,2013-02-23,2012/13|2013-02-23|West Brom|Sunderland
2012/13,24/02/13,Man City,Chelsea,2,0,H,0,0,D,15,4,11,1,6,6,19,5,3,1,0,0,1.95,3.6,4.33,Football-Data.co.uk,2013-02-24,2012/13|2013-02-24|Man City|Chelsea
2012/13,24/02/13,Newcastle,Southampton,4,2,H,2,1,H,11,11,5,7,7,3,12,12,0,4,0,0,2.2,3.5,3.2,Football-Data.co.uk,2013-02-24,2012/13|2013-02-24|Newcastle|Southampton
2012/13,25/02/13,West Ham,Tottenham,2,3,A,1,1,D,8,25,6,16,6,12,12,7,4,1,0,0,3.6,3.5,2.15,Football-Data.co.uk,2013-02-25,2012/13|2013-02-25|West Ham|Tottenham
2012/13,02/03/13,Chelsea,West Brom,1,0,H,1,0,H,25,8,19,4,9,7,12,16,1,2,0,0,1.4,5.0,9.0,Football-Data.co.uk,2013-03-02,2012/13|2013-03-02|Chelsea|West Brom
2012/13,02/03/13,Everton,Reading,3,1,H,1,0,H,18,12,12,6,9,10,8,8,1,1,0,0,1.38,5.0,10.0,Football-Data.co.uk,2013-03-02,2012/13|2013-03-02|Everton|Reading
2012/13,02/03/13,Man United,Norwich,4,0,H,1,0,H,13,1,10,1,7,3,5,15,0,4,0,0,1.33,5.5,11.0,Football-Data.co.uk,2013-03-02,2012/13|2013-03-02|Man United|Norwich
2012/13,02/03/13,Southampton,QPR,1,2,A,1,1,D,17,5,9,3,6,3,7,15,1,3,0,0,1.85,3.8,4.5,Football-Data.co.uk,2013-03-02,2012/13|2013-03-02|Southampton|QPR
2012/13,02/03/13,Stoke,West Ham,0,1,A,0,1,A,10,10,2,7,4,2,12,12,1,2,0,0,2.15,3.25,4.0,Football-Data.co.uk,2013-03-02,2012/13|2013-03-02|Stoke|West Ham
2012/13,02/03/13,Sunderland,Fulham,2,2,D,1,2,A,12,7,6,4,7,3,9,14,1,3,0,0,2.4,3.3,3.3,Football-Data.co.uk,2013-03-02,2012/13|2013-03-02|Sunderland|Fulham
2012/13,02/03/13,Swansea,Newcastle,1,0,H,0,0,D,10,14,7,7,7,7,9,17,0,2,0,0,2.1,3.6,3.75,Football-Data.co.uk,2013-03-02,2012/13|2013-03-02|Swansea|Newcastle
2012/13,02/03/13,Wigan,Liverpool,0,4,A,0,3,A,15,8,11,7,4,3,11,15,2,2,0,0,4.5,3.75,1.85,Football-Data.co.uk,2013-03-02,2012/13|2013-03-02|Wigan|Liverpool
2012/13,03/03/13,Tottenham,Arsenal,2,1,H,2,0,H,11,10,5,6,4,6,17,13,3,1,0,0,2.3,3.6,3.25,Football-Data.co.uk,2013-03-03,2012/13|2013-03-03|Tottenham|Arsenal
2012/13,04/03/13,Aston Villa,Man City,0,1,A,0,1,A,10,20,5,12,6,5,10,14,2,0,0,0,7.5,4.5,1.44,Football-Data.co.uk,2013-03-04,2012/13|2013-03-04|Aston Villa|Man City
2012/13,09/03/13,Norwich,Southampton,0,0,D,0,0,D,3,15,2,7,1,7,9,10,2,3,0,0,2.5,3.4,3.0,Football-Data.co.uk,2013-03-09,2012/13|2013-03-09|Norwich|Southampton
2012/13,09/03/13,QPR,Sunderland,3,1,H,1,1,D,15,7,8,3,4,5,4,19,0,2,0,0,2.25,3.4,3.5,Football-Data.co.uk,2013-03-09,2012/13|2013-03-09|QPR|Sunderland
2012/13,09/03/13,Reading,Aston Villa,1,2,A,1,2,A,10,18,4,7,6,1,8,7,2,3,0,0,2.45,3.4,3.1,Football-Data.co.uk,2013-03-09,2012/13|2013-03-09|Reading|Aston Villa
2012/13,09/03/13,West Brom,Swansea,2,1,H,1,1,D,12,9,6,4,3,3,9,10,1,1,0,0,2.45,3.3,3.2,Football-Data.co.uk,2013-03-09,2012/13|2013-03-09|West Brom|Swansea
2012/13,10/03/13,Liverpool,Tottenham,3,2,H,1,1,D,10,15,4,9,1,4,9,8,1,1,0,0,1.95,3.8,4.0,Football-Data.co.uk,2013-03-10,2012/13|2013-03-10|Liverpool|Tottenham
2012/13,10/03/13,Newcastle,Stoke,2,1,H,0,0,D,14,7,6,4,14,4,10,12,1,1,0,0,1.83,3.7,4.8,Football-Data.co.uk,2013-03-10,2012/13|2013-03-10|Newcastle|Stoke
2012/13,16/03/13,Aston Villa,QPR,3,2,H,1,1,D,10,18,6,11,9,6,16,10,3,2,0,0,2.3,3.4,3.4,Football-Data.co.uk,2013-03-16,2012/13|2013-03-16|Aston Villa|QPR
2012/13,16/03/13,Everton,Man City,2,0,H,1,0,H,11,17,5,11,13,6,15,10,4,3,1,0,3.9,3.6,2.05,Football-Data.co.uk,2013-03-16,2012/13|2013-03-16|Everton|Man City
2012/13,16/03/13,Man United,Reading,1,0,H,1,0,H,17,5,8,1,5,4,5,16,0,2,0,0,1.17,9.0,19.0,Football-Data.co.uk,2013-03-16,2012/13|2013-03-16|Man United|Reading
2012/13,16/03/13,Southampton,Liverpool,3,1,H,2,1,H,17,8,12,6,7,5,10,10,0,1,0,0,4.2,3.8,1.91,Football-Data.co.uk,2013-03-16,2012/13|2013-03-16|Southampton|Liverpool
2012/13,16/03/13,Stoke,West Brom,0,0,D,0,0,D,13,9,5,5,7,1,15,11,2,2,0,0,2.5,3.3,3.1,Football-Data.co.uk,2013-03-16,2012/13|2013-03-16|Stoke|West Brom
2012/13,16/03/13,Swansea,Arsenal,0,2,A,0,0,D,9,15,2,11,3,7,2,7,1,1,0,0,3.4,3.5,2.25,Football-Data.co.uk,2013-03-16,2012/13|2013-03-16|Swansea|Arsenal
2012/13,17/03/13,Chelsea,West Ham,2,0,H,1,0,H,24,15,14,9,5,5,5,14,0,2,0,0,1.4,5.0,9.0,Football-Data.co.uk,2013-03-17,2012/13|2013-03-17|Chelsea|West Ham
2012/13,17/03/13,Sunderland,Norwich,1,1,D,1,1,D,16,7,8,3,5,9,11,11,1,3,0,1,2.05,3.5,4.0,Football-Data.co.uk,2013-03-17,2012/13|2013-03-17|Sunderland|Norwich
2012/13,17/03/13,Tottenham,Fulham,0,1,A,0,0,D,12,6,6,2,5,5,10,5,1,1,0,0,1.5,4.5,7.5,Football-Data.co.uk,2013-03-17,2012/13|2013-03-17|Tottenham|Fulham
2012/13,17/03/13,Wigan,Newcastle,2,1,H,1,0,H,13,9,10,4,7,3,7,12,1,1,0,0,2.3,3.4,3.4,Football-Data.co.uk,2013-03-17,2012/13|2013-03-17|Wigan|Newcastle
2012/13,30/03/13,Arsenal,Reading,4,1,H,1,0,H,23,4,14,2,11,3,9,14,0,1,0,0,1.25,6.5,15.0,Football-Data.co.uk,2013-03-30,2012/13|2013-03-30|Arsenal|Reading
2012/13,30/03/13,Everton,Stoke,1,0,H,1,0,H,15,10,9,5,4,3,13,18,1,3,0,0,1.57,3.9,7.5,Football-Data.co.uk,2013-03-30,2012/13|2013-03-30|Everton|Stoke
2012/13,30/03/13,Man City,Newcastle,4,0,H,2,0,H,19,5,11,1,9,2,6,8,0,2,0,0,1.33,5.5,11.0,Football-Data.co.uk,2013-03-30,2012/13|2013-03-30|Man City|Newcastle
2012/13,30/03/13,Southampton,Chelsea,2,1,H,2,1,H,13,7,8,4,7,7,12,6,2,1,0,0,3.5,3.5,2.2,Football-Data.co.uk,2013-03-30,2012/13|2013-03-30|Southampton|Chelsea
2012/13,30/03/13,Sunderland,Man United,0,1,A,0,1,A,9,10,4,6,3,6,11,9,3,1,0,0,6.0,4.0,1.65,Football-Data.co.uk,2013-03-30,2012/13|2013-03-30|Sunderland|Man United
2012/13,30/03/13,Swansea,Tottenham,1,2,A,0,2,A,11,9,3,7,5,2,5,10,2,4,0,0,3.4,3.4,2.3,Football-Data.co.uk,2013-03-30,2012/13|2013-03-30|Swansea|Tottenham
2012/13,30/03/13,West Ham,West Brom,3,1,H,2,0,H,14,17,8,11,5,3,10,13,1,1,0,1,2.3,3.4,3.4,Football-Data.co.uk,2013-03-30,2012/13|2013-03-30|West Ham|West Brom
2012/13,30/03/13,Wigan,Norwich,1,0,H,0,0,D,13,9,6,5,10,3,13,9,1,2,0,0,1.95,3.6,4.33,Football-Data.co.uk,2013-03-30,2012/13|2013-03-30|Wigan|Norwich
2012/13,31/03/13,Aston Villa,Liverpool,1,2,A,1,0,H,10,16,7,12,7,8,9,8,1,1,0,0,5.0,4.0,1.75,Football-Data.co.uk,2013-03-31,2012/13|2013-03-31|Aston Villa|Liverpool
2012/13,01/04/13,Fulham,QPR,3,2,H,3,1,H,9,19,5,11,3,6,11,7,2,1,1,0,2.0,3.6,4.0,Football-Data.co.uk,2013-04-01,2012/13|2013-04-01|Fulham|QPR
2012/13,06/04/13,Norwich,Swansea,2,2,D,1,1,D,12,16,9,9,2,5,8,16,5,3,0,0,2.63,3.3,2.9,Football-Data.co.uk,2013-04-06,2012/13|2013-04-06|Norwich|Swansea
2012/13,06/04/13,Reading,Southampton,0,2,A,0,1,A,8,12,3,4,8,4,5,11,0,0,0,0,3.3,3.6,2.25,Football-Data.co.uk,2013-04-06,2012/13|2013-04-06|Reading|Southampton
2012/13,06/04/13,Stoke,Aston Villa,1,3,A,0,1,A,6,11,2,8,4,2,16,11,3,1,0,0,2.1,3.4,4.0,Football-Data.co.uk,2013-04-06,2012/13|2013-04-06|Stoke|Aston Villa
2012/13,06/04/13,West Brom,Arsenal,1,2,A,0,1,A,16,11,5,6,6,4,7,15,2,4,0,1,4.1,3.7,1.95,Football-Data.co.uk,2013-04-06,2012/13|2013-04-06|West Brom|Arsenal
2012/13,07/04/13,Chelsea,Sunderland,2,1,H,0,1,A,14,7,7,3,8,5,9,15,0,2,0,0,1.36,5.0,11.0,Football-Data.co.uk,2013-04-07,2012/13|2013-04-07|Chelsea|Sunderland
2012/13,07/04/13,Liverpool,West Ham,0,0,D,0,0,D,19,10,12,4,12,2,8,4,0,1,0,0,1.36,5.5,9.0,Football-Data.co.uk,2013-04-07,2012/13|2013-04-07|Liverpool|West Ham
2012/13,07/04/13,Newcastle,Fulham,1,0,H,0,0,D,20,5,10,3,10,3,13,11,2,2,0,0,2.1,3.5,3.8,Football-Data.co.uk,2013-04-07,2012/13|2013-04-07|Newcastle|Fulham
2012/13,07/04/13,QPR,Wigan,1,1,D,0,0,D,6,16,2,10,2,10,9,12,2,3,1,0,2.38,3.4,3.25,Football-Data.co.uk,2013-04-07,2012/13|2013-04-07|QPR|Wigan
2012/13,07/04/13,Tottenham,Everton,2,2,D,1,1,D,19,9,10,5,7,6,14,8,1,1,0,0,2.2,3.4,3.6,Football-Data.co.uk,2013-04-07,2012/13|2013-04-07|Tottenham|Everton
2012/13,08/04/13,Man United,Man City,1,2,A,0,0,D,16,9,7,5,9,4,13,18,3,5,0,0,2.3,3.5,3.3,Football-Data.co.uk,2013-04-08,2012/13|2013-04-08|Man United|Man City
2012/13,13/04/13,Arsenal,Norwich,3,1,H,0,0,D,10,5,7,5,9,3,8,10,1,2,0,0,1.25,6.5,14.0,Football-Data.co.uk,2013-04-13,2012/13|2013-04-13|Arsenal|Norwich
2012/13,13/04/13,Aston Villa,Fulham,1,1,D,0,0,D,15,8,7,3,8,5,5,15,1,2,0,0,2.3,3.3,3.5,Football-Data.co.uk,2013-04-13,2012/13|2013-04-13|Aston Villa|Fulham
2012/13,13/04/13,Everton,QPR,2,0,H,1,0,H,14,8,10,5,13,5,6,12,3,3,0,0,1.44,4.75,8.0,Football-Data.co.uk,2013-04-13,2012/13|2013-04-13|Everton|QPR
2012/13,13/04/13,Reading,Liverpool,0,0,D,0,0,D,7,26,5,15,4,9,9,8,2,1,0,0,8.0,4.75,1.45,Football-Data.co.uk,2013-04-13,2012/13|2013-04-13|Reading|Liverpool
2012/13,13/04/13,Southampton,West Ham,1,1,D,0,0,D,15,6,11,4,7,4,9,18,2,3,0,0,1.91,3.75,4.2,Football-Data.co.uk,2013-04-13,2012/13|2013-04-13|Southampton|West Ham
2012/13,14/04/13,Newcastle,Sunderland,0,3,A,0,1,A,15,8,9,7,10,9,14,7,3,2,0,0,1.95,3.5,4.5,Football-Data.co.uk,2013-04-14,2012/13|2013-04-14|Newcastle|Sunderland
2012/13,14/04/13,Stoke,Man United,0,2,A,0,1,A,13,9,4,3,3,7,9,9,1,1,0,0,7.0,3.9,1.6,Football-Data.co.uk,2013-04-14,2012/13|2013-04-14|Stoke|Man United
2012/13,16/04/13,Arsenal,Everton,0,0,D,0,0,D,10,10,6,5,8,1,11,12,2,3,0,0,1.75,3.9,5.0,Football-Data.co.uk,2013-04-16,2012/13|2013-04-16|Arsenal|Everton
2012/13,17/04/13,Fulham,Chelsea,0,3,A,0,2,A,11,13,7,10,6,5,11,11,2,1,0,0,4.75,3.8,1.8,Football-Data.co.uk,2013-04-17,2012/13|2013-04-17|Fulham|Chelsea
2012/13,17/04/13,Man City,Wigan,1,0,H,0,0,D,10,8,4,6,5,4,12,5,2,1,0,0,1.25,6.5,14.0,Football-Data.co.uk,2013-04-17,2012/13|2013-04-17|Man City|Wigan
2012/13,17/04/13,West Ham,Man United,2,2,D,1,1,D,10,15,4,9,2,5,9,7,1,0,0,0,5.5,3.9,1.7,Football-Data.co.uk,2013-04-17,2012/13|2013-04-17|West Ham|Man United
2012/13,20/04/13,Fulham,Arsenal,0,1,A,0,1,A,7,10,5,7,7,3,13,8,0,2,1,1,5.0,4.0,1.75,Football-Data.co.uk,2013-04-20,2012/13|2013-04-20|Fulham|Arsenal
2012/13,20/04/13,Norwich,Reading,2,1,H,0,0,D,19,14,9,6,8,8,8,12,2,3,0,0,1.75,3.8,5.25,Football-Data.co.uk,2013-04-20,2012/13|2013-04-20|Norwich|Reading
2012/13,20/04/13,QPR,Stoke,0,2,A,0,1,A,25,11,11,4,5,5,8,14,1,2,0,0,2.25,3.4,3.5,Football-Data.co.uk,2013-04-20,2012/13|2013-04-20|QPR|Stoke
2012/13,20/04/13,Sunderland,Everton,1,0,H,1,0,H,8,8,4,5,3,10,6,15,1,2,0,0,3.4,3.4,2.3,Football-Data.co.uk,2013-04-20,2012/13|2013-04-20|Sunderland|Everton
2012/13,20/04/13,Swansea,Southampton,0,0,D,0,0,D,14,9,7,5,7,2,11,13,0,0,0,0,2.38,3.5,3.1,Football-Data.co.uk,2013-04-20,2012/13|2013-04-20|Swansea|Southampton
2012/13,20/04/13,West Brom,Newcastle,1,1,D,0,1,A,8,10,4,6,15,2,9,10,0,2,0,0,2.25,3.5,3.4,Football-Data.co.uk,2013-04-20,2012/13|2013-04-20|West Brom|Newcastle
2012/13,20/04/13,West Ham,Wigan,2,0,H,1,0,H,17,18,11,10,3,6,12,11,3,1,0,0,2.3,3.5,3.3,Football-Data.co.uk,2013-04-20,2012/13|2013-04-20|West Ham|Wigan
2012/13,21/04/13,Liverpool,Chelsea,2,2,D,0,1,A,23,9,12,6,8,5,8,11,5,2,0,0,2.15,3.6,3.6,Football-Data.co.uk,2013-04-21,2012/13|2013-04-21|Liverpool|Chelsea
2012/13,21/04/13,Tottenham,Man City,3,1,H,0,1,A,11,11,8,7,4,5,11,10,3,3,0,0,3.25,3.6,2.3,Football-Data.co.uk,2013-04-21,2012/13|2013-04-21|Tottenham|Man City
2012/13,22/04/13,Man United,Aston Villa,3,0,H,3,0,H,10,8,5,5,5,3,10,6,1,0,0,0,1.25,6.75,13.0,Football-Data.co.uk,2013-04-22,2012/13|2013-04-22|Man United|Aston Villa
2012/13,27/04/13,Everton,Fulham,1,0,H,1,0,H,17,6,10,2,7,2,12,16,1,3,0,0,1.5,4.5,7.5,Football-Data.co.uk,2013-04-27,2012/13|2013-04-27|Everton|Fulham
2012/13,27/04/13,Man City,West Ham,2,1,H,1,0,H,16,9,10,6,9,4,9,7,1,3,0,0,1.29,6.0,12.0,Football-Data.co.uk,2013-04-27,2012/13|2013-04-27|Man City|West Ham
2012/13,27/04/13,Newcastle,Liverpool,0,6,A,0,2,A,5,11,1,10,5,7,14,7,3,2,1,0,2.88,3.6,2.5,Football-Data.co.uk,2013-04-27,2012/13|2013-04-27|Newcastle|Liverpool
2012/13,27/04/13,Southampton,West Brom,0,3,A,0,1,A,16,11,4,9,7,6,9,11,2,2,2,1,1.85,3.75,4.6,Football-Data.co.uk,2013-04-27,2012/13|2013-04-27|Southampton|West Brom
2012/13,27/04/13,Stoke,Norwich,1,0,H,0,0,D,12,5,4,0,5,3,10,8,4,2,0,0,2.25,3.3,3.6,Football-Data.co.uk,2013-04-27,2012/13|2013-04-27|Stoke|Norwich
2012/13,27/04/13,Wigan,Tottenham,2,2,D,1,1,D,6,14,4,7,3,3,12,10,3,1,0,0,3.8,3.6,2.05,Football-Data.co.uk,2013-04-27,2012/13|2013-04-27|Wigan|Tottenham
2012/13,28/04/13,Arsenal,Man United,1,1,D,1,1,D,19,10,13,5,7,2,12,10,3,5,0,0,2.25,3.6,3.3,Football-Data.co.uk,2013-04-28,2012/13|2013-04-28|Arsenal|Man United
2012/13,28/04/13,Chelsea,Swansea,2,0,H,2,0,H,21,11,14,8,6,3,9,10,1,3,0,0,1.36,5.5,9.0,Football-Data.co.uk,2013-04-28,2012/13|2013-04-28|Chelsea|Swansea
2012/13,28/04/13,Reading,QPR,0,0,D,0,0,D,13,15,7,5,9,7,12,14,0,2,0,0,2.55,3.5,2.88,Football-Data.co.uk,2013-04-28,2012/13|2013-04-28|Reading|QPR
2012/13,29/04/13,Aston Villa,Sunderland,6,1,H,2,1,H,18,7,15,4,4,4,10,15,0,3,0,1,2.3,3.4,3.4,Football-Data.co.uk,2013-04-29,2012/13|2013-04-29|Aston Villa|Sunderland
2012/13,04/05/13,Fulham,Reading,2,4,A,0,1,A,18,20,13,13,3,3,14,7,2,1,0,0,1.73,3.9,5.25,Football-Data.co.uk,2013-05-04,2012/13|2013-05-04|Fulham|Reading
2012/13,04/05/13,Norwich,Aston Villa,1,2,A,0,0,D,9,12,4,6,6,5,15,13,2,3,0,0,2.55,3.3,3.0,Football-Data.co.uk,2013-05-04,2012/13|2013-05-04|Norwich|Aston Villa
2012/13,04/05/13,QPR,Arsenal,0,1,A,0,1,A,14,13,6,11,3,7,8,6,2,1,0,0,8.0,4.75,1.44,Football-Data.co.uk,2013-05-04,2012/13|2013-05-04|QPR|Arsenal
2012/13,04/05/13,Swansea,Man City,0,0,D,0,0,D,7,12,1,8,4,4,9,10,0,0,0,0,5.25,3.8,1.75,Football-Data.co.uk,2013-05-04,2012/13|2013-05-04|Swansea|Man City
2012/13,04/05/13,Tottenham,Southampton,1,0,H,0,0,D,7,10,4,6,5,5,8,9,1,1,0,0,1.44,4.75,8.0,Football-Data.co.uk,2013-05-04,2012/13|2013-05-04|Tottenham|Southampton
2012/13,04/05/13,West Brom,Wigan,2,3,A,1,1,D,17,13,11,8,7,5,9,7,4,3,0,0,2.45,3.5,3.0,Football-Data.co.uk,2013-05-04,2012/13|2013-05-04|West Brom|Wigan
2012/13,04/05/13,West Ham,Newcastle,0,0,D,0,0,D,9,11,3,6,7,3,12,12,1,1,0,0,2.38,3.4,3.25,Football-Data.co.uk,2013-05-04,2012/13|2013-05-04|West Ham|Newcastle
2012/13,05/05/13,Liverpool,Everton,0,0,D,0,0,D,16,11,8,4,3,5,10,10,1,2,0,0,1.95,3.6,4.2,Football-Data.co.uk,2013-05-05,2012/13|2013-05-05|Liverpool|Everton
2012/13,05/05/13,Man United,Chelsea,0,1,A,0,0,D,10,15,4,6,2,7,14,9,2,1,1,0,2.2,3.5,3.5,Football-Data.co.uk,2013-05-05,2012/13|2013-05-05|Man United|Chelsea
2012/13,06/05/13,Sunderland,Stoke,1,1,D,0,1,A,14,11,7,7,5,6,6,12,2,2,1,0,2.1,3.3,4.0,Football-Data.co.uk,2013-05-06,2012/13|2013-05-06|Sunderland|Stoke
2012/13,07/05/13,Man City,West Brom,1,0,H,1,0,H,21,20,9,11,6,8,10,9,2,1,0,0,1.4,5.0,9.0,Football-Data.co.uk,2013-05-07,2012/13|2013-05-07|Man City|West Brom
2012/13,07/05/13,Wigan,Swansea,2,3,A,1,0,H,14,10,11,6,4,4,14,13,2,2,0,0,1.83,3.75,4.75,Football-Data.co.uk,2013-05-07,2012/13|2013-05-07|Wigan|Swansea
2012/13,08/05/13,Chelsea,Tottenham,2,2,D,2,1,H,15,13,8,6,6,5,6,16,1,2,0,0,1.95,3.75,4.0,Football-Data.co.uk,2013-05-08,2012/13|2013-05-08|Chelsea|Tottenham
2012/13,11/05/13,Aston Villa,Chelsea,1,2,A,1,0,H,12,11,7,8,6,7,13,8,2,3,1,1,4.5,3.8,1.85,Football-Data.co.uk,2013-05-11,2012/13|2013-05-11|Aston Villa|Chelsea
2012/13,12/05/13,Everton,West Ham,2,0,H,1,0,H,23,7,13,2,7,1,8,11,1,2,0,0,1.5,4.5,7.5,Football-Data.co.uk,2013-05-12,2012/13|2013-05-12|Everton|West Ham
2012/13,12/05/13,Fulham,Liverpool,1,3,A,1,1,D,10,20,8,14,7,8,2,10,0,1,0,0,3.9,3.6,2.05,Football-Data.co.uk,2013-05-12,2012/13|2013-05-12|Fulham|Liverpool
2012/13,12/05/13,Man United,Swansea,2,1,H,1,0,H,16,5,9,2,7,5,5,6,0,0,0,0,1.3,5.75,12.0,Football-Data.co.uk,2013-05-12,2012/13|2013-05-12|Man United|Swansea
2012/13,12/05/13,Norwich,West Brom,4,0,H,1,0,H,11,8,8,5,8,2,10,7,2,1,0,0,2.2,3.4,3.6,Football-Data.co.uk,2013-05-12,2012/13|2013-05-12|Norwich|West Brom
2012/13,12/05/13,QPR,Newcastle,1,2,A,1,2,A,8,10,3,7,2,2,8,8,1,3,0,1,3.4,3.4,2.3,Football-Data.co.uk,2013-05-12,2012/13|2013-05-12|QPR|Newcastle
2012/13,12/05/13,Stoke,Tottenham,1,2,A,1,1,D,6,23,3,15,2,11,11,5,4,1,1,0,4.5,3.6,1.91,Football-Data.co.uk,2013-05-12,2012/13|2013-05-12|Stoke|Tottenham
2012/13,12/05/13,Sunderland,Southampton,1,1,D,0,0,D,5,15,5,10,3,10,9,10,0,2,0,0,2.8,3.2,2.8,Football-Data.co.uk,2013-05-12,2012/13|2013-05-12|Sunderland|Southampton
2012/13,14/05/13,Arsenal,Wigan,4,1,H,1,1,D,19,10,12,5,7,4,11,11,0,2,0,0,1.4,5.5,8.0,Football-Data.co.uk,2013-05-14,2012/13|2013-05-14|Arsenal|Wigan
2012/13,14/05/13,Reading,Man City,0,2,A,0,1,A,11,27,7,20,4,10,6,7,0,1,0,0,6.0,4.33,1.6,Football-Data.co.uk,2013-05-14,2012/13|2013-05-14|Reading|Man City
2012/13,19/05/13,Chelsea,Everton,2,1,H,1,1,D,20,16,10,9,7,4,7,8,2,2,0,0,1.7,4.0,5.5,Football-Data.co.uk,2013-05-19,2012/13|2013-05-19|Chelsea|Everton
2012/13,19/05/13,Liverpool,QPR,1,0,H,1,0,H,27,10,20,3,14,0,7,3,1,3,0,0,1.25,7.0,12.0,Football-Data.co.uk,2013-05-19,2012/13|2013-05-19|Liverpool|QPR
2012/13,19/05/13,Man City,Norwich,2,3,A,1,1,D,12,12,5,7,7,7,10,8,1,0,0,0,1.33,5.5,11.0,Football-Data.co.uk,2013-05-19,2012/13|2013-05-19|Man City|Norwich
2012/13,19/05/13,Newcastle,Arsenal,0,1,A,0,0,D,7,9,2,3,4,4,17,10,1,2,0,0,6.0,4.6,1.55,Football-Data.co.uk,2013-05-19,2012/13|2013-05-19|Newcastle|Arsenal
2012/13,19/05/13,Southampton,Stoke,1,1,D,0,0,D,11,7,7,3,3,4,9,7,0,2,0,0,1.75,3.8,5.25,Football-Data.co.uk,2013-05-19,2012/13|2013-05-19|Southampton|Stoke
2012/13,19/05/13,Swansea,Fulham,0,3,A,0,1,A,19,8,11,6,8,0,12,9,2,1,0,0,1.8,3.8,4.75,Football-Data.co.uk,2013-05-19,2012/13|2013-05-19|Swansea|Fulham
2012/13,19/05/13,Tottenham,Sunderland,1,0,H,0,0,D,23,6,19,4,14,1,6,12,1,3,0,1,1.29,6.0,12.0,Football-Data.co.uk,2013-05-19,2012/13|2013-05-19|Tottenham|Sunderland
2012/13,19/05/13,West Brom,Man United,5,5,D,1,3,A,15,12,8,8,3,5,10,6,0,1,0,0,4.5,3.9,1.83,Football-Data.co.uk,2013-05-19,2012/13|2013-05-19|West Brom|Man United
2012/13,19/05/13,West Ham,Reading,4,2,H,2,0,H,21,17,12,7,6,4,14,8,2,1,0,0,1.67,4.0,5.75,Football-Data.co.uk,2013-05-19,2012/13|2013-05-19|West Ham|Reading
2012/13,19/05/13,Wigan,Aston Villa,2,2,D,2,1,H,12,5,6,2,4,2,8,12,2,1,0,0,2.15,3.6,3.6,Football-Data.co.uk,2013-05-19,2012/13|2013-05-19|Wigan|Aston Villa
2013/14,17/08/13,Arsenal,Aston Villa,1,3,A,1,1,D,16,9,4,4,4,3,15,18,4,5,1,0,1.44,4.75,8.0,Football-Data.co.uk,2013-08-17,2013/14|2013-08-17|Arsenal|Aston Villa
2013/14,17/08/13,Liverpool,Stoke,1,0,H,1,0,H,26,10,11,4,12,6,11,11,1,1,0,0,1.4,5.0,9.5,Football-Data.co.uk,2013-08-17,2013/14|2013-08-17|Liverpool|Stoke
2013/14,17/08/13,Norwich,Everton,2,2,D,0,0,D,8,19,2,6,6,8,13,10,2,0,0,0,3.2,3.4,2.4,Football-Data.co.uk,2013-08-17,2013/14|2013-08-17|Norwich|Everton
2013/14,17/08/13,Sunderland,Fulham,0,1,A,0,0,D,20,5,3,1,6,1,14,14,0,3,0,0,2.3,3.4,3.4,Football-Data.co.uk,2013-08-17,2013/14|2013-08-17|Sunderland|Fulham
2013/14,17/08/13,Swansea,Man United,1,4,A,0,2,A,17,15,6,7,7,4,13,10,1,3,0,0,4.2,3.5,2.0,Football-Data.co.uk,2013-08-17,2013/14|2013-08-17|Swansea|Man United
2013/14,17/08/13,West Brom,Southampton,0,1,A,0,0,D,11,7,1,2,4,8,14,24,4,0,0,0,2.4,3.4,3.2,Football-Data.co.uk,2013-08-17,2013/14|2013-08-17|West Brom|Southampton
2013/14,17/08/13,West Ham,Cardiff,2,0,H,1,0,H,18,12,4,1,4,3,10,7,0,1,0,0,2.0,3.6,4.0,Football-Data.co.uk,2013-08-17,2013/14|2013-08-17|West Ham|Cardiff
2013/14,18/08/13,Chelsea,Hull,2,0,H,2,0,H,22,7,5,2,5,1,7,16,0,1,0,0,1.2,7.0,21.0,Football-Data.co.uk,2013-08-18,2013/14|2013-08-18|Chelsea|Hull
2013/14,18/08/13,Crystal Palace,Tottenham,0,1,A,0,0,D,5,17,3,2,3,7,6,9,1,0,0,0,4.75,3.75,1.83,Football-Data.co.uk,2013-08-18,2013/14|2013-08-18|Crystal Palace|Tottenham
2013/14,19/08/13,Man City,Newcastle,4,0,H,2,0,H,20,5,11,1,8,1,9,7,2,3,0,1,1.33,5.5,11.0,Football-Data.co.uk,2013-08-19,2013/14|2013-08-19|Man City|Newcastle
2013/14,21/08/13,Chelsea,Aston Villa,2,1,H,1,1,D,15,7,3,3,1,2,12,13,1,4,0,0,1.29,5.5,10.0,Football-Data.co.uk,2013-08-21,2013/14|2013-08-21|Chelsea|Aston Villa
2013/14,24/08/13,Aston Villa,Liverpool,0,1,A,0,1,A,17,5,3,1,8,2,9,8,3,3,0,0,4.0,3.75,1.95,Football-Data.co.uk,2013-08-24,2013/14|2013-08-24|Aston Villa|Liverpool
2013/14,24/08/13,Everton,West Brom,0,0,D,0,0,D,22,7,8,2,11,1,14,15,1,1,0,0,1.57,4.33,6.5,Football-Data.co.uk,2013-08-24,2013/14|2013-08-24|Everton|West Brom
2013/14,24/08/13,Fulham,Arsenal,1,3,A,0,2,A,16,18,7,7,1,8,10,8,2,2,0,0,3.8,3.5,2.1,Football-Data.co.uk,2013-08-24,2013/14|2013-08-24|Fulham|Arsenal
2013/14,24/08/13,Hull,Norwich,1,0,H,1,0,H,6,13,1,4,1,5,14,19,1,1,1,0,2.45,3.4,3.1,Football-Data.co.uk,2013-08-24,2013/14|2013-08-24|Hull|Norwich
2013/14,24/08/13,Newcastle,West Ham,0,0,D,0,0,D,16,6,0,1,5,4,12,14,0,1,0,0,2.3,3.4,3.4,Football-Data.co.uk,2013-08-24,2013/14|2013-08-24|Newcastle|West Ham
2013/14,24/08/13,Southampton,Sunderland,1,1,D,0,1,A,17,8,6,3,5,2,12,13,2,2,0,0,1.73,3.8,5.5,Football-Data.co.uk,2013-08-24,2013/14|2013-08-24|Southampton|Sunderland
2013/14,24/08/13,Stoke,Crystal Palace,2,1,H,0,1,A,14,14,5,5,7,0,13,6,3,0,0,0,1.83,3.6,5.0,Football-Data.co.uk,2013-08-24,2013/14|2013-08-24|Stoke|Crystal Palace
2013/14,25/08/13,Cardiff,Man City,3,2,H,0,0,D,9,16,6,5,3,8,2,9,0,0,0,0,8.5,4.75,1.44,Football-Data.co.uk,2013-08-25,2013/14|2013-08-25|Cardiff|Man City
2013/14,25/08/13,Tottenham,Swansea,1,0,H,0,0,D,19,7,5,5,8,3,10,15,1,4,0,0,1.62,4.0,6.5,Football-Data.co.uk,2013-08-25,2013/14|2013-08-25|Tottenham|Swansea
2013/14,26/08/13,Man United,Chelsea,0,0,D,0,0,D,13,8,3,4,4,1,9,9,0,2,0,0,2.45,3.4,3.1,Football-Data.co.uk,2013-08-26,2013/14|2013-08-26|Man United|Chelsea
2013/14,31/08/13,Cardiff,Everton,0,0,D,0,0,D,4,13,1,3,4,5,11,9,1,1,0,0,3.25,3.4,2.38,Football-Data.co.uk,2013-08-31,2013/14|2013-08-31|Cardiff|Everton
2013/14,31/08/13,Crystal Palace,Sunderland,3,1,H,1,0,H,17,10,6,2,6,6,6,6,1,0,0,1,2.6,3.3,3.0,Football-Data.co.uk,2013-08-31,2013/14|2013-08-31|Crystal Palace|Sunderland
2013/14,31/08/13,Man City,Hull,2,0,H,0,0,D,12,7,6,2,7,4,15,14,2,3,0,0,1.17,8.5,19.0,Football-Data.co.uk,2013-08-31,2013/14|2013-08-31|Man City|Hull
2013/14,31/08/13,Newcastle,Fulham,1,0,H,0,0,D,24,3,9,2,13,2,13,9,2,2,0,0,2.15,3.4,3.75,Football-Data.co.uk,2013-08-31,2013/14|2013-08-31|Newcastle|Fulham
2013/14,31/08/13,Norwich,Southampton,1,0,H,0,0,D,15,11,4,2,5,5,11,15,0,0,0,0,3.0,3.3,2.55,Football-Data.co.uk,2013-08-31,2013/14|2013-08-31|Norwich|Southampton
2013/14,31/08/13,West Ham,Stoke,0,1,A,0,0,D,9,15,0,5,3,4,10,12,2,1,0,0,2.0,3.4,4.33,Football-Data.co.uk,2013-08-31,2013/14|2013-08-31|West Ham|Stoke
2013/14,01/09/13,Arsenal,Tottenham,1,0,H,1,0,H,12,14,5,4,3,6,15,14,2,2,0,0,2.1,3.7,3.6,Football-Data.co.uk,2013-09-01,2013/14|2013-09-01|Arsenal|Tottenham
2013/14,01/09/13,Liverpool,Man United,1,0,H,1,0,H,10,10,5,4,2,7,15,15,2,4,0,0,2.63,3.4,2.88,Football-Data.co.uk,2013-09-01,2013/14|2013-09-01|Liverpool|Man United
2013/14,01/09/13,West Brom,Swansea,0,2,A,0,1,A,10,12,1,4,2,3,10,14,4,3,0,0,2.7,3.4,2.8,Football-Data.co.uk,2013-09-01,2013/14|2013-09-01|West Brom|Swansea
2013/14,14/09/13,Aston Villa,Newcastle,1,2,A,0,1,A,10,17,1,8,4,2,9,11,1,4,0,0,2.15,3.4,3.8,Football-Data.co.uk,2013-09-14,2013/14|2013-09-14|Aston Villa|Newcastle
2013/14,14/09/13,Everton,Chelsea,1,0,H,1,0,H,11,22,5,5,5,7,10,12,0,4,0,0,3.4,3.3,2.35,Football-Data.co.uk,2013-09-14,2013/14|2013-09-14|Everton|Chelsea
2013/14,14/09/13,Fulham,West Brom,1,1,D,1,0,H,12,12,2,4,4,5,9,12,0,1,0,0,2.15,3.5,3.6,Football-Data.co.uk,2013-09-14,2013/14|2013-09-14|Fulham|West Brom
2013/14,14/09/13,Hull,Cardiff,1,1,D,1,0,H,18,10,5,2,6,2,8,8,1,2,0,0,2.45,3.25,3.25,Football-Data.co.uk,2013-09-14,2013/14|2013-09-14|Hull|Cardiff
2013/14,14/09/13,Man United,Crystal Palace,2,0,H,1,0,H,19,4,7,0,10,1,8,11,1,2,0,1,1.22,7.0,16.0,Football-Data.co.uk,2013-09-14,2013/14|2013-09-14|Man United|Crystal Palace
2013/14,14/09/13,Stoke,Man City,0,0,D,0,0,D,11,10,3,3,2,4,13,11,1,1,0,0,6.0,4.0,1.65,Football-Data.co.uk,2013-09-14,2013/14|2013-09-14|Stoke|Man City
2013/14,14/09/13,Sunderland,Arsenal,1,3,A,0,1,A,17,14,2,6,6,7,12,10,1,2,0,0,6.0,3.9,1.67,Football-Data.co.uk,2013-09-14,2013/14|2013-09-14|Sunderland|Arsenal
2013/14,14/09/13,Tottenham,Norwich,2,0,H,1,0,H,23,4,7,1,8,1,2,12,1,3,0,0,1.45,4.75,8.0,Football-Data.co.uk,2013-09-14,2013/14|2013-09-14|Tottenham|Norwich
2013/14,15/09/13,Southampton,West Ham,0,0,D,0,0,D,15,6,5,1,10,4,12,10,1,3,0,0,1.85,3.6,4.75,Football-Data.co.uk,2013-09-15,2013/14|2013-09-15|Southampton|West Ham
2013/14,16/09/13,Swansea,Liverpool,2,2,D,1,2,A,17,12,8,5,3,7,7,10,2,3,0,0,3.5,3.5,2.2,Football-Data.co.uk,2013-09-16,2013/14|2013-09-16|Swansea|Liverpool
2013/14,21/09/13,Chelsea,Fulham,2,0,H,0,0,D,26,4,10,1,13,3,11,9,0,0,0,0,1.3,5.75,12.0,Football-Data.co.uk,2013-09-21,2013/14|2013-09-21|Chelsea|Fulham
2013/14,21/09/13,Liverpool,Southampton,0,1,A,0,0,D,10,12,5,7,6,6,6,9,0,1,0,0,1.6,4.0,6.5,Football-Data.co.uk,2013-09-21,2013/14|2013-09-21|Liverpool|Southampton
2013/14,21/09/13,Newcastle,Hull,2,3,A,2,1,H,15,12,2,5,3,3,11,8,1,1,0,0,1.85,3.5,5.0,Football-Data.co.uk,2013-09-21,2013/14|2013-09-21|Newcastle|Hull
2013/14,21/09/13,Norwich,Aston Villa,0,1,A,0,1,A,12,16,1,4,7,4,15,10,1,0,0,0,2.4,3.4,3.2,Football-Data.co.uk,2013-09-21,2013/14|2013-09-21|Norwich|Aston Villa
2013/14,21/09/13,West Brom,Sunderland,3,0,H,1,0,H,13,7,4,0,5,6,9,10,0,2,0,0,2.05,3.4,4.2,Football-Data.co.uk,2013-09-21,2013/14|2013-09-21|West Brom|Sunderland
2013/14,21/09/13,West Ham,Everton,2,3,A,1,0,H,9,10,1,4,5,5,16,12,2,1,1,0,3.3,3.3,2.4,Football-Data.co.uk,2013-09-21,2013/14|2013-09-21|West Ham|Everton
2013/14,22/09/13,Arsenal,Stoke,3,1,H,2,1,H,16,9,8,3,6,7,8,15,0,2,0,0,1.36,5.25,10.0,Football-Data.co.uk,2013-09-22,2013/14|2013-09-22|Arsenal|Stoke
2013/14,22/09/13,Cardiff,Tottenham,0,1,A,0,0,D,6,29,0,12,2,12,5,7,1,4,0,0,4.5,3.6,1.91,Football-Data.co.uk,2013-09-22,2013/14|2013-09-22|Cardiff|Tottenham
2013/14,22/09/13,Crystal Palace,Swansea,0,2,A,0,1,A,9,15,1,7,6,7,13,9,2,2,0,0,3.5,3.4,2.25,Football-Data.co.uk,2013-09-22,2013/14|2013-09-22|Crystal Palace|Swansea
2013/14,22/09/13,Man City,Man United,4,1,H,2,0,H,18,14,5,3,8,4,8,12,1,2,0,0,2.2,3.4,3.6,Football-Data.co.uk,2013-09-22,2013/14|2013-09-22|Man City|Man United
2013/14,28/09/13,Aston Villa,Man City,3,2,H,0,1,A,8,20,4,7,2,13,13,9,1,1,0,0,6.5,4.2,1.57,Football-Data.co.uk,2013-09-28,2013/14|2013-09-28|Aston Villa|Man City
2013/14,28/09/13,Fulham,Cardiff,1,2,A,1,1,D,9,22,5,4,11,10,14,13,1,1,0,0,2.1,3.4,3.9,Football-Data.co.uk,2013-09-28,2013/14|2013-09-28|Fulham|Cardiff
2013/14,28/09/13,Hull,West Ham,1,0,H,1,0,H,9,18,2,5,6,6,11,12,1,2,0,0,2.38,3.3,3.3,Football-Data.co.uk,2013-09-28,2013/14|2013-09-28|Hull|West Ham
2013/14,28/09/13,Man United,West Brom,1,2,A,0,0,D,14,12,6,4,5,8,10,14,3,2,0,0,1.3,5.75,12.0,Football-Data.co.uk,2013-09-28,2013/14|2013-09-28|Man United|West Brom
2013/14,28/09/13,Southampton,Crystal Palace,2,0,H,0,0,D,12,8,3,0,8,2,11,12,1,2,0,0,1.45,4.5,8.5,Football-Data.co.uk,2013-09-28,2013/14|2013-09-28|Southampton|Crystal Palace
2013/14,28/09/13,Swansea,Arsenal,1,2,A,0,0,D,10,10,3,4,4,3,5,11,3,2,0,0,3.2,3.4,2.38,Football-Data.co.uk,2013-09-28,2013/14|2013-09-28|Swansea|Arsenal
2013/14,28/09/13,Tottenham,Chelsea,1,1,D,1,0,H,12,11,4,5,4,5,14,14,5,1,0,1,2.7,3.3,2.88,Football-Data.co.uk,2013-09-28,2013/14|2013-09-28|Tottenham|Chelsea
2013/14,29/09/13,Stoke,Norwich,0,1,A,0,1,A,8,8,1,3,7,3,14,12,2,1,0,0,1.95,3.4,4.5,Football-Data.co.uk,2013-09-29,2013/14|2013-09-29|Stoke|Norwich
2013/14,29/09/13,Sunderland,Liverpool,1,3,A,0,2,A,23,15,5,6,10,8,8,10,2,1,0,0,5.5,3.9,1.7,Football-Data.co.uk,2013-09-29,2013/14|2013-09-29|Sunderland|Liverpool
2013/14,30/09/13,Everton,Newcastle,3,2,H,3,0,H,18,15,7,6,1,1,5,15,3,1,0,0,1.65,4.0,6.0,Football-Data.co.uk,2013-09-30,2013/14|2013-09-30|Everton|Newcastle
2013/14,05/10/13,Cardiff,Newcastle,1,2,A,0,2,A,8,20,2,10,3,3,11,8,1,0,0,0,2.45,3.4,3.1,Football-Data.co.uk,2013-10-05,2013/14|2013-10-05|Cardiff|Newcastle
2013/14,05/10/13,Fulham,Stoke,1,0,H,0,0,D,9,16,2,3,7,5,11,13,3,2,0,0,2.4,3.3,3.3,Football-Data.co.uk,2013-10-05,2013/14|2013-10-05|Fulham|Stoke
2013/14,05/10/13,Hull,Aston Villa,0,0,D,0,0,D,6,18,1,4,7,7,7,11,2,1,0,0,2.45,3.3,3.2,Football-Data.co.uk,2013-10-05,2013/14|2013-10-05|Hull|Aston Villa
2013/14,05/10/13,Liverpool,Crystal Palace,3,1,H,3,0,H,13,11,7,2,11,3,11,6,2,1,0,0,1.2,7.5,17.0,Football-Data.co.uk,2013-10-05,2013/14|2013-10-05|Liverpool|Crystal Palace
2013/14,05/10/13,Man City,Everton,3,1,H,2,1,H,12,6,6,4,8,1,15,10,5,4,0,0,1.67,4.2,5.5,Football-Data.co.uk,2013-10-05,2013/14|2013-10-05|Man City|Everton
2013/14,05/10/13,Sunderland,Man United,1,2,A,1,0,H,6,13,2,6,4,4,15,13,2,4,0,0,6.0,4.0,1.65,Football-Data.co.uk,2013-10-05,2013/14|2013-10-05|Sunderland|Man United
2013/14,06/10/13,Norwich,Chelsea,1,3,A,0,1,A,14,22,3,8,4,6,12,9,1,1,0,0,6.5,4.0,1.62,Football-Data.co.uk,2013-10-06,2013/14|2013-10-06|Norwich|Chelsea
2013/14,06/10/13,Southampton,Swansea,2,0,H,1,0,H,12,17,4,7,7,4,13,8,3,1,0,0,2.1,3.5,3.8,Football-Data.co.uk,2013-10-06,2013/14|2013-10-06|Southampton|Swansea
2013/14,06/10/13,Tottenham,West Ham,0,3,A,0,0,D,14,16,4,5,6,7,5,9,0,0,0,0,1.44,4.75,8.5,Football-Data.co.uk,2013-10-06,2013/14|2013-10-06|Tottenham|West Ham
2013/14,06/10/13,West Brom,Arsenal,1,1,D,1,0,H,12,14,4,5,6,2,6,11,1,2,0,0,4.9,4.0,1.75,Football-Data.co.uk,2013-10-06,2013/14|2013-10-06|West Brom|Arsenal
2013/14,19/10/13,Arsenal,Norwich,4,1,H,1,0,H,20,12,11,6,10,1,8,7,0,0,0,0,1.29,6.0,12.0,Football-Data.co.uk,2013-10-19,2013/14|2013-10-19|Arsenal|Norwich
2013/14,19/10/13,Chelsea,Cardiff,4,1,H,1,1,D,20,13,7,3,6,9,12,5,1,2,0,0,1.25,6.5,15.0,Football-Data.co.uk,2013-10-19,2013/14|2013-10-19|Chelsea|Cardiff
2013/14,19/10/13,Everton,Hull,2,1,H,1,1,D,14,9,6,1,5,7,7,17,3,1,0,0,1.45,4.5,9.0,Football-Data.co.uk,2013-10-19,2013/14|2013-10-19|Everton|Hull
2013/14,19/10/13,Man United,Southampton,1,1,D,1,0,H,12,18,5,7,4,4,10,19,2,3,0,0,1.57,4.33,6.5,Football-Data.co.uk,2013-10-19,2013/14|2013-10-19|Man United|Southampton
2013/14,19/10/13,Newcastle,Liverpool,2,2,D,1,1,D,14,23,4,7,3,13,8,10,2,3,1,0,4.5,3.9,1.83,Football-Data.co.uk,2013-10-19,2013/14|2013-10-19|Newcastle|Liverpool
2013/14,19/10/13,Stoke,West Brom,0,0,D,0,0,D,9,12,3,5,6,6,12,10,1,0,0,0,2.3,3.3,3.5,Football-Data.co.uk,2013-10-19,2013/14|2013-10-19|Stoke|West Brom
2013/14,19/10/13,Swansea,Sunderland,4,0,H,0,0,D,14,6,6,1,7,2,12,13,1,2,0,0,1.62,4.0,6.5,Football-Data.co.uk,2013-10-19,2013/14|2013-10-19|Swansea|Sunderland
2013/14,19/10/13,West Ham,Man City,1,3,A,0,1,A,11,16,2,9,5,5,7,12,1,2,0,0,5.5,3.8,1.73,Football-Data.co.uk,2013-10-19,2013/14|2013-10-19|West Ham|Man City
2013/14,20/10/13,Aston Villa,Tottenham,0,2,A,0,1,A,15,13,2,6,4,7,13,12,3,4,0,0,4.0,3.5,2.05,Football-Data.co.uk,2013-10-20,2013/14|2013-10-20|Aston Villa|Tottenham
2013/14,21/10/13,Crystal Palace,Fulham,1,4,A,1,2,A,14,9,4,6,5,7,10,13,0,1,0,0,2.75,3.3,2.8,Football-Data.co.uk,2013-10-21,2013/14|2013-10-21|Crystal Palace|Fulham
2013/14,26/10/13,Aston Villa,Everton,0,2,A,0,0,D,14,15,3,4,8,6,14,8,0,2,0,0,3.4,3.4,2.3,Football-Data.co.uk,2013-10-26,2013/14|2013-10-26|Aston Villa|Everton
2013/14,26/10/13,Crystal Palace,Arsenal,0,2,A,0,0,D,13,10,4,4,4,3,12,8,0,0,0,1,11.0,5.0,1.36,Football-Data.co.uk,2013-10-26,2013/14|2013-10-26|Crystal Palace|Arsenal
2013/14,26/10/13,Liverpool,West Brom,4,1,H,2,0,H,18,15,7,3,3,9,14,11,0,2,0,0,1.44,4.75,8.0,Football-Data.co.uk,2013-10-26,2013/14|2013-10-26|Liverpool|West Brom
2013/14,26/10/13,Man United,Stoke,3,2,H,1,2,A,19,10,5,5,12,2,8,18,2,6,0,0,1.33,5.5,11.0,Football-Data.co.uk,2013-10-26,2013/14|2013-10-26|Man United|Stoke
2013/14,26/10/13,Norwich,Cardiff,0,0,D,0,0,D,31,6,10,4,13,2,8,10,1,1,0,0,2.2,3.4,3.6,Football-Data.co.uk,2013-10-26,2013/14|2013-10-26|Norwich|Cardiff
2013/14,26/10/13,Southampton,Fulham,2,0,H,2,0,H,20,1,6,0,10,3,12,8,0,2,0,0,1.62,4.0,6.5,Football-Data.co.uk,2013-10-26,2013/14|2013-10-26|Southampton|Fulham
2013/14,27/10/13,Chelsea,Man City,2,1,H,1,0,H,12,15,4,6,3,6,11,15,2,3,0,0,2.38,3.4,3.2,Football-Data.co.uk,2013-10-27,2013/14|2013-10-27|Chelsea|Man City
2013/14,27/10/13,Sunderland,Newcastle,2,1,H,1,0,H,8,16,4,4,5,3,13,14,1,1,0,0,2.9,3.3,2.63,Football-Data.co.uk,2013-10-27,2013/14|2013-10-27|Sunderland|Newcastle
2013/14,27/10/13,Swansea,West Ham,0,0,D,0,0,D,10,15,5,4,9,6,12,14,1,3,0,0,1.75,3.8,5.25,Football-Data.co.uk,2013-10-27,2013/14|2013-10-27|Swansea|West Ham
2013/14,27/10/13,Tottenham,Hull,1,0,H,0,0,D,15,10,6,4,6,4,13,10,3,3,0,0,1.44,4.75,8.0,Football-Data.co.uk,2013-10-27,2013/14|2013-10-27|Tottenham|Hull
2013/14,02/11/13,Arsenal,Liverpool,2,0,H,1,0,H,12,12,7,4,3,5,11,7,2,1,0,0,2.3,3.5,3.3,Football-Data.co.uk,2013-11-02,2013/14|2013-11-02|Arsenal|Liverpool
2013/14,02/11/13,Fulham,Man United,1,3,A,0,3,A,15,10,6,4,4,4,6,12,2,1,0,0,6.5,4.2,1.57,Football-Data.co.uk,2013-11-02,2013/14|2013-11-02|Fulham|Man United
2013/14,02/11/13,Hull,Sunderland,1,0,H,1,0,H,25,9,2,1,4,2,17,11,2,0,0,2,2.15,3.4,3.8,Football-Data.co.uk,2013-11-02,2013/14|2013-11-02|Hull|Sunderland
2013/14,02/11/13,Man City,Norwich,7,0,H,4,0,H,27,7,9,1,10,3,6,9,1,1,0,0,1.2,7.5,18.0,Football-Data.co.uk,2013-11-02,2013/14|2013-11-02|Man City|Norwich
2013/14,02/11/13,Newcastle,Chelsea,2,0,H,0,0,D,15,13,8,2,3,8,13,11,2,2,0,0,6.0,4.2,1.62,Football-Data.co.uk,2013-11-02,2013/14|2013-11-02|Newcastle|Chelsea
2013/14,02/11/13,Stoke,Southampton,1,1,D,1,1,D,9,10,3,2,5,5,13,13,3,1,0,0,3.3,3.3,2.4,Football-Data.co.uk,2013-11-02,2013/14|2013-11-02|Stoke|Southampton
2013/14,02/11/13,West Brom,Crystal Palace,2,0,H,1,0,H,9,12,4,4,10,3,11,9,0,1,0,0,1.55,4.2,7.0,Football-Data.co.uk,2013-11-02,2013/14|2013-11-02|West Brom|Crystal Palace
2013/14,02/11/13,West Ham,Aston Villa,0,0,D,0,0,D,17,8,4,2,5,1,8,15,0,2,0,0,2.25,3.5,3.4,Football-Data.co.uk,2013-11-02,2013/14|2013-11-02|West Ham|Aston Villa
2013/14,03/11/13,Cardiff,Swansea,1,0,H,0,0,D,9,10,3,3,6,3,11,7,1,1,0,1,3.4,3.4,2.3,Football-Data.co.uk,2013-11-03,2013/14|2013-11-03|Cardiff|Swansea
2013/14,03/11/13,Everton,Tottenham,0,0,D,0,0,D,8,16,1,6,7,4,11,9,4,1,0,0,2.5,3.4,3.0,Football-Data.co.uk,2013-11-03,2013/14|2013-11-03|Everton|Tottenham
2013/14,09/11/13,Aston Villa,Cardiff,2,0,H,0,0,D,17,8,6,2,5,3,10,3,1,1,0,0,2.0,3.5,4.2,Football-Data.co.uk,2013-11-09,2013/14|2013-11-09|Aston Villa|Cardiff
2013/14,09/11/13,Chelsea,West Brom,2,2,D,1,0,H,17,11,7,3,9,4,11,15,3,7,0,0,1.29,6.0,12.0,Football-Data.co.uk,2013-11-09,2013/14|2013-11-09|Chelsea|West Brom
2013/14,09/11/13,Crystal Palace,Everton,0,0,D,0,0,D,9,15,2,2,4,7,16,8,1,0,0,0,6.5,4.0,1.62,Football-Data.co.uk,2013-11-09,2013/14|2013-11-09|Crystal Palace|Everton
2013/14,09/11/13,Liverpool,Fulham,4,0,H,3,0,H,32,4,10,1,9,3,13,9,0,1,0,0,1.25,6.5,15.0,Football-Data.co.uk,2013-11-09,2013/14|2013-11-09|Liverpool|Fulham
2013/14,09/11/13,Norwich,West Ham,3,1,H,0,1,A,15,12,6,4,4,2,12,11,1,1,0,0,2.63,3.3,2.9,Football-Data.co.uk,2013-11-09,2013/14|2013-11-09|Norwich|West Ham
2013/14,09/11/13,Southampton,Hull,4,1,H,3,0,H,15,10,7,2,6,5,10,15,1,2,0,0,1.62,3.8,7.0,Football-Data.co.uk,2013-11-09,2013/14|2013-11-09|Southampton|Hull
2013/14,10/11/13,Man United,Arsenal,1,0,H,1,0,H,5,10,2,2,5,6,12,11,2,3,0,0,2.35,3.5,3.2,Football-Data.co.uk,2013-11-10,2013/14|2013-11-10|Man United|Arsenal
2013/14,10/11/13,Sunderland,Man City,1,0,H,1,0,H,5,24,2,4,0,14,6,13,0,1,0,0,9.0,5.0,1.4,Football-Data.co.uk,2013-11-10,2013/14|2013-11-10|Sunderland|Man City
2013/14,10/11/13,Swansea,Stoke,3,3,D,0,2,A,17,6,6,3,14,3,12,15,5,3,0,0,2.0,3.4,4.33,Football-Data.co.uk,2013-11-10,2013/14|2013-11-10|Swansea|Stoke
2013/14,10/11/13,Tottenham,Newcastle,0,1,A,0,1,A,31,8,14,4,11,4,5,15,1,2,0,0,1.57,4.33,6.5,Football-Data.co.uk,2013-11-10,2013/14|2013-11-10|Tottenham|Newcastle
2013/14,23/11/13,Arsenal,Southampton,2,0,H,1,0,H,9,10,4,4,5,6,10,14,0,3,0,0,1.62,4.2,6.0,Football-Data.co.uk,2013-11-23,2013/14|2013-11-23|Arsenal|Southampton
2013/14,23/11/13,Everton,Liverpool,3,3,D,1,2,A,18,11,12,5,6,7,16,15,4,3,0,0,3.0,3.4,2.5,Football-Data.co.uk,2013-11-23,2013/14|2013-11-23|Everton|Liverpool
2013/14,23/11/13,Fulham,Swansea,1,2,A,0,0,D,9,21,3,5,8,8,11,9,3,1,0,0,3.3,3.3,2.38,Football-Data.co.uk,2013-11-23,2013/14|2013-11-23|Fulham|Swansea
2013/14,23/11/13,Hull,Crystal Palace,0,1,A,0,0,D,15,9,2,2,11,4,8,11,2,1,0,1,1.85,3.5,5.0,Football-Data.co.uk,2013-11-23,2013/14|2013-11-23|Hull|Crystal Palace
2013/14,23/11/13,Newcastle,Norwich,2,1,H,2,0,H,21,10,5,2,6,5,8,7,0,1,0,0,1.8,3.8,4.75,Football-Data.co.uk,2013-11-23,2013/14|2013-11-23|Newcastle|Norwich
2013/14,23/11/13,Stoke,Sunderland,2,0,H,1,0,H,17,11,5,3,3,7,11,5,2,1,0,1,2.15,3.3,3.9,Football-Data.co.uk,2013-11-23,2013/14|2013-11-23|Stoke|Sunderland
2013/14,23/11/13,West Ham,Chelsea,0,3,A,0,2,A,8,20,1,8,8,4,12,10,0,0,0,0,6.0,4.2,1.62,Football-Data.co.uk,2013-11-23,2013/14|2013-11-23|West Ham|Chelsea
2013/14,24/11/13,Cardiff,Man United,2,2,D,1,2,A,14,16,4,5,2,8,15,14,4,2,0,0,6.0,4.0,1.65,Football-Data.co.uk,2013-11-24,2013/14|2013-11-24|Cardiff|Man United
2013/14,24/11/13,Man City,Tottenham,6,0,H,3,0,H,15,13,10,5,4,7,7,11,1,3,0,0,1.7,4.0,5.5,Football-Data.co.uk,2013-11-24,2013/14|2013-11-24|Man City|Tottenham
2013/14,25/11/13,West Brom,Aston Villa,2,2,D,2,0,H,11,15,4,7,4,2,9,14,1,2,0,0,2.15,3.4,3.8,Football-Data.co.uk,2013-11-25,2013/14|2013-11-25|West Brom|Aston Villa
2013/14,30/11/13,Aston Villa,Sunderland,0,0,D,0,0,D,13,7,4,1,7,6,14,12,2,1,0,0,2.0,3.4,4.33,Football-Data.co.uk,2013-11-30,2013/14|2013-11-30|Aston Villa|Sunderland
2013/14,30/11/13,Cardiff,Arsenal,0,3,A,0,1,A,10,15,4,6,3,3,6,8,0,3,0,0,6.5,4.0,1.62,Football-Data.co.uk,2013-11-30,2013/14|2013-11-30|Cardiff|Arsenal
2013/14,30/11/13,Everton,Stoke,4,0,H,1,0,H,22,4,12,3,9,3,9,16,0,3,0,0,1.62,4.0,6.25,Football-Data.co.uk,2013-11-30,2013/14|2013-11-30|Everton|Stoke
2013/14,30/11/13,Newcastle,West Brom,2,1,H,1,0,H,14,14,6,1,3,3,15,15,1,2,0,0,2.05,3.5,4.0,Football-Data.co.uk,2013-11-30,2013/14|2013-11-30|Newcastle|West Brom
2013/14,30/11/13,Norwich,Crystal Palace,1,0,H,1,0,H,10,13,3,3,5,4,12,14,1,2,0,0,2.0,3.4,4.33,Football-Data.co.uk,2013-11-30,2013/14|2013-11-30|Norwich|Crystal Palace
2013/14,30/11/13,West Ham,Fulham,3,0,H,0,0,D,23,10,12,0,6,3,11,8,3,2,0,0,1.91,3.5,4.6,Football-Data.co.uk,2013-11-30,2013/14|2013-11-30|West Ham|Fulham
2013/14,01/12/13,Chelsea,Southampton,3,1,H,0,1,A,16,9,7,1,8,4,15,14,1,4,0,0,1.57,4.2,6.5,Football-Data.co.uk,2013-12-01,2013/14|2013-12-01|Chelsea|Southampton
2013/14,01/12/13,Hull,Liverpool,3,1,H,1,1,D,12,9,4,4,2,6,10,16,2,0,0,0,6.5,4.0,1.62,Football-Data.co.uk,2013-12-01,2013/14|2013-12-01|Hull|Liverpool
2013/14,01/12/13,Man City,Swansea,3,0,H,1,0,H,22,9,7,4,5,4,7,8,1,0,0,0,1.29,6.0,13.0,Football-Data.co.uk,2013-12-01,2013/14|2013-12-01|Man City|Swansea
2013/14,01/12/13,Tottenham,Man United,2,2,D,1,1,D,10,8,4,3,7,7,9,15,1,3,0,0,2.8,3.5,2.63,Football-Data.co.uk,2013-12-01,2013/14|2013-12-01|Tottenham|Man United
2013/14,03/12/13,Crystal Palace,West Ham,1,0,H,1,0,H,10,11,5,2,3,4,10,9,1,2,0,0,3.25,3.3,2.4,Football-Data.co.uk,2013-12-03,2013/14|2013-12-03|Crystal Palace|West Ham
2013/14,04/12/13,Arsenal,Hull,2,0,H,1,0,H,20,7,7,2,11,1,9,6,0,0,0,0,1.2,7.5,17.0,Football-Data.co.uk,2013-12-04,2013/14|2013-12-04|Arsenal|Hull
2013/14,04/12/13,Fulham,Tottenham,1,2,A,0,0,D,16,18,6,5,9,7,7,16,2,1,0,0,5.8,3.9,1.67,Football-Data.co.uk,2013-12-04,2013/14|2013-12-04|Fulham|Tottenham
2013/14,04/12/13,Liverpool,Norwich,5,1,H,3,0,H,28,14,12,5,4,0,10,6,3,1,0,0,1.29,6.0,12.0,Football-Data.co.uk,2013-12-04,2013/14|2013-12-04|Liverpool|Norwich
2013/14,04/12/13,Man United,Everton,0,1,A,0,0,D,18,15,6,4,7,4,12,12,2,0,0,0,1.73,3.75,5.5,Football-Data.co.uk,2013-12-04,2013/14|2013-12-04|Man United|Everton
2013/14,04/12/13,Southampton,Aston Villa,2,3,A,0,1,A,21,6,9,3,8,2,9,13,3,2,0,0,1.7,3.8,5.75,Football-Data.co.uk,2013-12-04,2013/14|2013-12-04|Southampton|Aston Villa
2013/14,04/12/13,Stoke,Cardiff,0,0,D,0,0,D,17,14,2,3,2,5,11,12,2,2,0,0,2.1,3.4,4.0,Football-Data.co.uk,2013-12-04,2013/14|2013-12-04|Stoke|Cardiff
2013/14,04/12/13,Sunderland,Chelsea,3,4,A,1,2,A,12,19,3,5,6,5,15,14,4,3,0,0,6.5,4.33,1.55,Football-Data.co.uk,2013-12-04,2013/14|2013-12-04|Sunderland|Chelsea
2013/14,04/12/13,Swansea,Newcastle,3,0,H,1,0,H,13,14,5,3,5,1,4,8,0,2,0,0,2.2,3.5,3.5,Football-Data.co.uk,2013-12-04,2013/14|2013-12-04|Swansea|Newcastle
2013/14,04/12/13,West Brom,Man City,2,3,A,0,2,A,12,15,1,5,3,3,8,10,1,1,0,0,6.0,4.2,1.62,Football-Data.co.uk,2013-12-04,2013/14|2013-12-04|West Brom|Man City
2013/14,07/12/13,Crystal Palace,Cardiff,2,0,H,1,0,H,19,10,5,2,8,3,9,12,0,0,0,0,2.8,3.3,2.75,Football-Data.co.uk,2013-12-07,2013/14|2013-12-07|Crystal Palace|Cardiff
2013/14,07/12/13,Liverpool,West Ham,4,1,H,1,0,H,32,8,9,1,8,4,9,12,0,3,0,1,1.29,6.0,12.0,Football-Data.co.uk,2013-12-07,2013/14|2013-12-07|Liverpool|West Ham
2013/14,07/12/13,Man United,Newcastle,0,1,A,0,0,D,8,9,4,3,4,4,11,18,0,2,0,0,1.53,4.33,7.0,Football-Data.co.uk,2013-12-07,2013/14|2013-12-07|Man United|Newcastle
2013/14,07/12/13,Southampton,Man City,1,1,D,1,1,D,15,13,4,3,5,4,6,9,0,2,0,0,5.25,3.8,1.75,Football-Data.co.uk,2013-12-07,2013/14|2013-12-07|Southampton|Man City
2013/14,07/12/13,Stoke,Chelsea,3,2,H,1,1,D,9,15,3,6,5,2,14,8,4,1,0,0,6.5,4.2,1.57,Football-Data.co.uk,2013-12-07,2013/14|2013-12-07|Stoke|Chelsea
2013/14,07/12/13,Sunderland,Tottenham,1,2,A,1,1,D,11,22,4,5,4,10,14,9,2,0,0,0,4.5,3.6,1.91,Football-Data.co.uk,2013-12-07,2013/14|2013-12-07|Sunderland|Tottenham
2013/14,07/12/13,West Brom,Norwich,0,2,A,0,1,A,26,8,12,3,10,3,10,6,1,3,0,0,1.8,3.75,5.0,Football-Data.co.uk,2013-12-07,2013/14|2013-12-07|West Brom|Norwich
2013/14,08/12/13,Arsenal,Everton,1,1,D,0,0,D,11,12,5,4,3,2,13,11,0,4,0,0,1.7,3.8,5.75,Football-Data.co.uk,2013-12-08,2013/14|2013-12-08|Arsenal|Everton
2013/14,08/12/13,Fulham,Aston Villa,2,0,H,2,0,H,22,10,10,2,4,7,12,13,0,2,0,0,2.75,3.3,2.8,Football-Data.co.uk,2013-12-08,2013/14|2013-12-08|Fulham|Aston Villa
2013/14,09/12/13,Swansea,Hull,1,1,D,0,1,A,11,9,2,2,12,1,8,7,3,3,0,0,1.75,3.75,5.5,Football-Data.co.uk,2013-12-09,2013/14|2013-12-09|Swansea|Hull
2013/14,14/12/13,Cardiff,West Brom,1,0,H,0,0,D,11,12,3,2,8,6,16,12,2,1,0,0,2.63,3.4,2.88,Football-Data.co.uk,2013-12-14,2013/14|2013-12-14|Cardiff|West Brom
2013/14,14/12/13,Chelsea,Crystal Palace,2,1,H,2,1,H,16,10,7,5,3,1,13,7,2,1,0,0,1.18,8.0,19.0,Football-Data.co.uk,2013-12-14,2013/14|2013-12-14|Chelsea|Crystal Palace
2013/14,14/12/13,Everton,Fulham,4,1,H,1,0,H,22,16,7,3,12,2,10,7,1,2,0,0,1.36,5.0,10.5,Football-Data.co.uk,2013-12-14,2013/14|2013-12-14|Everton|Fulham
2013/14,14/12/13,Hull,Stoke,0,0,D,0,0,D,13,11,4,2,7,5,11,13,1,0,0,0,2.3,3.3,3.5,Football-Data.co.uk,2013-12-14,2013/14|2013-12-14|Hull|Stoke
2013/14,14/12/13,Man City,Arsenal,6,3,H,2,1,H,22,12,7,6,8,8,12,6,2,1,0,0,1.83,3.75,4.75,Football-Data.co.uk,2013-12-14,2013/14|2013-12-14|Man City|Arsenal
2013/14,14/12/13,Newcastle,Southampton,1,1,D,1,0,H,16,8,5,3,11,3,10,16,1,2,0,0,2.4,3.4,3.2,Football-Data.co.uk,2013-12-14,2013/14|2013-12-14|Newcastle|Southampton
2013/14,14/12/13,West Ham,Sunderland,0,0,D,0,0,D,11,19,2,6,2,9,11,5,1,0,0,0,1.95,3.6,4.33,Football-Data.co.uk,2013-12-14,2013/14|2013-12-14|West Ham|Sunderland
2013/14,15/12/13,Aston Villa,Man United,0,3,A,0,2,A,17,14,6,5,3,4,15,8,4,2,0,0,5.25,3.8,1.75,Football-Data.co.uk,2013-12-15,2013/14|2013-12-15|Aston Villa|Man United
2013/14,15/12/13,Norwich,Swansea,1,1,D,1,1,D,16,10,3,2,8,5,12,11,0,3,0,0,2.88,3.3,2.7,Football-Data.co.uk,2013-12-15,2013/14|2013-12-15|Norwich|Swansea
2013/14,15/12/13,Tottenham,Liverpool,0,5,A,0,2,A,9,21,0,10,2,9,17,15,3,0,1,0,2.5,3.4,3.0,Football-Data.co.uk,2013-12-15,2013/14|2013-12-15|Tottenham|Liverpool
2013/14,21/12/13,Crystal Palace,Newcastle,0,3,A,0,2,A,9,13,4,6,3,7,11,14,1,2,0,0,3.25,3.4,2.38,Football-Data.co.uk,2013-12-21,2013/14|2013-12-21|Crystal Palace|Newcastle
2013/14,21/12/13,Fulham,Man City,2,4,A,0,2,A,12,17,5,10,4,4,7,15,1,1,0,0,9.5,5.25,1.36,Football-Data.co.uk,2013-12-21,2013/14|2013-12-21|Fulham|Man City
2013/14,21/12/13,Liverpool,Cardiff,3,1,H,3,0,H,27,10,7,3,9,5,11,13,2,0,0,0,1.2,7.5,16.0,Football-Data.co.uk,2013-12-21,2013/14|2013-12-21|Liverpool|Cardiff
2013/14,21/12/13,Man United,West Ham,3,1,H,2,0,H,21,4,8,1,8,2,7,16,1,4,0,0,1.36,5.25,10.0,Football-Data.co.uk,2013-12-21,2013/14|2013-12-21|Man United|West Ham
2013/14,21/12/13,Stoke,Aston Villa,2,1,H,0,0,D,12,14,2,4,6,7,13,17,1,5,0,0,2.3,3.25,3.5,Football-Data.co.uk,2013-12-21,2013/14|2013-12-21|Stoke|Aston Villa
2013/14,21/12/13,Sunderland,Norwich,0,0,D,0,0,D,18,14,4,5,6,7,13,10,2,1,1,0,2.05,3.5,4.0,Football-Data.co.uk,2013-12-21,2013/14|2013-12-21|Sunderland|Norwich
2013/14,21/12/13,West Brom,Hull,1,1,D,0,1,A,14,6,3,3,9,2,8,15,2,1,0,0,1.95,3.5,4.5,Football-Data.co.uk,2013-12-21,2013/14|2013-12-21|West Brom|Hull
2013/14,22/12/13,Southampton,Tottenham,2,3,A,1,1,D,12,13,5,3,2,5,10,18,1,1,0,0,2.55,3.3,3.0,Football-Data.co.uk,2013-12-22,2013/14|2013-12-22|Southampton|Tottenham
2013/14,22/12/13,Swansea,Everton,1,2,A,0,0,D,13,14,3,6,4,8,11,10,1,0,0,0,3.0,3.4,2.5,Football-Data.co.uk,2013-12-22,2013/14|2013-12-22|Swansea|Everton
2013/14,23/12/13,Arsenal,Chelsea,0,0,D,0,0,D,7,13,2,4,8,6,7,11,2,1,0,0,2.38,3.4,3.25,Football-Data.co.uk,2013-12-23,2013/14|2013-12-23|Arsenal|Chelsea
2013/14,26/12/13,Aston Villa,Crystal Palace,0,1,A,0,0,D,10,12,4,7,7,5,11,8,2,2,0,0,1.91,3.5,4.5,Football-Data.co.uk,2013-12-26,2013/14|2013-12-26|Aston Villa|Crystal Palace
2013/14,26/12/13,Cardiff,Southampton,0,3,A,0,3,A,9,11,0,6,6,3,11,13,1,2,0,0,3.3,3.3,2.38,Football-Data.co.uk,2013-12-26,2013/14|2013-12-26|Cardiff|Southampton
2013/14,26/12/13,Chelsea,Swansea,1,0,H,1,0,H,19,8,7,1,13,7,14,9,1,0,0,0,1.33,5.5,10.0,Football-Data.co.uk,2013-12-26,2013/14|2013-12-26|Chelsea|Swansea
2013/14,26/12/13,Everton,Sunderland,0,1,A,0,1,A,26,13,9,6,11,2,11,7,1,0,1,0,1.36,5.25,9.5,Football-Data.co.uk,2013-12-26,2013/14|2013-12-26|Everton|Sunderland
2013/14,26/12/13,Hull,Man United,2,3,A,2,2,D,17,13,5,4,6,5,12,14,2,2,0,1,7.0,4.2,1.55,Football-Data.co.uk,2013-12-26,2013/14|2013-12-26|Hull|Man United
2013/14,26/12/13,Man City,Liverpool,2,1,H,2,1,H,20,12,6,5,7,6,10,9,1,3,0,0,1.75,4.2,4.6,Football-Data.co.uk,2013-12-26,2013/14|2013-12-26|Man City|Liverpool
2013/14,26/12/13,Newcastle,Stoke,5,1,H,1,1,D,27,11,8,3,8,2,10,8,1,1,0,2,1.75,3.8,5.25,Football-Data.co.uk,2013-12-26,2013/14|2013-12-26|Newcastle|Stoke
2013/14,26/12/13,Norwich,Fulham,1,2,A,1,1,D,12,15,3,7,5,4,14,10,3,0,0,0,2.05,3.5,4.0,Football-Data.co.uk,2013-12-26,2013/14|2013-12-26|Norwich|Fulham
2013/14,26/12/13,Tottenham,West Brom,1,1,D,1,1,D,20,7,3,4,12,2,8,12,3,2,0,0,1.53,4.33,7.0,Football-Data.co.uk,2013-12-26,2013/14|2013-12-26|Tottenham|West Brom
2013/14,26/12/13,West Ham,Arsenal,1,3,A,0,0,D,12,29,5,8,0,10,11,6,1,1,0,0,6.5,4.0,1.62,Football-Data.co.uk,2013-12-26,2013/14|2013-12-26|West Ham|Arsenal
2013/14,28/12/13,Aston Villa,Swansea,1,1,D,1,1,D,7,17,3,3,2,8,13,9,3,2,0,0,3.0,3.3,2.55,Football-Data.co.uk,2013-12-28,2013/14|2013-12-28|Aston Villa|Swansea
2013/14,28/12/13,Cardiff,Sunderland,2,2,D,1,0,H,16,21,7,9,6,6,14,10,3,2,0,0,2.38,3.25,3.4,Football-Data.co.uk,2013-12-28,2013/14|2013-12-28|Cardiff|Sunderland
2013/14,28/12/13,Hull,Fulham,6,0,H,0,0,D,21,5,13,2,6,1,11,9,0,0,0,0,2.05,3.4,4.1,Football-Data.co.uk,2013-12-28,2013/14|2013-12-28|Hull|Fulham
2013/14,28/12/13,Man City,Crystal Palace,1,0,H,0,0,D,23,9,4,4,12,5,12,7,1,1,0,0,1.13,9.5,29.0,Football-Data.co.uk,2013-12-28,2013/14|2013-12-28|Man City|Crystal Palace
2013/14,28/12/13,Norwich,Man United,0,1,A,0,0,D,15,7,4,3,8,3,11,10,4,3,0,0,6.5,4.2,1.57,Football-Data.co.uk,2013-12-28,2013/14|2013-12-28|Norwich|Man United
2013/14,28/12/13,West Ham,West Brom,3,3,D,1,2,A,16,22,6,7,6,5,10,13,3,2,0,0,2.38,3.4,3.25,Football-Data.co.uk,2013-12-28,2013/14|2013-12-28|West Ham|West Brom
2013/14,29/12/13,Chelsea,Liverpool,2,1,H,2,1,H,11,8,5,4,4,2,17,17,4,1,0,0,2.2,3.5,3.5,Football-Data.co.uk,2013-12-29,2013/14|2013-12-29|Chelsea|Liverpool
2013/14,29/12/13,Everton,Southampton,2,1,H,1,0,H,9,12,4,2,2,3,9,14,2,4,0,0,1.83,3.7,4.75,Football-Data.co.uk,2013-12-29,2013/14|2013-12-29|Everton|Southampton
2013/14,29/12/13,Newcastle,Arsenal,0,1,A,0,0,D,11,11,3,5,4,1,10,8,0,3,0,0,4.0,3.7,2.0,Football-Data.co.uk,2013-12-29,2013/14|2013-12-29|Newcastle|Arsenal
2013/14,29/12/13,Tottenham,Stoke,3,0,H,1,0,H,20,2,7,1,6,1,6,14,2,2,0,0,1.44,4.33,8.0,Football-Data.co.uk,2013-12-29,2013/14|2013-12-29|Tottenham|Stoke
2013/14,01/01/14,Arsenal,Cardiff,2,0,H,0,0,D,28,8,6,2,12,2,6,11,1,2,0,0,1.29,6.0,13.0,Football-Data.co.uk,2014-01-01,2013/14|2014-01-01|Arsenal|Cardiff
2013/14,01/01/14,Crystal Palace,Norwich,1,1,D,1,1,D,13,8,4,5,9,4,12,10,2,1,0,1,2.38,3.3,3.3,Football-Data.co.uk,2014-01-01,2013/14|2014-01-01|Crystal Palace|Norwich
2013/14,01/01/14,Fulham,West Ham,2,1,H,1,1,D,30,11,11,3,12,4,6,5,2,1,0,1,2.5,3.3,3.1,Football-Data.co.uk,2014-01-01,2013/14|2014-01-01|Fulham|West Ham
2013/14,01/01/14,Liverpool,Hull,2,0,H,1,0,H,17,10,6,0,3,4,15,15,1,2,0,0,1.3,6.0,11.0,Football-Data.co.uk,2014-01-01,2013/14|2014-01-01|Liverpool|Hull
2013/14,01/01/14,Man United,Tottenham,1,2,A,0,1,A,16,9,6,4,13,2,7,7,2,1,0,0,1.8,3.8,4.75,Football-Data.co.uk,2014-01-01,2013/14|2014-01-01|Man United|Tottenham
2013/14,01/01/14,Southampton,Chelsea,0,3,A,0,0,D,12,11,2,5,6,8,13,10,4,1,0,0,4.0,3.5,2.05,Football-Data.co.uk,2014-01-01,2013/14|2014-01-01|Southampton|Chelsea
2013/14,01/01/14,Stoke,Everton,1,1,D,0,0,D,10,16,4,4,2,5,16,11,4,1,0,0,4.0,3.3,2.1,Football-Data.co.uk,2014-01-01,2013/14|2014-01-01|Stoke|Everton
2013/14,01/01/14,Sunderland,Aston Villa,0,1,A,0,1,A,17,13,1,5,10,2,8,11,4,3,0,0,2.15,3.4,3.75,Football-Data.co.uk,2014-01-01,2013/14|2014-01-01|Sunderland|Aston Villa
2013/14,01/01/14,Swansea,Man City,2,3,A,1,1,D,15,14,4,4,8,6,5,10,2,5,0,0,5.75,4.25,1.62,Football-Data.co.uk,2014-01-01,2013/14|2014-01-01|Swansea|Man City
2013/14,01/01/14,West Brom,Newcastle,1,0,H,0,0,D,13,9,4,3,3,4,7,15,0,0,0,1,2.6,3.4,2.88,Football-Data.co.uk,2014-01-01,2013/14|2014-01-01|West Brom|Newcastle
2013/14,11/01/14,Cardiff,West Ham,0,2,A,0,1,A,19,10,7,3,8,7,7,16,1,3,0,1,2.0,3.5,4.1,Football-Data.co.uk,2014-01-11,2013/14|2014-01-11|Cardiff|West Ham
2013/14,11/01/14,Everton,Norwich,2,0,H,1,0,H,23,12,5,3,10,5,7,14,1,2,0,0,1.4,5.0,9.0,Football-Data.co.uk,2014-01-11,2013/14|2014-01-11|Everton|Norwich
2013/14,11/01/14,Fulham,Sunderland,1,4,A,0,2,A,17,10,5,6,10,6,15,13,3,3,0,0,2.2,3.3,3.75,Football-Data.co.uk,2014-01-11,2013/14|2014-01-11|Fulham|Sunderland
2013/14,11/01/14,Hull,Chelsea,0,2,A,0,0,D,10,14,2,5,1,7,12,7,2,1,0,0,6.5,4.0,1.6,Football-Data.co.uk,2014-01-11,2013/14|2014-01-11|Hull|Chelsea
2013/14,11/01/14,Man United,Swansea,2,0,H,0,0,D,16,13,5,2,3,5,9,10,0,2,0,0,1.57,4.0,7.0,Football-Data.co.uk,2014-01-11,2013/14|2014-01-11|Man United|Swansea
2013/14,11/01/14,Southampton,West Brom,1,0,H,0,0,D,18,4,5,2,4,4,11,17,1,2,0,0,1.83,3.7,4.75,Football-Data.co.uk,2014-01-11,2013/14|2014-01-11|Southampton|West Brom
2013/14,11/01/14,Tottenham,Crystal Palace,2,0,H,0,0,D,10,14,4,2,5,11,12,12,1,2,0,0,1.36,5.0,10.0,Football-Data.co.uk,2014-01-11,2013/14|2014-01-11|Tottenham|Crystal Palace
2013/14,12/01/14,Newcastle,Man City,0,2,A,0,1,A,13,14,5,6,5,6,18,15,4,2,0,0,5.25,4.0,1.7,Football-Data.co.uk,2014-01-12,2013/14|2014-01-12|Newcastle|Man City
2013/14,12/01/14,Stoke,Liverpool,3,5,A,2,2,D,13,13,4,9,11,2,10,8,1,1,0,0,5.75,4.0,1.67,Football-Data.co.uk,2014-01-12,2013/14|2014-01-12|Stoke|Liverpool
2013/14,13/01/14,Aston Villa,Arsenal,1,2,A,0,2,A,11,8,5,4,3,5,12,9,2,2,0,0,6.0,4.2,1.62,Football-Data.co.uk,2014-01-13,2013/14|2014-01-13|Aston Villa|Arsenal
2013/14,18/01/14,Arsenal,Fulham,2,0,H,0,0,D,22,8,8,2,4,4,5,7,0,0,0,0,1.22,7.0,15.0,Football-Data.co.uk,2014-01-18,2013/14|2014-01-18|Arsenal|Fulham
2013/14,18/01/14,Crystal Palace,Stoke,1,0,H,0,0,D,12,17,6,2,4,3,9,13,0,2,0,0,2.35,3.2,3.5,Football-Data.co.uk,2014-01-18,2013/14|2014-01-18|Crystal Palace|Stoke
2013/14,18/01/14,Liverpool,Aston Villa,2,2,D,1,2,A,14,12,6,3,2,3,14,18,1,4,0,0,1.22,7.0,15.0,Football-Data.co.uk,2014-01-18,2013/14|2014-01-18|Liverpool|Aston Villa
2013/14,18/01/14,Man City,Cardiff,4,2,H,2,1,H,24,7,9,6,10,7,6,5,2,0,0,0,1.13,11.0,23.0,Football-Data.co.uk,2014-01-18,2013/14|2014-01-18|Man City|Cardiff
2013/14,18/01/14,Norwich,Hull,1,0,H,0,0,D,25,10,4,0,10,8,8,16,1,2,0,1,2.4,3.3,3.25,Football-Data.co.uk,2014-01-18,2013/14|2014-01-18|Norwich|Hull
2013/14,18/01/14,Sunderland,Southampton,2,2,D,1,2,A,10,17,5,8,4,7,8,8,2,0,0,0,3.2,3.3,2.45,Football-Data.co.uk,2014-01-18,2013/14|2014-01-18|Sunderland|Southampton
2013/14,18/01/14,West Ham,Newcastle,1,3,A,1,2,A,11,19,2,9,4,3,9,6,0,0,0,0,3.0,3.4,2.5,Football-Data.co.uk,2014-01-18,2013/14|2014-01-18|West Ham|Newcastle
2013/14,19/01/14,Chelsea,Man United,3,1,H,2,0,H,13,10,6,4,5,4,15,21,1,3,0,1,1.73,3.8,5.5,Football-Data.co.uk,2014-01-19,2013/14|2014-01-19|Chelsea|Man United
2013/14,19/01/14,Swansea,Tottenham,1,3,A,0,1,A,13,11,3,5,8,2,6,9,2,1,0,0,3.25,3.4,2.38,Football-Data.co.uk,2014-01-19,2013/14|2014-01-19|Swansea|Tottenham
2013/14,20/01/14,West Brom,Everton,1,1,D,0,1,A,14,13,6,4,4,2,16,12,3,2,0,0,3.5,3.4,2.25,Football-Data.co.uk,2014-01-20,2013/14|2014-01-20|West Brom|Everton
2013/14,28/01/14,Crystal Palace,Hull,1,0,H,1,0,H,13,13,3,4,8,3,14,8,4,0,0,1,2.5,3.2,3.2,Football-Data.co.uk,2014-01-28,2013/14|2014-01-28|Crystal Palace|Hull
2013/14,28/01/14,Liverpool,Everton,4,0,H,3,0,H,20,18,9,4,5,8,11,13,0,3,0,0,1.83,3.9,4.5,Football-Data.co.uk,2014-01-28,2013/14|2014-01-28|Liverpool|Everton
2013/14,28/01/14,Man United,Cardiff,2,0,H,1,0,H,17,7,5,1,5,5,9,9,0,1,0,0,1.25,6.5,15.0,Football-Data.co.uk,2014-01-28,2013/14|2014-01-28|Man United|Cardiff
2013/14,28/01/14,Norwich,Newcastle,0,0,D,0,0,D,9,22,2,3,7,7,13,7,1,1,1,1,2.7,3.4,2.8,Football-Data.co.uk,2014-01-28,2013/14|2014-01-28|Norwich|Newcastle
2013/14,28/01/14,Southampton,Arsenal,2,2,D,1,0,H,13,7,5,4,7,5,11,4,1,1,0,1,4.33,3.5,1.95,Football-Data.co.uk,2014-01-28,2013/14|2014-01-28|Southampton|Arsenal
2013/14,28/01/14,Swansea,Fulham,2,0,H,0,0,D,14,15,7,4,5,8,14,9,1,1,0,0,1.75,3.75,5.25,Football-Data.co.uk,2014-01-28,2013/14|2014-01-28|Swansea|Fulham
2013/14,29/01/14,Aston Villa,West Brom,4,3,H,3,3,D,10,12,6,4,3,3,15,10,1,3,0,0,2.6,3.3,3.0,Football-Data.co.uk,2014-01-29,2013/14|2014-01-29|Aston Villa|West Brom
2013/14,29/01/14,Chelsea,West Ham,0,0,D,0,0,D,39,1,9,1,13,3,12,11,1,3,0,0,1.18,8.0,19.0,Football-Data.co.uk,2014-01-29,2013/14|2014-01-29|Chelsea|West Ham
2013/14,29/01/14,Sunderland,Stoke,1,0,H,1,0,H,16,14,6,5,2,3,16,15,2,2,0,1,2.1,3.4,3.9,Football-Data.co.uk,2014-01-29,2013/14|2014-01-29|Sunderland|Stoke
2013/14,29/01/14,Tottenham,Man City,1,5,A,0,1,A,4,24,2,10,3,5,11,10,1,4,1,0,3.75,3.75,2.05,Football-Data.co.uk,2014-01-29,2013/14|2014-01-29|Tottenham|Man City
2013/14,01/02/14,Cardiff,Norwich,2,1,H,0,1,A,14,27,5,6,7,14,8,9,1,4,0,0,2.3,3.4,3.4,Football-Data.co.uk,2014-02-01,2013/14|2014-02-01|Cardiff|Norwich
2013/14,01/02/14,Everton,Aston Villa,2,1,H,0,1,A,13,4,6,1,13,1,4,18,1,0,0,0,1.53,4.33,7.0,Football-Data.co.uk,2014-02-01,2013/14|2014-02-01|Everton|Aston Villa
2013/14,01/02/14,Fulham,Southampton,0,3,A,0,0,D,8,17,4,5,4,5,10,9,0,3,0,0,3.6,3.4,2.2,Football-Data.co.uk,2014-02-01,2013/14|2014-02-01|Fulham|Southampton
2013/14,01/02/14,Hull,Tottenham,1,1,D,1,0,H,9,19,4,3,4,10,13,9,1,1,0,0,4.0,3.5,2.05,Football-Data.co.uk,2014-02-01,2013/14|2014-02-01|Hull|Tottenham
2013/14,01/02/14,Newcastle,Sunderland,0,3,A,0,2,A,28,16,10,5,7,3,18,13,2,2,0,0,1.95,3.5,4.33,Football-Data.co.uk,2014-02-01,2013/14|2014-02-01|Newcastle|Sunderland
2013/14,01/02/14,Stoke,Man United,2,1,H,1,0,H,13,19,6,4,7,10,18,7,2,2,0,0,7.0,4.0,1.57,Football-Data.co.uk,2014-02-01,2013/14|2014-02-01|Stoke|Man United
2013/14,01/02/14,West Ham,Swansea,2,0,H,2,0,H,11,20,4,0,8,11,7,7,1,0,1,0,2.9,3.4,2.6,Football-Data.co.uk,2014-02-01,2013/14|2014-02-01|West Ham|Swansea
2013/14,02/02/14,Arsenal,Crystal Palace,2,0,H,0,0,D,11,10,6,2,6,5,9,14,1,2,0,0,1.22,7.0,16.0,Football-Data.co.uk,2014-02-02,2013/14|2014-02-02|Arsenal|Crystal Palace
2013/14,02/02/14,West Brom,Liverpool,1,1,D,0,1,A,12,12,4,3,3,4,13,15,4,2,0,0,5.75,4.33,1.62,Football-Data.co.uk,2014-02-02,2013/14|2014-02-02|West Brom|Liverpool
2013/14,03/02/14,Man City,Chelsea,0,1,A,0,1,A,25,18,3,6,12,6,11,13,3,3,0,0,1.85,3.8,4.5,Football-Data.co.uk,2014-02-03,2013/14|2014-02-03|Man City|Chelsea
2013/14,08/02/14,Aston Villa,West Ham,0,2,A,0,0,D,16,10,1,2,8,10,9,8,0,2,0,0,2.1,3.5,3.8,Football-Data.co.uk,2014-02-08,2013/14|2014-02-08|Aston Villa|West Ham
2013/14,08/02/14,Chelsea,Newcastle,3,0,H,2,0,H,18,12,8,6,6,5,7,10,0,3,0,0,1.25,6.25,15.0,Football-Data.co.uk,2014-02-08,2013/14|2014-02-08|Chelsea|Newcastle
2013/14,08/02/14,Crystal Palace,West Brom,3,1,H,2,0,H,10,16,6,6,4,7,13,13,0,3,0,0,2.6,3.3,3.0,Football-Data.co.uk,2014-02-08,2013/14|2014-02-08|Crystal Palace|West Brom
2013/14,08/02/14,Liverpool,Arsenal,5,1,H,4,0,H,22,11,12,6,6,6,14,14,1,2,0,0,2.2,3.6,3.4,Football-Data.co.uk,2014-02-08,2013/14|2014-02-08|Liverpool|Arsenal
2013/14,08/02/14,Norwich,Man City,0,0,D,0,0,D,7,15,2,2,4,14,7,6,2,1,0,0,9.0,5.5,1.36,Football-Data.co.uk,2014-02-08,2013/14|2014-02-08|Norwich|Man City
2013/14,08/02/14,Southampton,Stoke,2,2,D,2,2,D,17,5,5,4,7,4,7,14,0,4,0,0,1.55,4.0,7.5,Football-Data.co.uk,2014-02-08,2013/14|2014-02-08|Southampton|Stoke
2013/14,08/02/14,Sunderland,Hull,0,2,A,0,1,A,7,25,3,9,2,6,12,16,1,3,1,0,2.15,3.4,3.8,Football-Data.co.uk,2014-02-08,2013/14|2014-02-08|Sunderland|Hull
2013/14,08/02/14,Swansea,Cardiff,3,0,H,0,0,D,17,7,6,1,5,1,7,8,1,1,0,0,1.85,3.6,4.75,Football-Data.co.uk,2014-02-08,2013/14|2014-02-08|Swansea|Cardiff
2013/14,09/02/14,Man United,Fulham,2,2,D,0,1,A,31,6,9,3,10,1,3,6,0,0,0,0,1.2,7.0,19.0,Football-Data.co.uk,2014-02-09,2013/14|2014-02-09|Man United|Fulham
2013/14,09/02/14,Tottenham,Everton,1,0,H,0,0,D,8,11,2,3,9,7,9,13,1,0,0,0,2.1,3.5,3.75,Football-Data.co.uk,2014-02-09,2013/14|2014-02-09|Tottenham|Everton
2013/14,11/02/14,Cardiff,Aston Villa,0,0,D,0,0,D,12,18,3,6,7,9,5,9,0,0,0,0,2.5,3.4,3.0,Football-Data.co.uk,2014-02-11,2013/14|2014-02-11|Cardiff|Aston Villa
2013/14,11/02/14,Hull,Southampton,0,1,A,0,0,D,12,16,4,7,2,2,6,8,0,3,0,0,3.0,3.25,2.6,Football-Data.co.uk,2014-02-11,2013/14|2014-02-11|Hull|Southampton
2013/14,11/02/14,West Brom,Chelsea,1,1,D,0,1,A,12,15,1,4,5,8,9,13,3,4,0,0,7.5,4.5,1.5,Football-Data.co.uk,2014-02-11,2013/14|2014-02-11|West Brom|Chelsea
2013/14,11/02/14,West Ham,Norwich,2,0,H,0,0,D,12,13,7,6,5,5,12,16,1,3,0,0,2.05,3.5,4.0,Football-Data.co.uk,2014-02-11,2013/14|2014-02-11|West Ham|Norwich
2013/14,12/02/14,Arsenal,Man United,0,0,D,0,0,D,17,6,5,2,5,5,10,14,1,2,0,0,2.15,3.5,3.6,Football-Data.co.uk,2014-02-12,2013/14|2014-02-12|Arsenal|Man United
2013/14,12/02/14,Fulham,Liverpool,2,3,A,1,1,D,10,21,3,7,7,5,7,9,4,3,0,0,8.0,5.25,1.4,Football-Data.co.uk,2014-02-12,2013/14|2014-02-12|Fulham|Liverpool
2013/14,12/02/14,Newcastle,Tottenham,0,4,A,0,1,A,13,15,5,8,8,6,6,11,0,0,0,0,3.3,3.5,2.3,Football-Data.co.uk,2014-02-12,2013/14|2014-02-12|Newcastle|Tottenham
2013/14,12/02/14,Stoke,Swansea,1,1,D,1,0,H,7,13,4,3,2,5,11,12,2,2,0,0,2.7,3.25,2.9,Football-Data.co.uk,2014-02-12,2013/14|2014-02-12|Stoke|Swansea
2013/14,22/02/14,Arsenal,Sunderland,4,1,H,3,0,H,12,7,9,3,7,3,10,11,0,1,0,0,1.33,5.5,11.0,Football-Data.co.uk,2014-02-22,2013/14|2014-02-22|Arsenal|Sunderland
2013/14,22/02/14,Cardiff,Hull,0,4,A,0,2,A,23,12,5,6,9,2,4,11,1,1,0,0,2.75,3.2,2.88,Football-Data.co.uk,2014-02-22,2013/14|2014-02-22|Cardiff|Hull
2013/14,22/02/14,Chelsea,Everton,1,0,H,0,0,D,25,8,8,2,8,8,15,12,1,2,0,0,1.57,4.0,7.0,Football-Data.co.uk,2014-02-22,2013/14|2014-02-22|Chelsea|Everton
2013/14,22/02/14,Crystal Palace,Man United,0,2,A,0,0,D,15,14,6,5,6,4,12,10,0,2,0,0,6.5,4.0,1.6,Football-Data.co.uk,2014-02-22,2013/14|2014-02-22|Crystal Palace|Man United
2013/14,22/02/14,Man City,Stoke,1,0,H,0,0,D,19,7,7,2,8,3,16,13,3,1,0,0,1.18,8.0,19.0,Football-Data.co.uk,2014-02-22,2013/14|2014-02-22|Man City|Stoke
2013/14,22/02/14,West Brom,Fulham,1,1,D,0,1,A,16,7,5,3,8,2,13,15,3,3,0,0,1.8,3.9,4.75,Football-Data.co.uk,2014-02-22,2013/14|2014-02-22|West Brom|Fulham
2013/14,22/02/14,West Ham,Southampton,3,1,H,2,1,H,10,25,5,5,5,11,10,8,0,1,0,0,3.2,3.4,2.4,Football-Data.co.uk,2014-02-22,2013/14|2014-02-22|West Ham|Southampton
2013/14,23/02/14,Liverpool,Swansea,4,3,H,3,2,H,21,14,10,5,3,5,9,11,1,0,0,0,1.3,5.75,12.0,Football-Data.co.uk,2014-02-23,2013/14|2014-02-23|Liverpool|Swansea
2013/14,23/02/14,Newcastle,Aston Villa,1,0,H,0,0,D,23,10,5,2,10,1,12,10,2,2,0,0,2.1,3.4,3.9,Football-Data.co.uk,2014-02-23,2013/14|2014-02-23|Newcastle|Aston Villa
2013/14,23/02/14,Norwich,Tottenham,1,0,H,0,0,D,13,9,3,2,5,3,8,15,1,3,0,0,3.8,3.5,2.1,Football-Data.co.uk,2014-02-23,2013/14|2014-02-23|Norwich|Tottenham
2013/14,01/03/14,Everton,West Ham,1,0,H,0,0,D,22,6,3,1,11,5,9,8,1,1,0,0,1.53,4.2,7.5,Football-Data.co.uk,2014-03-01,2013/14|2014-03-01|Everton|West Ham
2013/14,01/03/14,Fulham,Chelsea,1,3,A,0,0,D,7,17,3,8,5,4,14,13,2,1,0,0,8.0,4.75,1.45,Football-Data.co.uk,2014-03-01,2013/14|2014-03-01|Fulham|Chelsea
2013/14,01/03/14,Hull,Newcastle,1,4,A,0,2,A,13,17,3,7,6,3,13,10,3,2,0,0,2.45,3.2,3.3,Football-Data.co.uk,2014-03-01,2013/14|2014-03-01|Hull|Newcastle
2013/14,01/03/14,Southampton,Liverpool,0,3,A,0,1,A,13,12,2,5,3,6,10,6,1,2,0,0,3.75,3.75,2.05,Football-Data.co.uk,2014-03-01,2013/14|2014-03-01|Southampton|Liverpool
2013/14,01/03/14,Stoke,Arsenal,1,0,H,0,0,D,8,10,4,2,3,4,13,11,3,1,0,0,5.5,3.8,1.73,Football-Data.co.uk,2014-03-01,2013/14|2014-03-01|Stoke|Arsenal
2013/14,02/03/14,Aston Villa,Norwich,4,1,H,4,1,H,10,7,4,4,6,2,12,10,0,3,0,0,2.1,3.4,3.9,Football-Data.co.uk,2014-03-02,2013/14|2014-03-02|Aston Villa|Norwich
2013/14,02/03/14,Swansea,Crystal Palace,1,1,D,1,0,H,7,7,5,4,1,4,8,11,1,4,1,0,1.85,3.5,5.0,Football-Data.co.uk,2014-03-02,2013/14|2014-03-02|Swansea|Crystal Palace
2013/14,02/03/14,Tottenham,Cardiff,1,0,H,1,0,H,15,8,6,2,4,7,11,12,1,3,0,0,1.33,5.25,12.0,Football-Data.co.uk,2014-03-02,2013/14|2014-03-02|Tottenham|Cardiff
2013/14,08/03/14,Cardiff,Fulham,3,1,H,1,0,H,19,14,9,6,7,6,9,12,1,0,0,0,2.35,3.5,3.2,Football-Data.co.uk,2014-03-08,2013/14|2014-03-08|Cardiff|Fulham
2013/14,08/03/14,Chelsea,Tottenham,4,0,H,0,0,D,12,6,4,2,5,4,11,18,2,3,0,1,1.57,4.0,7.0,Football-Data.co.uk,2014-03-08,2013/14|2014-03-08|Chelsea|Tottenham
2013/14,08/03/14,Crystal Palace,Southampton,0,1,A,0,1,A,6,11,1,3,8,3,14,18,1,5,0,0,3.9,3.3,2.15,Football-Data.co.uk,2014-03-08,2013/14|2014-03-08|Crystal Palace|Southampton
2013/14,08/03/14,Norwich,Stoke,1,1,D,0,0,D,13,6,5,3,3,1,9,12,0,2,0,1,2.25,3.3,3.6,Football-Data.co.uk,2014-03-08,2013/14|2014-03-08|Norwich|Stoke
2013/14,08/03/14,West Brom,Man United,0,3,A,0,1,A,14,14,3,5,3,5,11,10,1,2,0,0,5.0,3.6,1.83,Football-Data.co.uk,2014-03-08,2013/14|2014-03-08|West Brom|Man United
2013/14,15/03/14,Aston Villa,Chelsea,1,0,H,0,0,D,13,15,4,2,4,5,14,8,4,0,0,2,7.0,4.33,1.53,Football-Data.co.uk,2014-03-15,2013/14|2014-03-15|Aston Villa|Chelsea
2013/14,15/03/14,Everton,Cardiff,2,1,H,0,0,D,19,10,6,3,10,5,10,10,1,3,0,0,1.36,5.0,11.0,Football-Data.co.uk,2014-03-15,2013/14|2014-03-15|Everton|Cardiff
2013/14,15/03/14,Fulham,Newcastle,1,0,H,0,0,D,12,12,3,3,9,7,11,6,1,0,0,0,2.9,3.4,2.6,Football-Data.co.uk,2014-03-15,2013/14|2014-03-15|Fulham|Newcastle
2013/14,15/03/14,Hull,Man City,0,2,A,0,1,A,15,8,5,3,3,4,9,14,2,2,0,1,6.5,4.33,1.57,Football-Data.co.uk,2014-03-15,2013/14|2014-03-15|Hull|Man City
2013/14,15/03/14,Southampton,Norwich,4,2,H,1,0,H,16,6,6,3,6,1,11,17,1,2,0,0,1.62,4.0,6.5,Football-Data.co.uk,2014-03-15,2013/14|2014-03-15|Southampton|Norwich
2013/14,15/03/14,Stoke,West Ham,3,1,H,1,1,D,17,8,9,2,6,4,13,13,1,1,0,0,2.25,3.3,3.6,Football-Data.co.uk,2014-03-15,2013/14|2014-03-15|Stoke|West Ham
2013/14,15/03/14,Sunderland,Crystal Palace,0,0,D,0,0,D,19,12,2,5,6,2,16,14,4,4,0,0,2.15,3.3,3.9,Football-Data.co.uk,2014-03-15,2013/14|2014-03-15|Sunderland|Crystal Palace
2013/14,15/03/14,Swansea,West Brom,1,2,A,1,0,H,15,13,4,4,4,1,7,13,1,3,0,0,1.95,3.6,4.33,Football-Data.co.uk,2014-03-15,2013/14|2014-03-15|Swansea|West Brom
2013/14,16/03/14,Man United,Liverpool,0,3,A,0,1,A,13,17,1,7,3,4,13,12,1,4,1,0,2.5,3.6,2.9,Football-Data.co.uk,2014-03-16,2013/14|2014-03-16|Man United|Liverpool
2013/14,16/03/14,Tottenham,Arsenal,0,1,A,0,1,A,17,7,2,3,5,2,18,11,5,3,0,0,3.1,3.4,2.45,Football-Data.co.uk,2014-03-16,2013/14|2014-03-16|Tottenham|Arsenal
2013/14,22/03/14,Cardiff,Liverpool,3,6,A,2,2,D,9,19,3,9,4,6,14,11,2,3,0,0,9.5,5.25,1.36,Football-Data.co.uk,2014-03-22,2013/14|2014-03-22|Cardiff|Liverpool
2013/14,22/03/14,Chelsea,Arsenal,6,0,H,4,0,H,21,12,11,5,7,1,14,8,0,1,0,1,1.85,3.6,4.75,Football-Data.co.uk,2014-03-22,2013/14|2014-03-22|Chelsea|Arsenal
2013/14,22/03/14,Everton,Swansea,3,2,H,1,1,D,9,21,6,7,5,12,9,6,0,0,0,0,1.67,3.9,6.0,Football-Data.co.uk,2014-03-22,2013/14|2014-03-22|Everton|Swansea
2013/14,22/03/14,Hull,West Brom,2,0,H,2,0,H,12,17,5,4,4,5,18,13,2,0,0,0,2.25,3.3,3.6,Football-Data.co.uk,2014-03-22,2013/14|2014-03-22|Hull|West Brom
2013/14,22/03/14,Man City,Fulham,5,0,H,1,0,H,22,6,12,0,13,2,8,15,0,3,0,1,1.17,9.0,17.0,Football-Data.co.uk,2014-03-22,2013/14|2014-03-22|Man City|Fulham
2013/14,22/03/14,Newcastle,Crystal Palace,1,0,H,0,0,D,21,8,8,1,9,5,4,8,0,1,0,0,1.85,3.6,4.75,Football-Data.co.uk,2014-03-22,2013/14|2014-03-22|Newcastle|Crystal Palace
2013/14,22/03/14,Norwich,Sunderland,2,0,H,2,0,H,14,10,8,2,8,5,16,20,2,4,0,1,2.2,3.3,3.75,Football-Data.co.uk,2014-03-22,2013/14|2014-03-22|Norwich|Sunderland
2013/14,22/03/14,West Ham,Man United,0,2,A,0,2,A,10,16,1,7,12,7,8,8,2,1,0,0,4.5,3.6,1.91,Football-Data.co.uk,2014-03-22,2013/14|2014-03-22|West Ham|Man United
2013/14,23/03/14,Aston Villa,Stoke,1,4,A,1,3,A,12,10,3,5,5,3,16,10,5,1,0,0,2.2,3.3,3.75,Football-Data.co.uk,2014-03-23,2013/14|2014-03-23|Aston Villa|Stoke
2013/14,23/03/14,Tottenham,Southampton,3,2,H,1,2,A,15,12,6,4,7,3,9,9,1,2,0,0,2.25,3.4,3.5,Football-Data.co.uk,2014-03-23,2013/14|2014-03-23|Tottenham|Southampton
2013/14,25/03/14,Arsenal,Swansea,2,2,D,0,1,A,13,8,4,2,7,0,11,12,0,1,0,0,1.57,4.2,6.5,Football-Data.co.uk,2014-03-25,2013/14|2014-03-25|Arsenal|Swansea
2013/14,25/03/14,Man United,Man City,0,3,A,0,1,A,10,13,4,4,5,8,12,8,2,2,0,0,3.5,3.6,2.15,Football-Data.co.uk,2014-03-25,2013/14|2014-03-25|Man United|Man City
2013/14,25/03/14,Newcastle,Everton,0,3,A,0,1,A,16,8,3,6,9,8,8,10,0,1,0,0,3.5,3.4,2.25,Football-Data.co.uk,2014-03-25,2013/14|2014-03-25|Newcastle|Everton
2013/14,26/03/14,Liverpool,Sunderland,2,1,H,1,0,H,21,12,7,4,3,4,5,15,0,2,0,0,1.17,9.0,19.0,Football-Data.co.uk,2014-03-26,2013/14|2014-03-26|Liverpool|Sunderland
2013/14,26/03/14,West Ham,Hull,2,1,H,1,0,H,9,10,3,3,4,5,12,9,0,1,0,1,2.4,3.3,3.3,Football-Data.co.uk,2014-03-26,2013/14|2014-03-26|West Ham|Hull
2013/14,29/03/14,Arsenal,Man City,1,1,D,0,1,A,10,15,3,4,6,6,8,11,1,4,0,0,3.6,3.5,2.15,Football-Data.co.uk,2014-03-29,2013/14|2014-03-29|Arsenal|Man City
2013/14,29/03/14,Crystal Palace,Chelsea,1,0,H,0,0,D,14,21,4,2,2,13,10,4,4,1,0,0,10.0,4.75,1.4,Football-Data.co.uk,2014-03-29,2013/14|2014-03-29|Crystal Palace|Chelsea
2013/14,29/03/14,Man United,Aston Villa,4,1,H,2,1,H,9,10,6,1,0,5,10,16,2,4,0,0,1.45,4.75,8.0,Football-Data.co.uk,2014-03-29,2013/14|2014-03-29|Man United|Aston Villa
2013/14,29/03/14,Southampton,Newcastle,4,0,H,1,0,H,23,5,11,2,7,5,5,6,0,1,0,0,1.75,3.8,5.25,Football-Data.co.uk,2014-03-29,2013/14|2014-03-29|Southampton|Newcastle
2013/14,29/03/14,Stoke,Hull,1,0,H,0,0,D,15,5,3,3,8,1,9,9,2,0,0,0,2.15,3.3,3.9,Football-Data.co.uk,2014-03-29,2013/14|2014-03-29|Stoke|Hull
2013/14,29/03/14,Swansea,Norwich,3,0,H,2,0,H,16,8,7,4,7,4,15,9,1,2,0,0,1.73,3.9,5.25,Football-Data.co.uk,2014-03-29,2013/14|2014-03-29|Swansea|Norwich
2013/14,29/03/14,West Brom,Cardiff,3,3,D,2,1,H,16,11,6,5,4,1,12,13,1,1,0,0,1.83,3.75,4.75,Football-Data.co.uk,2014-03-29,2013/14|2014-03-29|West Brom|Cardiff
2013/14,30/03/14,Fulham,Everton,1,3,A,0,0,D,23,14,8,7,5,6,7,4,1,2,0,0,5.0,3.75,1.8,Football-Data.co.uk,2014-03-30,2013/14|2014-03-30|Fulham|Everton
2013/14,30/03/14,Liverpool,Tottenham,4,0,H,2,0,H,11,15,5,4,5,7,9,9,0,2,0,0,1.48,4.75,7.5,Football-Data.co.uk,2014-03-30,2013/14|2014-03-30|Liverpool|Tottenham
2013/14,31/03/14,Sunderland,West Ham,1,2,A,0,1,A,26,11,7,6,8,3,11,14,2,4,0,0,2.3,3.3,3.5,Football-Data.co.uk,2014-03-31,2013/14|2014-03-31|Sunderland|West Ham
2013/14,05/04/14,Aston Villa,Fulham,1,2,A,0,0,D,12,16,6,8,2,7,10,13,3,2,0,0,2.05,3.5,4.0,Football-Data.co.uk,2014-04-05,2013/14|2014-04-05|Aston Villa|Fulham
2013/14,05/04/14,Cardiff,Crystal Palace,0,3,A,0,1,A,13,13,4,8,10,3,5,13,2,4,0,0,2.45,3.25,3.25,Football-Data.co.uk,2014-04-05,2013/14|2014-04-05|Cardiff|Crystal Palace
2013/14,05/04/14,Chelsea,Stoke,3,0,H,1,0,H,18,4,8,2,7,3,8,18,0,0,0,0,1.29,6.0,13.0,Football-Data.co.uk,2014-04-05,2013/14|2014-04-05|Chelsea|Stoke
2013/14,05/04/14,Hull,Swansea,1,0,H,1,0,H,8,12,4,2,7,2,6,18,0,2,0,0,2.75,3.3,2.8,Football-Data.co.uk,2014-04-05,2013/14|2014-04-05|Hull|Swansea
2013/14,05/04/14,Man City,Southampton,4,1,H,3,1,H,15,5,8,1,5,9,9,15,3,0,0,0,1.33,5.75,10.0,Football-Data.co.uk,2014-04-05,2013/14|2014-04-05|Man City|Southampton
2013/14,05/04/14,Newcastle,Man United,0,4,A,0,1,A,14,8,4,4,4,5,16,6,1,0,0,0,4.2,3.7,1.95,Football-Data.co.uk,2014-04-05,2013/14|2014-04-05|Newcastle|Man United
2013/14,05/04/14,Norwich,West Brom,0,1,A,0,1,A,12,8,4,5,7,3,10,11,1,0,0,0,2.4,3.3,3.25,Football-Data.co.uk,2014-04-05,2013/14|2014-04-05|Norwich|West Brom
2013/14,06/04/14,Everton,Arsenal,3,0,H,2,0,H,14,15,8,5,3,6,6,5,1,2,0,0,2.5,3.4,3.0,Football-Data.co.uk,2014-04-06,2013/14|2014-04-06|Everton|Arsenal
2013/14,06/04/14,West Ham,Liverpool,1,2,A,1,1,D,11,17,1,8,4,4,10,9,4,0,0,0,9.0,5.0,1.4,Football-Data.co.uk,2014-04-06,2013/14|2014-04-06|West Ham|Liverpool
2013/14,07/04/14,Tottenham,Sunderland,5,1,H,1,1,D,29,8,11,4,8,2,12,8,0,2,0,0,1.57,4.2,6.5,Football-Data.co.uk,2014-04-07,2013/14|2014-04-07|Tottenham|Sunderland
2013/14,12/04/14,Crystal Palace,Aston Villa,1,0,H,0,0,D,14,7,4,4,2,4,7,12,0,2,0,0,2.15,3.3,3.9,Football-Data.co.uk,2014-04-12,2013/14|2014-04-12|Crystal Palace|Aston Villa
2013/14,12/04/14,Fulham,Norwich,1,0,H,1,0,H,14,13,3,3,8,8,10,12,1,3,0,0,2.15,3.5,3.6,Football-Data.co.uk,2014-04-12,2013/14|2014-04-12|Fulham|Norwich
2013/14,12/04/14,Southampton,Cardiff,0,1,A,0,0,D,19,6,7,4,5,5,9,7,0,0,0,0,1.45,4.75,8.0,Football-Data.co.uk,2014-04-12,2013/14|2014-04-12|Southampton|Cardiff
2013/14,12/04/14,Stoke,Newcastle,1,0,H,1,0,H,10,13,3,1,4,5,12,11,1,1,0,0,2.1,3.4,3.9,Football-Data.co.uk,2014-04-12,2013/14|2014-04-12|Stoke|Newcastle
2013/14,12/04/14,Sunderland,Everton,0,1,A,0,0,D,24,20,6,3,6,6,17,15,3,1,0,0,4.75,3.7,1.83,Football-Data.co.uk,2014-04-12,2013/14|2014-04-12|Sunderland|Everton
2013/14,12/04/14,West Brom,Tottenham,3,3,D,3,1,H,6,20,5,8,2,2,11,8,4,2,0,0,3.1,3.6,2.38,Football-Data.co.uk,2014-04-12,2013/14|2014-04-12|West Brom|Tottenham
2013/14,13/04/14,Liverpool,Man City,3,2,H,2,0,H,10,13,4,5,7,7,7,9,1,3,1,0,2.45,3.7,2.9,Football-Data.co.uk,2014-04-13,2013/14|2014-04-13|Liverpool|Man City
2013/14,13/04/14,Swansea,Chelsea,0,1,A,0,0,D,7,26,4,3,5,12,8,13,0,2,1,0,5.0,3.6,1.83,Football-Data.co.uk,2014-04-13,2013/14|2014-04-13|Swansea|Chelsea
2013/14,15/04/14,Arsenal,West Ham,3,1,H,1,1,D,14,12,8,2,4,3,14,12,2,2,0,0,1.4,5.0,9.0,Football-Data.co.uk,2014-04-15,2013/14|2014-04-15|Arsenal|West Ham
2013/14,16/04/14,Everton,Crystal Palace,2,3,A,0,1,A,17,7,5,4,13,3,6,10,1,2,0,0,1.4,4.75,10.0,Football-Data.co.uk,2014-04-16,2013/14|2014-04-16|Everton|Crystal Palace
2013/14,16/04/14,Man City,Sunderland,2,2,D,1,0,H,16,11,4,3,3,6,14,10,1,2,0,0,1.17,9.0,17.0,Football-Data.co.uk,2014-04-16,2013/14|2014-04-16|Man City|Sunderland
2013/14,19/04/14,Aston Villa,Southampton,0,0,D,0,0,D,6,3,1,2,5,3,11,11,0,2,0,0,3.4,3.4,2.1,Football-Data.co.uk,2014-04-19,2013/14|2014-04-19|Aston Villa|Southampton
2013/14,19/04/14,Cardiff,Stoke,1,1,D,0,1,A,13,14,4,5,12,7,6,12,2,3,0,0,2.38,3.2,3.0,Football-Data.co.uk,2014-04-19,2013/14|2014-04-19|Cardiff|Stoke
2013/14,19/04/14,Chelsea,Sunderland,1,2,A,1,1,D,31,7,15,3,10,4,11,14,1,2,0,0,1.18,7.0,13.0,Football-Data.co.uk,2014-04-19,2013/14|2014-04-19|Chelsea|Sunderland
2013/14,19/04/14,Newcastle,Swansea,1,2,A,1,1,D,14,10,4,2,2,8,6,9,2,0,0,0,2.63,3.3,2.6,Football-Data.co.uk,2014-04-19,2013/14|2014-04-19|Newcastle|Swansea
2013/14,19/04/14,Tottenham,Fulham,3,1,H,1,1,D,14,11,5,4,4,5,8,11,0,1,0,0,1.5,4.2,6.5,Football-Data.co.uk,2014-04-19,2013/14|2014-04-19|Tottenham|Fulham
2013/14,19/04/14,West Ham,Crystal Palace,0,1,A,0,0,D,13,11,4,3,3,11,7,16,1,1,0,0,2.2,3.2,3.4,Football-Data.co.uk,2014-04-19,2013/14|2014-04-19|West Ham|Crystal Palace
2013/14,20/04/14,Everton,Man United,2,0,H,2,0,H,17,9,5,2,6,5,9,8,2,2,0,0,2.4,3.4,2.8,Football-Data.co.uk,2014-04-20,2013/14|2014-04-20|Everton|Man United
2013/14,20/04/14,Hull,Arsenal,0,3,A,0,2,A,13,12,4,6,7,0,10,7,1,1,0,0,4.5,3.6,1.8,Football-Data.co.uk,2014-04-20,2013/14|2014-04-20|Hull|Arsenal
2013/14,20/04/14,Norwich,Liverpool,2,3,A,0,2,A,13,14,5,6,8,3,16,10,3,2,0,0,8.5,5.0,1.33,Football-Data.co.uk,2014-04-20,2013/14|2014-04-20|Norwich|Liverpool
2013/14,21/04/14,Man City,West Brom,3,1,H,3,1,H,19,10,6,3,8,2,9,7,1,1,0,0,1.2,7.0,11.0,Football-Data.co.uk,2014-04-21,2013/14|2014-04-21|Man City|West Brom
2013/14,26/04/14,Fulham,Hull,2,2,D,0,0,D,10,8,3,4,7,2,8,7,1,3,0,0,2.3,3.4,3.4,Football-Data.co.uk,2014-04-26,2013/14|2014-04-26|Fulham|Hull
2013/14,26/04/14,Man United,Norwich,4,0,H,1,0,H,25,9,11,2,5,3,13,9,1,1,0,0,1.36,5.25,9.5,Football-Data.co.uk,2014-04-26,2013/14|2014-04-26|Man United|Norwich
2013/14,26/04/14,Southampton,Everton,2,0,H,2,0,H,14,9,4,2,4,7,13,12,0,2,0,0,2.8,3.5,2.6,Football-Data.co.uk,2014-04-26,2013/14|2014-04-26|Southampton|Everton
2013/14,26/04/14,Stoke,Tottenham,0,1,A,0,1,A,17,16,3,4,4,3,11,6,1,2,1,0,3.2,3.4,2.38,Football-Data.co.uk,2014-04-26,2013/14|2014-04-26|Stoke|Tottenham
2013/14,26/04/14,Swansea,Aston Villa,4,1,H,2,1,H,11,11,8,3,9,6,9,12,1,3,0,0,1.7,3.75,6.0,Football-Data.co.uk,2014-04-26,2013/14|2014-04-26|Swansea|Aston Villa
2013/14,26/04/14,West Brom,West Ham,1,0,H,1,0,H,19,9,6,3,7,6,14,8,0,1,0,0,1.91,3.75,4.33,Football-Data.co.uk,2014-04-26,2013/14|2014-04-26|West Brom|West Ham
2013/14,27/04/14,Crystal Palace,Man City,0,2,A,0,2,A,3,16,2,6,4,8,9,10,3,1,0,0,7.5,5.0,1.44,Football-Data.co.uk,2014-04-27,2013/14|2014-04-27|Crystal Palace|Man City
2013/14,27/04/14,Liverpool,Chelsea,0,2,A,0,1,A,26,11,8,4,14,3,9,7,0,4,0,0,1.67,4.2,5.25,Football-Data.co.uk,2014-04-27,2013/14|2014-04-27|Liverpool|Chelsea
2013/14,27/04/14,Sunderland,Cardiff,4,0,H,2,0,H,21,6,7,1,11,5,10,11,5,3,0,1,1.91,3.75,4.33,Football-Data.co.uk,2014-04-27,2013/14|2014-04-27|Sunderland|Cardiff
2013/14,28/04/14,Arsenal,Newcastle,3,0,H,2,0,H,20,8,8,3,14,0,9,8,3,2,0,0,1.29,6.0,12.0,Football-Data.co.uk,2014-04-28,2013/14|2014-04-28|Arsenal|Newcastle
2013/14,03/05/14,Aston Villa,Hull,3,1,H,3,1,H,15,7,9,2,8,5,14,9,0,0,0,0,2.5,3.3,3.1,Football-Data.co.uk,2014-05-03,2013/14|2014-05-03|Aston Villa|Hull
2013/14,03/05/14,Everton,Man City,2,3,A,1,2,A,9,18,4,6,4,3,3,9,0,3,0,0,5.0,4.0,1.75,Football-Data.co.uk,2014-05-03,2013/14|2014-05-03|Everton|Man City
2013/14,03/05/14,Man United,Sunderland,0,1,A,0,1,A,17,8,2,1,8,0,11,12,2,1,0,0,1.36,5.75,8.5,Football-Data.co.uk,2014-05-03,2013/14|2014-05-03|Man United|Sunderland
2013/14,03/05/14,Newcastle,Cardiff,3,0,H,1,0,H,22,16,6,3,10,6,9,6,1,0,0,0,2.05,3.6,3.8,Football-Data.co.uk,2014-05-03,2013/14|2014-05-03|Newcastle|Cardiff
2013/14,03/05/14,Stoke,Fulham,4,1,H,1,0,H,23,10,8,2,3,5,9,13,0,2,0,0,2.3,3.6,3.25,Football-Data.co.uk,2014-05-03,2013/14|2014-05-03|Stoke|Fulham
2013/14,03/05/14,Swansea,Southampton,0,1,A,0,0,D,12,18,3,4,3,5,11,5,1,1,0,0,2.5,3.4,3.0,Football-Data.co.uk,2014-05-03,2013/14|2014-05-03|Swansea|Southampton
2013/14,03/05/14,West Ham,Tottenham,2,0,H,2,0,H,20,12,8,3,10,6,10,16,0,4,0,1,4.33,3.75,1.91,Football-Data.co.uk,2014-05-03,2013/14|2014-05-03|West Ham|Tottenham
2013/14,04/05/14,Arsenal,West Brom,1,0,H,1,0,H,15,11,4,1,9,10,9,6,2,2,0,0,1.29,6.0,13.0,Football-Data.co.uk,2014-05-04,2013/14|2014-05-04|Arsenal|West Brom
2013/14,04/05/14,Chelsea,Norwich,0,0,D,0,0,D,23,6,4,3,5,2,9,17,1,3,0,0,1.2,7.5,17.0,Football-Data.co.uk,2014-05-04,2013/14|2014-05-04|Chelsea|Norwich
2013/14,05/05/14,Crystal Palace,Liverpool,3,3,D,0,1,A,10,26,6,9,7,7,7,12,2,3,0,0,9.0,5.0,1.4,Football-Data.co.uk,2014-05-05,2013/14|2014-05-05|Crystal Palace|Liverpool
2013/14,06/05/14,Man United,Hull,3,1,H,1,0,H,18,2,7,2,8,0,13,9,1,1,0,0,1.36,5.5,9.0,Football-Data.co.uk,2014-05-06,2013/14|2014-05-06|Man United|Hull
2013/14,07/05/14,Man City,Aston Villa,4,0,H,0,0,D,18,5,9,0,7,2,8,9,1,2,0,0,1.14,9.5,21.0,Football-Data.co.uk,2014-05-07,2013/14|2014-05-07|Man City|Aston Villa
2013/14,07/05/14,Sunderland,West Brom,2,0,H,2,0,H,10,13,4,3,5,0,14,12,0,0,0,0,2.1,3.2,4.2,Football-Data.co.uk,2014-05-07,2013/14|2014-05-07|Sunderland|West Brom
2013/14,11/05/14,Cardiff,Chelsea,1,2,A,1,0,H,10,28,4,7,3,8,7,9,1,2,0,0,8.0,4.75,1.44,Football-Data.co.uk,2014-05-11,2013/14|2014-05-11|Cardiff|Chelsea
2013/14,11/05/14,Fulham,Crystal Palace,2,2,D,0,1,A,15,15,5,6,6,4,11,15,3,1,0,0,2.63,3.5,2.8,Football-Data.co.uk,2014-05-11,2013/14|2014-05-11|Fulham|Crystal Palace
2013/14,11/05/14,Hull,Everton,0,2,A,0,1,A,12,11,3,4,6,4,8,8,0,1,0,0,4.0,3.6,2.0,Football-Data.co.uk,2014-05-11,2013/14|2014-05-11|Hull|Everton
2013/14,11/05/14,Liverpool,Newcastle,2,1,H,0,1,A,13,8,5,2,6,2,8,16,1,3,0,2,1.22,7.5,13.0,Football-Data.co.uk,2014-05-11,2013/14|2014-05-11|Liverpool|Newcastle
2013/14,11/05/14,Man City,West Ham,2,0,H,1,0,H,28,3,7,0,12,1,7,9,2,2,0,0,1.17,9.0,17.0,Football-Data.co.uk,2014-05-11,2013/14|2014-05-11|Man City|West Ham
2013/14,11/05/14,Norwich,Arsenal,0,2,A,0,0,D,11,14,5,8,4,4,6,5,1,0,0,0,4.5,3.8,1.85,Football-Data.co.uk,2014-05-11,2013/14|2014-05-11|Norwich|Arsenal
2013/14,11/05/14,Southampton,Man United,1,1,D,1,0,H,15,8,6,2,6,2,16,5,3,2,0,0,2.63,3.5,2.8,Football-Data.co.uk,2014-05-11,2013/14|2014-05-11|Southampton|Man United
2013/14,11/05/14,Sunderland,Swansea,1,3,A,0,2,A,20,8,4,4,6,3,14,15,2,3,0,0,2.3,3.4,3.4,Football-Data.co.uk,2014-05-11,2013/14|2014-05-11|Sunderland|Swansea
2013/14,11/05/14,Tottenham,Aston Villa,3,0,H,3,0,H,12,4,6,1,5,1,11,11,1,0,0,0,1.5,4.5,7.5,Football-Data.co.uk,2014-05-11,2013/14|2014-05-11|Tottenham|Aston Villa
2013/14,11/05/14,West Brom,Stoke,1,2,A,0,1,A,17,15,4,4,11,6,4,7,0,0,0,0,2.1,3.6,3.75,Football-Data.co.uk,2014-05-11,2013/14|2014-05-11|West Brom|Stoke
2014/15,16/08/14,Arsenal,Crystal Palace,2,1,H,1,1,D,14,4,6,2,9,3,13,19,2,2,0,1,1.25,6.5,15.0,Football-Data.co.uk,2014-08-16,2014/15|2014-08-16|Arsenal|Crystal Palace
2014/15,16/08/14,Leicester,Everton,2,2,D,1,2,A,11,13,3,3,3,6,16,10,1,1,0,0,3.2,3.4,2.4,Football-Data.co.uk,2014-08-16,2014/15|2014-08-16|Leicester|Everton
2014/15,16/08/14,Man United,Swansea,1,2,A,0,1,A,14,5,5,4,4,0,14,20,2,4,0,0,1.36,5.0,11.0,Football-Data.co.uk,2014-08-16,2014/15|2014-08-16|Man United|Swansea
2014/15,16/08/14,QPR,Hull,0,1,A,0,0,D,19,11,6,4,8,9,10,10,1,2,0,0,2.5,3.3,3.1,Football-Data.co.uk,2014-08-16,2014/15|2014-08-16|QPR|Hull
2014/15,16/08/14,Stoke,Aston Villa,0,1,A,0,0,D,12,7,2,2,2,8,14,9,0,3,0,0,1.95,3.5,4.5,Football-Data.co.uk,2014-08-16,2014/15|2014-08-16|Stoke|Aston Villa
2014/15,16/08/14,West Brom,Sunderland,2,2,D,1,1,D,10,7,5,2,6,3,18,9,3,1,0,0,2.25,3.4,3.5,Football-Data.co.uk,2014-08-16,2014/15|2014-08-16|West Brom|Sunderland
2014/15,16/08/14,West Ham,Tottenham,0,1,A,0,0,D,18,10,4,4,8,5,12,10,1,0,1,1,3.8,3.6,2.05,Football-Data.co.uk,2014-08-16,2014/15|2014-08-16|West Ham|Tottenham
2014/15,17/08/14,Liverpool,Southampton,2,1,H,1,0,H,12,12,5,6,2,6,8,11,1,2,0,0,1.33,5.75,10.0,Football-Data.co.uk,2014-08-17,2014/15|2014-08-17|Liverpool|Southampton
2014/15,17/08/14,Newcastle,Man City,0,2,A,0,1,A,12,13,0,5,3,3,8,11,1,5,0,0,5.25,4.33,1.67,Football-Data.co.uk,2014-08-17,2014/15|2014-08-17|Newcastle|Man City
2014/15,18/08/14,Burnley,Chelsea,1,3,A,1,3,A,9,11,2,3,4,3,6,7,1,1,0,0,9.0,5.0,1.4,Football-Data.co.uk,2014-08-18,2014/15|2014-08-18|Burnley|Chelsea
2014/15,23/08/14,Aston Villa,Newcastle,0,0,D,0,0,D,9,11,0,4,7,7,11,8,4,0,0,1,2.5,3.4,3.0,Football-Data.co.uk,2014-08-23,2014/15|2014-08-23|Aston Villa|Newcastle
2014/15,23/08/14,Chelsea,Leicester,2,0,H,0,0,D,27,6,10,4,8,7,11,11,0,1,0,0,1.2,7.5,17.0,Football-Data.co.uk,2014-08-23,2014/15|2014-08-23|Chelsea|Leicester
2014/15,23/08/14,Crystal Palace,West Ham,1,3,A,0,2,A,9,17,4,8,6,9,14,11,1,3,0,0,2.5,3.3,3.1,Football-Data.co.uk,2014-08-23,2014/15|2014-08-23|Crystal Palace|West Ham
2014/15,23/08/14,Everton,Arsenal,2,2,D,2,0,H,8,13,2,3,3,3,10,18,1,4,0,0,2.8,3.4,2.7,Football-Data.co.uk,2014-08-23,2014/15|2014-08-23|Everton|Arsenal
2014/15,23/08/14,Southampton,West Brom,0,0,D,0,0,D,8,8,2,2,1,5,14,15,1,2,0,0,1.85,3.7,4.75,Football-Data.co.uk,2014-08-23,2014/15|2014-08-23|Southampton|West Brom
2014/15,23/08/14,Swansea,Burnley,1,0,H,1,0,H,10,12,5,1,2,3,14,13,2,1,0,0,1.65,4.0,6.0,Football-Data.co.uk,2014-08-23,2014/15|2014-08-23|Swansea|Burnley
2014/15,24/08/14,Hull,Stoke,1,1,D,1,0,H,9,19,2,3,4,5,10,10,1,3,1,0,2.5,3.25,3.2,Football-Data.co.uk,2014-08-24,2014/15|2014-08-24|Hull|Stoke
2014/15,24/08/14,Sunderland,Man United,1,1,D,1,1,D,11,10,3,3,4,4,10,15,0,2,0,0,5.0,4.0,1.75,Football-Data.co.uk,2014-08-24,2014/15|2014-08-24|Sunderland|Man United
2014/15,24/08/14,Tottenham,QPR,4,0,H,3,0,H,18,9,5,1,7,6,12,6,0,1,0,0,1.45,4.75,8.0,Football-Data.co.uk,2014-08-24,2014/15|2014-08-24|Tottenham|QPR
2014/15,25/08/14,Man City,Liverpool,3,1,H,1,0,H,9,11,4,3,6,7,13,7,1,1,0,0,1.85,4.0,4.33,Football-Data.co.uk,2014-08-25,2014/15|2014-08-25|Man City|Liverpool
2014/15,30/08/14,Burnley,Man United,0,0,D,0,0,D,9,7,3,2,3,6,10,14,2,2,0,0,6.0,4.2,1.62,Football-Data.co.uk,2014-08-30,2014/15|2014-08-30|Burnley|Man United
2014/15,30/08/14,Everton,Chelsea,3,6,A,1,2,A,17,12,7,8,8,2,7,16,1,3,0,0,3.75,3.3,2.2,Football-Data.co.uk,2014-08-30,2014/15|2014-08-30|Everton|Chelsea
2014/15,30/08/14,Man City,Stoke,0,1,A,0,0,D,16,7,2,2,11,4,14,5,2,1,0,0,1.18,8.0,18.0,Football-Data.co.uk,2014-08-30,2014/15|2014-08-30|Man City|Stoke
2014/15,30/08/14,Newcastle,Crystal Palace,3,3,D,1,1,D,18,12,4,7,11,4,12,19,1,3,0,0,1.75,3.75,5.25,Football-Data.co.uk,2014-08-30,2014/15|2014-08-30|Newcastle|Crystal Palace
2014/15,30/08/14,QPR,Sunderland,1,0,H,1,0,H,18,16,5,6,4,6,8,9,1,2,0,0,2.4,3.25,3.3,Football-Data.co.uk,2014-08-30,2014/15|2014-08-30|QPR|Sunderland
2014/15,30/08/14,Swansea,West Brom,3,0,H,2,0,H,15,16,8,2,0,7,10,8,1,2,0,0,1.85,3.6,4.75,Football-Data.co.uk,2014-08-30,2014/15|2014-08-30|Swansea|West Brom
2014/15,30/08/14,West Ham,Southampton,1,3,A,1,1,D,4,18,2,8,2,9,11,13,2,1,0,0,2.8,3.4,2.7,Football-Data.co.uk,2014-08-30,2014/15|2014-08-30|West Ham|Southampton
2014/15,31/08/14,Aston Villa,Hull,2,1,H,2,0,H,11,9,4,3,3,7,9,10,1,4,0,0,2.3,3.3,3.5,Football-Data.co.uk,2014-08-31,2014/15|2014-08-31|Aston Villa|Hull
2014/15,31/08/14,Leicester,Arsenal,1,1,D,1,1,D,9,24,3,6,5,10,14,6,3,1,0,0,4.75,3.75,1.83,Football-Data.co.uk,2014-08-31,2014/15|2014-08-31|Leicester|Arsenal
2014/15,31/08/14,Tottenham,Liverpool,0,3,A,0,1,A,7,17,1,8,7,3,14,11,0,4,0,0,2.7,3.5,2.7,Football-Data.co.uk,2014-08-31,2014/15|2014-08-31|Tottenham|Liverpool
2014/15,13/09/14,Arsenal,Man City,2,2,D,0,1,A,15,15,6,8,0,3,11,15,3,4,0,0,3.0,3.4,2.5,Football-Data.co.uk,2014-09-13,2014/15|2014-09-13|Arsenal|Man City
2014/15,13/09/14,Chelsea,Swansea,4,2,H,1,1,D,29,11,9,2,7,4,12,11,0,3,0,0,1.3,5.75,12.0,Football-Data.co.uk,2014-09-13,2014/15|2014-09-13|Chelsea|Swansea
2014/15,13/09/14,Crystal Palace,Burnley,0,0,D,0,0,D,14,11,3,3,5,5,12,10,2,3,0,0,2.25,3.3,3.6,Football-Data.co.uk,2014-09-13,2014/15|2014-09-13|Crystal Palace|Burnley
2014/15,13/09/14,Liverpool,Aston Villa,0,1,A,0,1,A,18,5,1,1,7,6,9,10,2,1,0,0,1.3,6.0,11.0,Football-Data.co.uk,2014-09-13,2014/15|2014-09-13|Liverpool|Aston Villa
2014/15,13/09/14,Southampton,Newcastle,4,0,H,2,0,H,10,9,7,4,5,5,15,7,0,2,0,0,1.8,3.75,5.0,Football-Data.co.uk,2014-09-13,2014/15|2014-09-13|Southampton|Newcastle
2014/15,13/09/14,Stoke,Leicester,0,1,A,0,0,D,24,8,4,1,13,3,8,15,3,0,0,0,2.1,3.4,4.0,Football-Data.co.uk,2014-09-13,2014/15|2014-09-13|Stoke|Leicester
2014/15,13/09/14,Sunderland,Tottenham,2,2,D,1,1,D,6,15,1,6,5,5,10,13,5,1,0,0,3.6,3.5,2.15,Football-Data.co.uk,2014-09-13,2014/15|2014-09-13|Sunderland|Tottenham
2014/15,13/09/14,West Brom,Everton,0,2,A,0,1,A,11,11,1,4,9,1,12,8,2,3,0,0,3.5,3.5,2.2,Football-Data.co.uk,2014-09-13,2014/15|2014-09-13|West Brom|Everton
2014/15,14/09/14,Man United,QPR,4,0,H,3,0,H,19,9,9,2,3,1,11,8,1,0,0,0,1.29,6.25,12.0,Football-Data.co.uk,2014-09-14,2014/15|2014-09-14|Man United|QPR
2014/15,15/09/14,Hull,West Ham,2,2,D,1,0,H,11,16,6,4,3,10,12,7,3,1,0,0,2.15,3.4,3.75,Football-Data.co.uk,2014-09-15,2014/15|2014-09-15|Hull|West Ham
2014/15,20/09/14,Aston Villa,Arsenal,0,3,A,0,3,A,6,9,2,3,5,5,11,9,1,3,0,0,4.75,3.6,1.85,Football-Data.co.uk,2014-09-20,2014/15|2014-09-20|Aston Villa|Arsenal
2014/15,20/09/14,Burnley,Sunderland,0,0,D,0,0,D,17,14,6,6,5,1,14,14,1,2,0,0,2.5,3.3,3.1,Football-Data.co.uk,2014-09-20,2014/15|2014-09-20|Burnley|Sunderland
2014/15,20/09/14,Newcastle,Hull,2,2,D,0,0,D,25,10,7,3,4,2,11,11,4,2,0,0,2.2,3.3,3.75,Football-Data.co.uk,2014-09-20,2014/15|2014-09-20|Newcastle|Hull
2014/15,20/09/14,QPR,Stoke,2,2,D,1,1,D,21,8,5,4,10,1,6,15,2,4,0,0,2.8,3.25,2.8,Football-Data.co.uk,2014-09-20,2014/15|2014-09-20|QPR|Stoke
2014/15,20/09/14,Swansea,Southampton,0,1,A,0,0,D,5,11,2,4,2,4,11,15,0,4,1,0,2.5,3.3,3.1,Football-Data.co.uk,2014-09-20,2014/15|2014-09-20|Swansea|Southampton
2014/15,20/09/14,West Ham,Liverpool,3,1,H,2,1,H,13,11,7,5,7,5,16,11,4,1,0,0,4.5,3.8,1.85,Football-Data.co.uk,2014-09-20,2014/15|2014-09-20|West Ham|Liverpool
2014/15,21/09/14,Everton,Crystal Palace,2,3,A,1,1,D,17,10,6,3,7,1,8,13,2,2,0,0,1.4,5.0,9.0,Football-Data.co.uk,2014-09-21,2014/15|2014-09-21|Everton|Crystal Palace
2014/15,21/09/14,Leicester,Man United,5,3,H,1,2,A,15,16,5,5,2,4,11,9,1,1,0,1,5.5,4.2,1.67,Football-Data.co.uk,2014-09-21,2014/15|2014-09-21|Leicester|Man United
2014/15,21/09/14,Man City,Chelsea,1,1,D,0,0,D,16,6,4,2,14,2,16,12,3,4,1,0,2.38,3.5,3.1,Football-Data.co.uk,2014-09-21,2014/15|2014-09-21|Man City|Chelsea
2014/15,21/09/14,Tottenham,West Brom,0,1,A,0,0,D,7,10,1,4,9,7,12,7,2,2,0,0,1.53,4.33,7.0,Football-Data.co.uk,2014-09-21,2014/15|2014-09-21|Tottenham|West Brom
2014/15,27/09/14,Arsenal,Tottenham,1,1,D,0,0,D,16,6,6,4,15,5,7,16,3,6,0,0,1.75,3.9,5.0,Football-Data.co.uk,2014-09-27,2014/15|2014-09-27|Arsenal|Tottenham
2014/15,27/09/14,Chelsea,Aston Villa,3,0,H,1,0,H,17,7,8,1,9,2,11,9,2,2,0,0,1.22,7.0,16.0,Football-Data.co.uk,2014-09-27,2014/15|2014-09-27|Chelsea|Aston Villa
2014/15,27/09/14,Crystal Palace,Leicester,2,0,H,0,0,D,16,7,6,1,6,6,14,9,0,2,0,0,2.63,3.4,2.88,Football-Data.co.uk,2014-09-27,2014/15|2014-09-27|Crystal Palace|Leicester
2014/15,27/09/14,Hull,Man City,2,4,A,2,2,D,10,20,5,6,3,8,10,6,0,2,0,0,6.5,4.2,1.57,Football-Data.co.uk,2014-09-27,2014/15|2014-09-27|Hull|Man City
2014/15,27/09/14,Liverpool,Everton,1,1,D,0,0,D,24,11,8,5,8,2,8,9,2,1,0,0,1.91,3.75,4.33,Football-Data.co.uk,2014-09-27,2014/15|2014-09-27|Liverpool|Everton
2014/15,27/09/14,Man United,West Ham,2,1,H,2,1,H,8,13,3,4,7,10,10,12,1,3,1,0,1.4,5.5,8.0,Football-Data.co.uk,2014-09-27,2014/15|2014-09-27|Man United|West Ham
2014/15,27/09/14,Southampton,QPR,2,1,H,0,0,D,19,10,9,2,6,3,12,11,2,1,0,0,1.44,4.6,8.5,Football-Data.co.uk,2014-09-27,2014/15|2014-09-27|Southampton|QPR
2014/15,27/09/14,Sunderland,Swansea,0,0,D,0,0,D,15,7,3,1,10,1,13,15,2,1,0,1,2.9,3.3,2.63,Football-Data.co.uk,2014-09-27,2014/15|2014-09-27|Sunderland|Swansea
2014/15,28/09/14,West Brom,Burnley,4,0,H,2,0,H,20,10,6,2,10,2,7,9,1,2,0,0,2.0,3.5,4.2,Football-Data.co.uk,2014-09-28,2014/15|2014-09-28|West Brom|Burnley
2014/15,29/09/14,Stoke,Newcastle,1,0,H,1,0,H,12,16,3,1,2,10,20,15,1,2,0,0,2.15,3.4,3.8,Football-Data.co.uk,2014-09-29,2014/15|2014-09-29|Stoke|Newcastle
2014/15,04/10/14,Aston Villa,Man City,0,2,A,0,0,D,6,27,1,7,0,7,4,6,0,1,0,0,7.5,4.5,1.5,Football-Data.co.uk,2014-10-04,2014/15|2014-10-04|Aston Villa|Man City
2014/15,04/10/14,Hull,Crystal Palace,2,0,H,0,0,D,15,11,2,2,6,7,6,14,1,2,0,0,2.1,3.5,3.8,Football-Data.co.uk,2014-10-04,2014/15|2014-10-04|Hull|Crystal Palace
2014/15,04/10/14,Leicester,Burnley,2,2,D,2,1,H,15,10,6,4,9,3,16,12,2,2,0,0,1.8,3.75,5.0,Football-Data.co.uk,2014-10-04,2014/15|2014-10-04|Leicester|Burnley
2014/15,04/10/14,Liverpool,West Brom,2,1,H,1,0,H,19,8,7,4,5,5,12,15,2,2,0,0,1.44,5.0,7.5,Football-Data.co.uk,2014-10-04,2014/15|2014-10-04|Liverpool|West Brom
2014/15,04/10/14,Sunderland,Stoke,3,1,H,2,1,H,8,11,3,5,7,4,10,17,3,4,0,0,2.55,3.25,3.1,Football-Data.co.uk,2014-10-04,2014/15|2014-10-04|Sunderland|Stoke
2014/15,04/10/14,Swansea,Newcastle,2,2,D,1,1,D,11,9,5,4,3,1,11,15,1,3,0,0,1.91,3.7,4.33,Football-Data.co.uk,2014-10-04,2014/15|2014-10-04|Swansea|Newcastle
2014/15,05/10/14,Chelsea,Arsenal,2,0,H,1,0,H,5,10,3,0,2,2,14,10,4,3,0,0,1.67,4.2,5.25,Football-Data.co.uk,2014-10-05,2014/15|2014-10-05|Chelsea|Arsenal
2014/15,05/10/14,Man United,Everton,2,1,H,1,0,H,15,10,4,6,11,6,18,11,4,3,0,0,1.67,4.2,5.25,Football-Data.co.uk,2014-10-05,2014/15|2014-10-05|Man United|Everton
2014/15,05/10/14,Tottenham,Southampton,1,0,H,1,0,H,9,7,4,3,10,5,15,9,2,1,0,0,2.2,3.5,3.5,Football-Data.co.uk,2014-10-05,2014/15|2014-10-05|Tottenham|Southampton
2014/15,05/10/14,West Ham,QPR,2,0,H,1,0,H,11,10,3,3,7,5,10,11,2,2,0,0,1.91,3.6,4.5,Football-Data.co.uk,2014-10-05,2014/15|2014-10-05|West Ham|QPR
2014/15,18/10/14,Arsenal,Hull,2,2,D,1,1,D,25,4,9,4,10,0,9,13,2,2,0,0,1.4,5.0,9.0,Football-Data.co.uk,2014-10-18,2014/15|2014-10-18|Arsenal|Hull
2014/15,18/10/14,Burnley,West Ham,1,3,A,0,0,D,17,22,3,6,5,7,3,10,0,1,0,0,2.8,3.4,2.7,Football-Data.co.uk,2014-10-18,2014/15|2014-10-18|Burnley|West Ham
2014/15,18/10/14,Crystal Palace,Chelsea,1,2,A,0,1,A,7,14,4,5,3,2,13,7,1,1,1,1,8.5,4.75,1.44,Football-Data.co.uk,2014-10-18,2014/15|2014-10-18|Crystal Palace|Chelsea
2014/15,18/10/14,Everton,Aston Villa,3,0,H,1,0,H,15,10,6,2,3,4,11,16,2,2,0,0,1.6,4.0,6.5,Football-Data.co.uk,2014-10-18,2014/15|2014-10-18|Everton|Aston Villa
2014/15,18/10/14,Man City,Tottenham,4,1,H,2,1,H,20,19,12,7,3,4,11,9,1,2,0,1,1.45,4.75,8.0,Football-Data.co.uk,2014-10-18,2014/15|2014-10-18|Man City|Tottenham
2014/15,18/10/14,Newcastle,Leicester,1,0,H,0,0,D,19,7,6,2,10,7,13,15,0,3,0,0,2.25,3.6,3.3,Football-Data.co.uk,2014-10-18,2014/15|2014-10-18|Newcastle|Leicester
2014/15,18/10/14,Southampton,Sunderland,8,0,H,3,0,H,20,12,11,1,5,6,11,8,1,3,0,0,1.57,4.0,7.0,Football-Data.co.uk,2014-10-18,2014/15|2014-10-18|Southampton|Sunderland
2014/15,19/10/14,QPR,Liverpool,2,3,A,0,0,D,15,15,6,5,7,2,10,15,2,3,0,0,6.0,4.2,1.6,Football-Data.co.uk,2014-10-19,2014/15|2014-10-19|QPR|Liverpool
2014/15,19/10/14,Stoke,Swansea,2,1,H,1,1,D,17,13,3,5,3,5,17,7,4,1,0,0,2.5,3.3,3.1,Football-Data.co.uk,2014-10-19,2014/15|2014-10-19|Stoke|Swansea
2014/15,20/10/14,West Brom,Man United,2,2,D,1,0,H,8,22,2,7,0,11,6,8,1,2,0,0,5.0,4.0,1.75,Football-Data.co.uk,2014-10-20,2014/15|2014-10-20|West Brom|Man United
2014/15,25/10/14,Liverpool,Hull,0,0,D,0,0,D,17,6,4,3,14,1,12,17,3,2,0,0,1.44,4.75,8.0,Football-Data.co.uk,2014-10-25,2014/15|2014-10-25|Liverpool|Hull
2014/15,25/10/14,Southampton,Stoke,1,0,H,1,0,H,20,8,2,1,6,3,10,12,0,2,0,0,1.65,4.0,6.0,Football-Data.co.uk,2014-10-25,2014/15|2014-10-25|Southampton|Stoke
2014/15,25/10/14,Sunderland,Arsenal,0,2,A,0,1,A,11,15,3,5,3,3,11,9,3,3,0,0,5.5,3.8,1.73,Football-Data.co.uk,2014-10-25,2014/15|2014-10-25|Sunderland|Arsenal
2014/15,25/10/14,Swansea,Leicester,2,0,H,1,0,H,7,9,3,4,2,2,7,10,0,0,0,0,1.95,3.7,4.2,Football-Data.co.uk,2014-10-25,2014/15|2014-10-25|Swansea|Leicester
2014/15,25/10/14,West Brom,Crystal Palace,2,2,D,0,2,A,17,8,4,6,6,3,14,8,3,1,0,0,1.91,3.6,4.5,Football-Data.co.uk,2014-10-25,2014/15|2014-10-25|West Brom|Crystal Palace
2014/15,25/10/14,West Ham,Man City,2,1,H,1,0,H,12,21,4,5,4,8,12,14,2,1,0,0,6.5,4.5,1.55,Football-Data.co.uk,2014-10-25,2014/15|2014-10-25|West Ham|Man City
2014/15,26/10/14,Burnley,Everton,1,3,A,1,2,A,14,15,3,6,5,4,12,7,4,2,0,0,4.75,3.75,1.83,Football-Data.co.uk,2014-10-26,2014/15|2014-10-26|Burnley|Everton
2014/15,26/10/14,Man United,Chelsea,1,1,D,0,0,D,19,9,7,4,4,7,13,14,3,5,0,1,2.88,3.6,2.5,Football-Data.co.uk,2014-10-26,2014/15|2014-10-26|Man United|Chelsea
2014/15,26/10/14,Tottenham,Newcastle,1,2,A,1,0,H,17,8,2,2,10,2,9,12,2,4,0,0,1.75,3.9,5.0,Football-Data.co.uk,2014-10-26,2014/15|2014-10-26|Tottenham|Newcastle
2014/15,27/10/14,QPR,Aston Villa,2,0,H,1,0,H,11,15,4,6,2,4,11,14,0,2,0,0,2.38,3.25,3.4,Football-Data.co.uk,2014-10-27,2014/15|2014-10-27|QPR|Aston Villa
2014/15,01/11/14,Arsenal,Burnley,3,0,H,0,0,D,32,6,13,2,18,1,5,9,0,1,0,0,1.25,6.5,14.0,Football-Data.co.uk,2014-11-01,2014/15|2014-11-01|Arsenal|Burnley
2014/15,01/11/14,Chelsea,QPR,2,1,H,1,0,H,18,7,8,1,13,2,8,12,0,0,0,0,1.17,8.5,21.0,Football-Data.co.uk,2014-11-01,2014/15|2014-11-01|Chelsea|QPR
2014/15,01/11/14,Everton,Swansea,0,0,D,0,0,D,17,8,3,0,11,0,10,15,2,3,0,1,1.75,3.8,5.25,Football-Data.co.uk,2014-11-01,2014/15|2014-11-01|Everton|Swansea
2014/15,01/11/14,Hull,Southampton,0,1,A,0,1,A,8,10,1,3,7,4,6,9,1,0,0,0,3.8,3.6,2.05,Football-Data.co.uk,2014-11-01,2014/15|2014-11-01|Hull|Southampton
2014/15,01/11/14,Leicester,West Brom,0,1,A,0,0,D,14,8,5,3,8,3,5,12,0,1,0,0,2.3,3.5,3.3,Football-Data.co.uk,2014-11-01,2014/15|2014-11-01|Leicester|West Brom
2014/15,01/11/14,Newcastle,Liverpool,1,0,H,0,0,D,14,6,3,3,7,2,13,8,4,3,0,0,3.8,3.75,2.0,Football-Data.co.uk,2014-11-01,2014/15|2014-11-01|Newcastle|Liverpool
2014/15,01/11/14,Stoke,West Ham,2,2,D,1,0,H,21,10,6,2,9,2,14,13,1,1,0,0,2.38,3.4,3.25,Football-Data.co.uk,2014-11-01,2014/15|2014-11-01|Stoke|West Ham
2014/15,02/11/14,Aston Villa,Tottenham,1,2,A,1,0,H,12,18,1,7,3,9,12,11,3,3,1,0,3.75,3.6,2.1,Football-Data.co.uk,2014-11-02,2014/15|2014-11-02|Aston Villa|Tottenham
2014/15,02/11/14,Man City,Man United,1,0,H,0,0,D,16,9,6,2,7,4,15,9,3,1,0,1,1.91,3.75,4.33,Football-Data.co.uk,2014-11-02,2014/15|2014-11-02|Man City|Man United
2014/15,03/11/14,Crystal Palace,Sunderland,1,3,A,0,1,A,9,8,1,7,11,2,12,19,0,3,1,0,2.1,3.5,3.8,Football-Data.co.uk,2014-11-03,2014/15|2014-11-03|Crystal Palace|Sunderland
2014/15,08/11/14,Burnley,Hull,1,0,H,0,0,D,14,12,3,1,7,1,17,17,6,4,0,0,2.5,3.4,3.0,Football-Data.co.uk,2014-11-08,2014/15|2014-11-08|Burnley|Hull
2014/15,08/11/14,Liverpool,Chelsea,1,2,A,1,1,D,12,15,4,5,5,7,9,12,2,5,0,0,3.4,3.4,2.3,Football-Data.co.uk,2014-11-08,2014/15|2014-11-08|Liverpool|Chelsea
2014/15,08/11/14,Man United,Crystal Palace,1,0,H,0,0,D,23,6,5,1,11,4,8,12,1,3,0,0,1.3,6.0,11.0,Football-Data.co.uk,2014-11-08,2014/15|2014-11-08|Man United|Crystal Palace
2014/15,08/11/14,QPR,Man City,2,2,D,1,1,D,17,23,4,6,7,7,9,10,4,2,0,0,7.0,4.75,1.5,Football-Data.co.uk,2014-11-08,2014/15|2014-11-08|QPR|Man City
2014/15,08/11/14,Southampton,Leicester,2,0,H,0,0,D,18,5,6,0,13,4,10,12,2,2,0,0,1.44,4.75,8.0,Football-Data.co.uk,2014-11-08,2014/15|2014-11-08|Southampton|Leicester
2014/15,08/11/14,West Ham,Aston Villa,0,0,D,0,0,D,21,12,5,4,13,2,9,10,0,3,0,0,1.75,3.75,5.5,Football-Data.co.uk,2014-11-08,2014/15|2014-11-08|West Ham|Aston Villa
2014/15,09/11/14,Sunderland,Everton,1,1,D,0,0,D,10,16,3,7,5,4,11,13,1,2,0,0,4.0,3.5,2.05,Football-Data.co.uk,2014-11-09,2014/15|2014-11-09|Sunderland|Everton
2014/15,09/11/14,Swansea,Arsenal,2,1,H,0,0,D,11,12,5,4,6,10,10,16,5,5,0,0,3.75,3.5,2.1,Football-Data.co.uk,2014-11-09,2014/15|2014-11-09|Swansea|Arsenal
2014/15,09/11/14,Tottenham,Stoke,1,2,A,0,2,A,14,11,4,4,5,5,20,13,3,2,1,0,1.7,4.0,5.5,Football-Data.co.uk,2014-11-09,2014/15|2014-11-09|Tottenham|Stoke
2014/15,09/11/14,West Brom,Newcastle,0,2,A,0,1,A,10,8,2,3,7,4,12,6,0,0,0,0,2.3,3.5,3.3,Football-Data.co.uk,2014-11-09,2014/15|2014-11-09|West Brom|Newcastle
2014/15,22/11/14,Arsenal,Man United,1,2,A,0,0,D,23,12,9,2,11,5,12,8,2,1,0,0,2.15,3.6,3.5,Football-Data.co.uk,2014-11-22,2014/15|2014-11-22|Arsenal|Man United
2014/15,22/11/14,Chelsea,West Brom,2,0,H,2,0,H,21,5,8,1,15,0,7,9,1,0,0,1,1.25,6.5,15.0,Football-Data.co.uk,2014-11-22,2014/15|2014-11-22|Chelsea|West Brom
2014/15,22/11/14,Everton,West Ham,2,1,H,1,0,H,14,14,4,3,1,5,10,13,2,3,0,0,1.85,3.8,4.5,Football-Data.co.uk,2014-11-22,2014/15|2014-11-22|Everton|West Ham
2014/15,22/11/14,Leicester,Sunderland,0,0,D,0,0,D,13,10,4,5,6,9,18,12,2,3,0,0,2.1,3.5,3.8,Football-Data.co.uk,2014-11-22,2014/15|2014-11-22|Leicester|Sunderland
2014/15,22/11/14,Man City,Swansea,2,1,H,1,1,D,23,8,10,3,7,3,13,9,2,1,0,0,1.4,5.25,8.5,Football-Data.co.uk,2014-11-22,2014/15|2014-11-22|Man City|Swansea
2014/15,22/11/14,Newcastle,QPR,1,0,H,0,0,D,14,13,6,4,16,7,12,15,2,3,0,0,1.83,3.75,4.75,Football-Data.co.uk,2014-11-22,2014/15|2014-11-22|Newcastle|QPR
2014/15,22/11/14,Stoke,Burnley,1,2,A,1,2,A,25,5,4,4,14,0,10,9,2,2,0,0,1.7,3.8,5.75,Football-Data.co.uk,2014-11-22,2014/15|2014-11-22|Stoke|Burnley
2014/15,23/11/14,Crystal Palace,Liverpool,3,1,H,1,1,D,15,12,5,1,4,3,21,10,1,2,0,0,4.33,3.7,1.91,Football-Data.co.uk,2014-11-23,2014/15|2014-11-23|Crystal Palace|Liverpool
2014/15,23/11/14,Hull,Tottenham,1,2,A,1,0,H,10,23,2,6,3,9,15,9,3,1,1,0,3.6,3.4,2.2,Football-Data.co.uk,2014-11-23,2014/15|2014-11-23|Hull|Tottenham
2014/15,24/11/14,Aston Villa,Southampton,1,1,D,1,0,H,7,15,1,4,2,8,15,17,1,2,0,0,5.25,3.75,1.75,Football-Data.co.uk,2014-11-24,2014/15|2014-11-24|Aston Villa|Southampton
2014/15,29/11/14,Burnley,Aston Villa,1,1,D,0,1,A,11,18,4,7,1,5,8,8,3,4,0,0,2.15,3.4,3.75,Football-Data.co.uk,2014-11-29,2014/15|2014-11-29|Burnley|Aston Villa
2014/15,29/11/14,Liverpool,Stoke,1,0,H,0,0,D,16,13,3,4,5,5,11,9,0,3,0,0,1.73,4.0,5.0,Football-Data.co.uk,2014-11-29,2014/15|2014-11-29|Liverpool|Stoke
2014/15,29/11/14,Man United,Hull,3,0,H,2,0,H,12,4,6,2,7,0,12,12,2,2,0,0,1.33,5.75,10.0,Football-Data.co.uk,2014-11-29,2014/15|2014-11-29|Man United|Hull
2014/15,29/11/14,QPR,Leicester,3,2,H,2,1,H,32,19,6,5,11,5,8,17,3,2,0,0,2.38,3.4,3.25,Football-Data.co.uk,2014-11-29,2014/15|2014-11-29|QPR|Leicester
2014/15,29/11/14,Sunderland,Chelsea,0,0,D,0,0,D,12,24,3,6,2,8,13,10,3,2,0,0,9.0,5.0,1.4,Football-Data.co.uk,2014-11-29,2014/15|2014-11-29|Sunderland|Chelsea
2014/15,29/11/14,Swansea,Crystal Palace,1,1,D,1,1,D,18,11,4,5,4,6,6,12,0,2,0,0,1.8,3.75,5.0,Football-Data.co.uk,2014-11-29,2014/15|2014-11-29|Swansea|Crystal Palace
2014/15,29/11/14,West Brom,Arsenal,0,1,A,0,0,D,9,17,1,5,4,4,9,10,2,1,0,0,4.5,3.8,1.85,Football-Data.co.uk,2014-11-29,2014/15|2014-11-29|West Brom|Arsenal
2014/15,29/11/14,West Ham,Newcastle,1,0,H,0,0,D,12,7,3,1,6,2,9,16,3,2,0,1,2.15,3.5,3.6,Football-Data.co.uk,2014-11-29,2014/15|2014-11-29|West Ham|Newcastle
2014/15,30/11/14,Southampton,Man City,0,3,A,0,0,D,13,15,4,6,8,6,10,13,1,2,0,1,3.2,3.6,2.3,Football-Data.co.uk,2014-11-30,2014/15|2014-11-30|Southampton|Man City
2014/15,30/11/14,Tottenham,Everton,2,1,H,2,1,H,13,10,6,5,3,4,15,5,5,1,0,0,2.25,3.6,3.25,Football-Data.co.uk,2014-11-30,2014/15|2014-11-30|Tottenham|Everton
2014/15,02/12/14,Burnley,Newcastle,1,1,D,1,0,H,12,11,2,4,2,5,12,12,2,2,0,0,2.8,3.3,2.75,Football-Data.co.uk,2014-12-02,2014/15|2014-12-02|Burnley|Newcastle
2014/15,02/12/14,Crystal Palace,Aston Villa,0,1,A,0,1,A,17,5,5,3,8,2,16,15,2,2,0,0,2.1,3.4,4.0,Football-Data.co.uk,2014-12-02,2014/15|2014-12-02|Crystal Palace|Aston Villa
2014/15,02/12/14,Leicester,Liverpool,1,3,A,1,1,D,20,11,4,3,7,4,11,10,1,2,1,0,3.8,3.6,2.05,Football-Data.co.uk,2014-12-02,2014/15|2014-12-02|Leicester|Liverpool
2014/15,02/12/14,Man United,Stoke,2,1,H,1,1,D,10,5,3,4,2,2,8,13,2,4,0,0,1.45,4.5,8.5,Football-Data.co.uk,2014-12-02,2014/15|2014-12-02|Man United|Stoke
2014/15,02/12/14,Swansea,QPR,2,0,H,0,0,D,18,5,7,1,9,2,8,12,2,2,0,0,1.73,3.8,5.5,Football-Data.co.uk,2014-12-02,2014/15|2014-12-02|Swansea|QPR
2014/15,02/12/14,West Brom,West Ham,1,2,A,1,2,A,23,11,5,6,7,3,11,17,2,1,0,0,2.5,3.4,3.0,Football-Data.co.uk,2014-12-02,2014/15|2014-12-02|West Brom|West Ham
2014/15,03/12/14,Arsenal,Southampton,1,0,H,0,0,D,19,6,8,1,9,4,7,14,0,2,0,0,1.8,3.75,5.0,Football-Data.co.uk,2014-12-03,2014/15|2014-12-03|Arsenal|Southampton
2014/15,03/12/14,Chelsea,Tottenham,3,0,H,2,0,H,12,10,8,2,1,6,9,9,1,1,0,0,1.4,5.0,9.0,Football-Data.co.uk,2014-12-03,2014/15|2014-12-03|Chelsea|Tottenham
2014/15,03/12/14,Everton,Hull,1,1,D,1,0,H,13,8,5,1,6,4,8,12,1,1,0,0,1.53,4.33,7.0,Football-Data.co.uk,2014-12-03,2014/15|2014-12-03|Everton|Hull
2014/15,03/12/14,Sunderland,Man City,1,4,A,1,2,A,8,15,2,4,2,0,9,8,1,1,0,0,7.5,4.5,1.5,Football-Data.co.uk,2014-12-03,2014/15|2014-12-03|Sunderland|Man City
2014/15,06/12/14,Hull,West Brom,0,0,D,0,0,D,12,6,2,3,3,2,10,16,1,1,0,0,2.45,3.3,3.2,Football-Data.co.uk,2014-12-06,2014/15|2014-12-06|Hull|West Brom
2014/15,06/12/14,Liverpool,Sunderland,0,0,D,0,0,D,15,7,2,1,5,7,12,15,1,3,0,0,1.5,4.5,7.5,Football-Data.co.uk,2014-12-06,2014/15|2014-12-06|Liverpool|Sunderland
2014/15,06/12/14,Man City,Everton,1,0,H,1,0,H,19,9,3,2,11,7,8,11,3,3,0,0,1.5,4.75,7.0,Football-Data.co.uk,2014-12-06,2014/15|2014-12-06|Man City|Everton
2014/15,06/12/14,Newcastle,Chelsea,2,1,H,0,0,D,9,26,3,8,1,10,8,6,2,3,1,0,7.0,4.33,1.53,Football-Data.co.uk,2014-12-06,2014/15|2014-12-06|Newcastle|Chelsea
2014/15,06/12/14,QPR,Burnley,2,0,H,0,0,D,11,15,6,3,3,11,12,12,1,1,1,0,2.05,3.5,4.0,Football-Data.co.uk,2014-12-06,2014/15|2014-12-06|QPR|Burnley
2014/15,06/12/14,Stoke,Arsenal,3,2,H,3,0,H,13,15,4,6,3,9,17,14,3,2,0,1,4.0,3.6,2.0,Football-Data.co.uk,2014-12-06,2014/15|2014-12-06|Stoke|Arsenal
2014/15,06/12/14,Tottenham,Crystal Palace,0,0,D,0,0,D,14,16,3,4,2,12,11,10,1,0,0,0,1.6,4.2,6.0,Football-Data.co.uk,2014-12-06,2014/15|2014-12-06|Tottenham|Crystal Palace
2014/15,07/12/14,Aston Villa,Leicester,2,1,H,1,1,D,16,10,7,4,5,5,9,14,4,4,0,1,2.4,3.4,3.2,Football-Data.co.uk,2014-12-07,2014/15|2014-12-07|Aston Villa|Leicester
2014/15,07/12/14,West Ham,Swansea,3,1,H,1,1,D,15,11,7,2,7,4,11,18,0,1,0,1,2.35,3.4,3.25,Football-Data.co.uk,2014-12-07,2014/15|2014-12-07|West Ham|Swansea
2014/15,08/12/14,Southampton,Man United,1,2,A,1,1,D,15,3,4,2,5,1,12,9,2,1,0,0,2.8,3.4,2.7,Football-Data.co.uk,2014-12-08,2014/15|2014-12-08|Southampton|Man United
2014/15,13/12/14,Arsenal,Newcastle,4,1,H,1,0,H,17,10,4,4,9,6,14,15,2,2,0,0,1.44,4.75,8.0,Football-Data.co.uk,2014-12-13,2014/15|2014-12-13|Arsenal|Newcastle
2014/15,13/12/14,Burnley,Southampton,1,0,H,0,0,D,7,15,2,4,2,5,15,11,1,3,0,0,5.5,3.75,1.73,Football-Data.co.uk,2014-12-13,2014/15|2014-12-13|Burnley|Southampton
2014/15,13/12/14,Chelsea,Hull,2,0,H,1,0,H,12,8,3,0,5,4,13,13,3,3,0,1,1.18,8.0,18.0,Football-Data.co.uk,2014-12-13,2014/15|2014-12-13|Chelsea|Hull
2014/15,13/12/14,Crystal Palace,Stoke,1,1,D,1,1,D,10,7,3,3,9,8,12,11,2,0,0,0,2.6,3.25,3.0,Football-Data.co.uk,2014-12-13,2014/15|2014-12-13|Crystal Palace|Stoke
2014/15,13/12/14,Leicester,Man City,0,1,A,0,1,A,7,9,1,4,8,2,15,13,0,2,0,0,7.0,4.75,1.5,Football-Data.co.uk,2014-12-13,2014/15|2014-12-13|Leicester|Man City
2014/15,13/12/14,Sunderland,West Ham,1,1,D,1,1,D,13,19,4,8,6,8,11,18,2,2,0,0,2.95,3.4,2.55,Football-Data.co.uk,2014-12-13,2014/15|2014-12-13|Sunderland|West Ham
2014/15,13/12/14,West Brom,Aston Villa,1,0,H,0,0,D,13,7,5,2,4,2,17,12,4,2,0,1,2.15,3.4,3.8,Football-Data.co.uk,2014-12-13,2014/15|2014-12-13|West Brom|Aston Villa
2014/15,14/12/14,Man United,Liverpool,3,0,H,2,0,H,11,19,6,9,2,7,13,14,4,3,0,0,1.8,3.8,4.75,Football-Data.co.uk,2014-12-14,2014/15|2014-12-14|Man United|Liverpool
2014/15,14/12/14,Swansea,Tottenham,1,2,A,0,1,A,15,10,3,4,7,9,7,17,3,4,0,0,2.5,3.4,3.0,Football-Data.co.uk,2014-12-14,2014/15|2014-12-14|Swansea|Tottenham
2014/15,15/12/14,Everton,QPR,3,1,H,2,0,H,13,17,5,4,1,8,11,12,1,1,0,0,1.45,4.5,8.5,Football-Data.co.uk,2014-12-15,2014/15|2014-12-15|Everton|QPR
2014/15,20/12/14,Aston Villa,Man United,1,1,D,1,0,H,10,16,4,9,3,9,9,10,1,1,1,0,6.25,4.0,1.62,Football-Data.co.uk,2014-12-20,2014/15|2014-12-20|Aston Villa|Man United
2014/15,20/12/14,Hull,Swansea,0,1,A,0,1,A,11,13,3,3,4,5,14,16,2,2,0,0,3.1,3.3,2.5,Football-Data.co.uk,2014-12-20,2014/15|2014-12-20|Hull|Swansea
2014/15,20/12/14,Man City,Crystal Palace,3,0,H,0,0,D,15,6,3,1,8,6,17,5,2,1,0,0,1.29,6.0,12.0,Football-Data.co.uk,2014-12-20,2014/15|2014-12-20|Man City|Crystal Palace
2014/15,20/12/14,QPR,West Brom,3,2,H,1,2,A,17,16,7,6,5,11,16,8,1,0,0,0,2.45,3.3,3.2,Football-Data.co.uk,2014-12-20,2014/15|2014-12-20|QPR|West Brom
2014/15,20/12/14,Southampton,Everton,3,0,H,1,0,H,11,13,3,4,4,6,11,10,1,1,0,0,2.45,3.5,3.0,Football-Data.co.uk,2014-12-20,2014/15|2014-12-20|Southampton|Everton
2014/15,20/12/14,Tottenham,Burnley,2,1,H,2,1,H,23,9,6,5,9,6,9,8,1,0,0,0,1.5,4.5,7.5,Football-Data.co.uk,2014-12-20,2014/15|2014-12-20|Tottenham|Burnley
2014/15,20/12/14,West Ham,Leicester,2,0,H,1,0,H,10,10,2,4,9,4,8,17,0,3,0,0,1.75,3.9,5.0,Football-Data.co.uk,2014-12-20,2014/15|2014-12-20|West Ham|Leicester
2014/15,21/12/14,Liverpool,Arsenal,2,2,D,1,1,D,27,7,10,3,10,6,6,14,0,3,1,0,2.8,3.5,2.6,Football-Data.co.uk,2014-12-21,2014/15|2014-12-21|Liverpool|Arsenal
2014/15,21/12/14,Newcastle,Sunderland,0,1,A,0,0,D,15,16,7,3,7,1,15,15,4,4,0,0,2.05,3.5,4.0,Football-Data.co.uk,2014-12-21,2014/15|2014-12-21|Newcastle|Sunderland
2014/15,22/12/14,Stoke,Chelsea,0,2,A,0,1,A,13,15,2,6,6,5,11,4,3,0,0,0,6.25,4.0,1.62,Football-Data.co.uk,2014-12-22,2014/15|2014-12-22|Stoke|Chelsea
2014/15,26/12/14,Arsenal,QPR,2,1,H,1,0,H,15,16,5,2,6,2,6,15,1,4,1,0,1.29,6.0,13.0,Football-Data.co.uk,2014-12-26,2014/15|2014-12-26|Arsenal|QPR
2014/15,26/12/14,Burnley,Liverpool,0,1,A,0,0,D,16,10,0,3,8,2,7,5,0,1,0,0,4.75,3.8,1.8,Football-Data.co.uk,2014-12-26,2014/15|2014-12-26|Burnley|Liverpool
2014/15,26/12/14,Chelsea,West Ham,2,0,H,1,0,H,28,6,9,0,8,6,8,14,0,3,0,0,1.33,5.75,10.0,Football-Data.co.uk,2014-12-26,2014/15|2014-12-26|Chelsea|West Ham
2014/15,26/12/14,Crystal Palace,Southampton,1,3,A,0,1,A,11,13,4,6,8,4,15,10,1,0,0,0,3.75,3.4,2.15,Football-Data.co.uk,2014-12-26,2014/15|2014-12-26|Crystal Palace|Southampton
2014/15,26/12/14,Everton,Stoke,0,1,A,0,1,A,16,12,5,2,9,3,9,15,2,3,0,0,1.83,3.6,5.0,Football-Data.co.uk,2014-12-26,2014/15|2014-12-26|Everton|Stoke
2014/15,26/12/14,Leicester,Tottenham,1,2,A,0,1,A,22,8,6,3,11,1,10,14,1,2,0,0,3.8,3.6,2.05,Football-Data.co.uk,2014-12-26,2014/15|2014-12-26|Leicester|Tottenham
2014/15,26/12/14,Man United,Newcastle,3,1,H,2,0,H,9,8,4,4,4,5,16,9,1,2,0,0,1.4,5.0,9.0,Football-Data.co.uk,2014-12-26,2014/15|2014-12-26|Man United|Newcastle
2014/15,26/12/14,Sunderland,Hull,1,3,A,1,1,D,12,13,3,5,10,4,12,6,4,2,0,0,2.05,3.4,4.2,Football-Data.co.uk,2014-12-26,2014/15|2014-12-26|Sunderland|Hull
2014/15,26/12/14,Swansea,Aston Villa,1,0,H,1,0,H,7,11,2,3,4,0,17,12,1,4,0,0,1.75,3.75,5.25,Football-Data.co.uk,2014-12-26,2014/15|2014-12-26|Swansea|Aston Villa
2014/15,26/12/14,West Brom,Man City,1,3,A,0,3,A,18,9,6,5,10,6,5,9,0,1,0,0,6.5,4.5,1.53,Football-Data.co.uk,2014-12-26,2014/15|2014-12-26|West Brom|Man City
2014/15,28/12/14,Aston Villa,Sunderland,0,0,D,0,0,D,14,15,3,3,4,4,4,11,1,4,1,0,2.35,3.3,3.4,Football-Data.co.uk,2014-12-28,2014/15|2014-12-28|Aston Villa|Sunderland
2014/15,28/12/14,Hull,Leicester,0,1,A,0,1,A,18,4,5,2,7,1,12,12,0,1,1,1,2.25,3.4,3.5,Football-Data.co.uk,2014-12-28,2014/15|2014-12-28|Hull|Leicester
2014/15,28/12/14,Man City,Burnley,2,2,D,2,0,H,17,12,6,3,10,3,18,9,4,1,0,0,1.18,8.0,19.0,Football-Data.co.uk,2014-12-28,2014/15|2014-12-28|Man City|Burnley
2014/15,28/12/14,Newcastle,Everton,3,2,H,1,1,D,13,9,6,2,8,3,13,8,2,2,0,0,2.9,3.4,2.6,Football-Data.co.uk,2014-12-28,2014/15|2014-12-28|Newcastle|Everton
2014/15,28/12/14,QPR,Crystal Palace,0,0,D,0,0,D,11,10,3,3,9,4,11,17,2,1,0,0,2.38,3.4,3.25,Football-Data.co.uk,2014-12-28,2014/15|2014-12-28|QPR|Crystal Palace
2014/15,28/12/14,Southampton,Chelsea,1,1,D,1,1,D,9,7,1,1,4,6,23,14,2,2,1,0,4.75,3.75,1.83,Football-Data.co.uk,2014-12-28,2014/15|2014-12-28|Southampton|Chelsea
2014/15,28/12/14,Stoke,West Brom,2,0,H,0,0,D,13,15,3,4,5,3,11,14,0,2,0,0,1.91,3.6,4.5,Football-Data.co.uk,2014-12-28,2014/15|2014-12-28|Stoke|West Brom
2014/15,28/12/14,Tottenham,Man United,0,0,D,0,0,D,9,9,4,5,3,6,11,19,2,4,0,0,3.25,3.6,2.3,Football-Data.co.uk,2014-12-28,2014/15|2014-12-28|Tottenham|Man United
2014/15,28/12/14,West Ham,Arsenal,1,2,A,0,2,A,14,21,4,7,7,8,12,13,3,3,0,0,3.5,3.5,2.2,Football-Data.co.uk,2014-12-28,2014/15|2014-12-28|West Ham|Arsenal
2014/15,29/12/14,Liverpool,Swansea,4,1,H,1,0,H,21,11,11,4,6,3,8,5,1,0,0,0,1.7,4.0,5.5,Football-Data.co.uk,2014-12-29,2014/15|2014-12-29|Liverpool|Swansea
2014/15,01/01/15,Aston Villa,Crystal Palace,0,0,D,0,0,D,14,6,3,0,5,2,11,12,1,1,0,0,2.4,3.3,3.3,Football-Data.co.uk,2015-01-01,2014/15|2015-01-01|Aston Villa|Crystal Palace
2014/15,01/01/15,Hull,Everton,2,0,H,2,0,H,14,9,5,3,4,8,16,15,2,3,0,1,3.4,3.4,2.3,Football-Data.co.uk,2015-01-01,2014/15|2015-01-01|Hull|Everton
2014/15,01/01/15,Liverpool,Leicester,2,2,D,2,0,H,18,16,6,3,4,5,13,10,2,2,0,0,1.4,5.0,9.0,Football-Data.co.uk,2015-01-01,2014/15|2015-01-01|Liverpool|Leicester
2014/15,01/01/15,Man City,Sunderland,3,2,H,0,0,D,32,4,12,4,10,4,14,7,2,3,0,0,1.22,7.0,15.0,Football-Data.co.uk,2015-01-01,2014/15|2015-01-01|Man City|Sunderland
2014/15,01/01/15,Newcastle,Burnley,3,3,D,2,1,H,10,15,4,4,5,5,12,13,2,4,0,0,1.83,3.75,4.75,Football-Data.co.uk,2015-01-01,2014/15|2015-01-01|Newcastle|Burnley
2014/15,01/01/15,QPR,Swansea,1,1,D,1,0,H,24,25,6,6,4,9,22,5,4,0,0,1,3.0,3.4,2.5,Football-Data.co.uk,2015-01-01,2014/15|2015-01-01|QPR|Swansea
2014/15,01/01/15,Southampton,Arsenal,2,0,H,1,0,H,13,11,6,6,2,7,14,7,2,1,0,0,2.9,3.4,2.6,Football-Data.co.uk,2015-01-01,2014/15|2015-01-01|Southampton|Arsenal
2014/15,01/01/15,Stoke,Man United,1,1,D,1,1,D,11,6,2,2,11,7,8,12,0,0,0,0,4.2,3.5,2.0,Football-Data.co.uk,2015-01-01,2014/15|2015-01-01|Stoke|Man United
2014/15,01/01/15,Tottenham,Chelsea,5,3,H,3,1,H,11,19,8,7,5,3,14,10,3,1,0,0,5.0,3.75,1.8,Football-Data.co.uk,2015-01-01,2014/15|2015-01-01|Tottenham|Chelsea
2014/15,01/01/15,West Ham,West Brom,1,1,D,1,1,D,8,14,3,3,0,1,6,13,1,0,0,0,1.85,3.75,4.5,Football-Data.co.uk,2015-01-01,2014/15|2015-01-01|West Ham|West Brom
2014/15,10/01/15,Burnley,QPR,2,1,H,2,1,H,18,17,7,7,10,6,14,9,2,2,0,0,2.2,3.4,3.6,Football-Data.co.uk,2015-01-10,2014/15|2015-01-10|Burnley|QPR
2014/15,10/01/15,Chelsea,Newcastle,2,0,H,1,0,H,9,11,5,5,7,4,13,13,2,3,0,0,1.2,7.5,17.0,Football-Data.co.uk,2015-01-10,2014/15|2015-01-10|Chelsea|Newcastle
2014/15,10/01/15,Crystal Palace,Tottenham,2,1,H,0,0,D,21,9,7,5,4,6,9,14,5,3,0,0,3.5,3.5,2.2,Football-Data.co.uk,2015-01-10,2014/15|2015-01-10|Crystal Palace|Tottenham
2014/15,10/01/15,Everton,Man City,1,1,D,0,0,D,11,18,4,2,4,9,9,10,1,2,0,0,4.5,3.75,1.85,Football-Data.co.uk,2015-01-10,2014/15|2015-01-10|Everton|Man City
2014/15,10/01/15,Leicester,Aston Villa,1,0,H,1,0,H,11,12,3,1,6,6,18,6,1,1,1,1,2.2,3.4,3.6,Football-Data.co.uk,2015-01-10,2014/15|2015-01-10|Leicester|Aston Villa
2014/15,10/01/15,Sunderland,Liverpool,0,1,A,0,1,A,5,21,1,4,6,6,12,11,1,4,1,0,4.5,3.6,1.91,Football-Data.co.uk,2015-01-10,2014/15|2015-01-10|Sunderland|Liverpool
2014/15,10/01/15,Swansea,West Ham,1,1,D,0,1,A,19,11,3,5,4,5,9,7,0,1,0,0,2.25,3.5,3.4,Football-Data.co.uk,2015-01-10,2014/15|2015-01-10|Swansea|West Ham
2014/15,10/01/15,West Brom,Hull,1,0,H,0,0,D,9,12,3,2,5,2,5,13,1,0,0,0,2.05,3.4,4.2,Football-Data.co.uk,2015-01-10,2014/15|2015-01-10|West Brom|Hull
2014/15,11/01/15,Arsenal,Stoke,3,0,H,2,0,H,14,7,6,2,9,1,11,11,0,3,0,0,1.44,4.75,8.0,Football-Data.co.uk,2015-01-11,2014/15|2015-01-11|Arsenal|Stoke
2014/15,11/01/15,Man United,Southampton,0,1,A,0,0,D,10,9,0,1,3,5,9,10,2,3,0,0,1.83,3.75,4.75,Football-Data.co.uk,2015-01-11,2014/15|2015-01-11|Man United|Southampton
2014/15,17/01/15,Aston Villa,Liverpool,0,2,A,0,1,A,15,12,4,5,9,5,13,11,1,1,0,0,4.5,3.6,1.91,Football-Data.co.uk,2015-01-17,2014/15|2015-01-17|Aston Villa|Liverpool
2014/15,17/01/15,Burnley,Crystal Palace,2,3,A,2,1,H,7,11,4,4,5,7,10,20,1,3,0,0,2.55,3.25,3.1,Football-Data.co.uk,2015-01-17,2014/15|2015-01-17|Burnley|Crystal Palace
2014/15,17/01/15,Leicester,Stoke,0,1,A,0,0,D,7,13,3,3,6,5,9,6,1,0,0,0,2.63,3.3,2.9,Football-Data.co.uk,2015-01-17,2014/15|2015-01-17|Leicester|Stoke
2014/15,17/01/15,Newcastle,Southampton,1,2,A,1,1,D,16,5,3,3,9,0,9,8,0,2,0,0,3.3,3.3,2.38,Football-Data.co.uk,2015-01-17,2014/15|2015-01-17|Newcastle|Southampton
2014/15,17/01/15,QPR,Man United,0,2,A,0,0,D,18,12,4,7,3,3,12,10,3,2,0,0,6.0,4.2,1.62,Football-Data.co.uk,2015-01-17,2014/15|2015-01-17|QPR|Man United
2014/15,17/01/15,Swansea,Chelsea,0,5,A,0,4,A,11,21,0,11,1,2,9,13,0,0,0,0,7.0,4.2,1.55,Football-Data.co.uk,2015-01-17,2014/15|2015-01-17|Swansea|Chelsea
2014/15,17/01/15,Tottenham,Sunderland,2,1,H,1,1,D,25,8,8,4,6,6,14,8,1,2,0,0,1.62,4.2,6.0,Football-Data.co.uk,2015-01-17,2014/15|2015-01-17|Tottenham|Sunderland
2014/15,18/01/15,Man City,Arsenal,0,2,A,0,1,A,12,9,4,3,16,3,12,5,3,3,0,0,1.8,4.0,4.5,Football-Data.co.uk,2015-01-18,2014/15|2015-01-18|Man City|Arsenal
2014/15,18/01/15,West Ham,Hull,3,0,H,0,0,D,17,9,6,3,4,7,5,14,1,3,0,0,1.75,3.75,5.25,Football-Data.co.uk,2015-01-18,2014/15|2015-01-18|West Ham|Hull
2014/15,19/01/15,Everton,West Brom,0,0,D,0,0,D,17,5,4,0,8,1,11,12,3,2,0,0,1.85,3.6,4.75,Football-Data.co.uk,2015-01-19,2014/15|2015-01-19|Everton|West Brom
2014/15,31/01/15,Chelsea,Man City,1,1,D,1,1,D,3,10,2,5,1,4,12,14,0,2,0,0,2.15,3.5,3.6,Football-Data.co.uk,2015-01-31,2014/15|2015-01-31|Chelsea|Man City
2014/15,31/01/15,Crystal Palace,Everton,0,1,A,0,1,A,13,14,3,2,6,1,12,14,0,3,0,0,2.8,3.3,2.75,Football-Data.co.uk,2015-01-31,2014/15|2015-01-31|Crystal Palace|Everton
2014/15,31/01/15,Hull,Newcastle,0,3,A,0,1,A,13,12,8,5,3,3,15,13,4,1,0,0,2.7,3.25,2.88,Football-Data.co.uk,2015-01-31,2014/15|2015-01-31|Hull|Newcastle
2014/15,31/01/15,Liverpool,West Ham,2,0,H,0,0,D,21,7,7,2,5,7,12,12,1,1,0,0,1.67,4.0,5.75,Football-Data.co.uk,2015-01-31,2014/15|2015-01-31|Liverpool|West Ham
2014/15,31/01/15,Man United,Leicester,3,1,H,3,0,H,12,4,5,1,4,3,8,12,0,1,0,0,1.36,5.5,9.5,Football-Data.co.uk,2015-01-31,2014/15|2015-01-31|Man United|Leicester
2014/15,31/01/15,Stoke,QPR,3,1,H,2,1,H,15,14,3,4,3,5,11,12,2,2,0,0,1.65,4.0,6.0,Football-Data.co.uk,2015-01-31,2014/15|2015-01-31|Stoke|QPR
2014/15,31/01/15,Sunderland,Burnley,2,0,H,2,0,H,8,13,3,4,6,3,12,12,3,1,0,0,2.25,3.3,3.6,Football-Data.co.uk,2015-01-31,2014/15|2015-01-31|Sunderland|Burnley
2014/15,31/01/15,West Brom,Tottenham,0,3,A,0,2,A,13,14,4,4,6,3,8,13,2,1,0,0,2.9,3.3,2.63,Football-Data.co.uk,2015-01-31,2014/15|2015-01-31|West Brom|Tottenham
2014/15,01/02/15,Arsenal,Aston Villa,5,0,H,1,0,H,13,9,8,2,7,7,6,10,0,2,0,0,1.25,6.5,15.0,Football-Data.co.uk,2015-02-01,2014/15|2015-02-01|Arsenal|Aston Villa
2014/15,01/02/15,Southampton,Swansea,0,1,A,0,0,D,15,6,6,1,9,0,11,9,1,1,1,0,1.6,4.0,6.5,Football-Data.co.uk,2015-02-01,2014/15|2015-02-01|Southampton|Swansea
2014/15,07/02/15,Aston Villa,Chelsea,1,2,A,0,1,A,8,12,1,5,7,7,8,7,3,2,0,0,10.0,5.25,1.36,Football-Data.co.uk,2015-02-07,2014/15|2015-02-07|Aston Villa|Chelsea
2014/15,07/02/15,Everton,Liverpool,0,0,D,0,0,D,6,17,1,6,3,6,11,7,4,1,0,0,3.4,3.4,2.3,Football-Data.co.uk,2015-02-07,2014/15|2015-02-07|Everton|Liverpool
2014/15,07/02/15,Leicester,Crystal Palace,0,1,A,0,0,D,19,14,5,2,8,6,15,6,4,1,0,0,2.4,3.3,3.25,Football-Data.co.uk,2015-02-07,2014/15|2015-02-07|Leicester|Crystal Palace
2014/15,07/02/15,Man City,Hull,1,1,D,0,1,A,18,7,5,3,13,1,9,8,2,4,0,0,1.18,8.0,19.0,Football-Data.co.uk,2015-02-07,2014/15|2015-02-07|Man City|Hull
2014/15,07/02/15,QPR,Southampton,0,1,A,0,0,D,12,16,3,5,3,4,13,16,2,2,0,0,4.75,3.6,1.85,Football-Data.co.uk,2015-02-07,2014/15|2015-02-07|QPR|Southampton
2014/15,07/02/15,Swansea,Sunderland,1,1,D,0,1,A,16,4,7,1,7,1,11,13,3,4,0,0,1.91,3.5,4.6,Football-Data.co.uk,2015-02-07,2014/15|2015-02-07|Swansea|Sunderland
2014/15,07/02/15,Tottenham,Arsenal,2,1,H,0,1,A,23,7,8,3,10,3,8,12,3,5,0,0,3.25,3.5,2.3,Football-Data.co.uk,2015-02-07,2014/15|2015-02-07|Tottenham|Arsenal
2014/15,08/02/15,Burnley,West Brom,2,2,D,2,1,H,12,12,5,5,5,6,10,15,0,4,0,0,2.6,3.25,3.0,Football-Data.co.uk,2015-02-08,2014/15|2015-02-08|Burnley|West Brom
2014/15,08/02/15,Newcastle,Stoke,1,1,D,0,0,D,9,7,3,3,5,8,14,17,2,4,0,0,2.3,3.4,3.4,Football-Data.co.uk,2015-02-08,2014/15|2015-02-08|Newcastle|Stoke
2014/15,08/02/15,West Ham,Man United,1,1,D,0,0,D,13,18,6,6,9,9,7,13,2,2,0,1,4.2,3.6,1.95,Football-Data.co.uk,2015-02-08,2014/15|2015-02-08|West Ham|Man United
2014/15,10/02/15,Arsenal,Leicester,2,1,H,2,0,H,17,11,7,4,6,6,13,14,2,2,0,0,1.29,6.0,12.0,Football-Data.co.uk,2015-02-10,2014/15|2015-02-10|Arsenal|Leicester
2014/15,10/02/15,Hull,Aston Villa,2,0,H,1,0,H,10,11,4,4,3,7,16,11,1,2,0,0,2.38,3.1,3.5,Football-Data.co.uk,2015-02-10,2014/15|2015-02-10|Hull|Aston Villa
2014/15,10/02/15,Liverpool,Tottenham,3,2,H,1,1,D,16,14,7,5,5,7,13,17,3,6,0,0,1.91,3.8,4.2,Football-Data.co.uk,2015-02-10,2014/15|2015-02-10|Liverpool|Tottenham
2014/15,10/02/15,Sunderland,QPR,0,2,A,0,2,A,16,19,5,4,8,4,8,12,2,3,0,0,1.91,3.6,4.5,Football-Data.co.uk,2015-02-10,2014/15|2015-02-10|Sunderland|QPR
2014/15,11/02/15,Chelsea,Everton,1,0,H,0,0,D,21,7,7,4,10,2,8,13,3,3,0,1,1.33,5.5,11.0,Football-Data.co.uk,2015-02-11,2014/15|2015-02-11|Chelsea|Everton
2014/15,11/02/15,Crystal Palace,Newcastle,1,1,D,0,1,A,7,5,3,1,5,2,10,11,1,2,0,0,2.38,3.3,3.3,Football-Data.co.uk,2015-02-11,2014/15|2015-02-11|Crystal Palace|Newcastle
2014/15,11/02/15,Man United,Burnley,3,1,H,2,1,H,11,13,7,3,5,8,15,8,4,3,0,0,1.29,6.0,12.0,Football-Data.co.uk,2015-02-11,2014/15|2015-02-11|Man United|Burnley
2014/15,11/02/15,Southampton,West Ham,0,0,D,0,0,D,21,4,7,1,8,2,12,11,2,1,0,1,1.73,3.9,5.25,Football-Data.co.uk,2015-02-11,2014/15|2015-02-11|Southampton|West Ham
2014/15,11/02/15,Stoke,Man City,1,4,A,1,1,D,17,14,5,8,3,2,6,11,1,2,0,0,5.75,3.8,1.7,Football-Data.co.uk,2015-02-11,2014/15|2015-02-11|Stoke|Man City
2014/15,11/02/15,West Brom,Swansea,2,0,H,0,0,D,11,10,4,3,5,4,11,12,2,1,0,0,2.55,3.25,3.1,Football-Data.co.uk,2015-02-11,2014/15|2015-02-11|West Brom|Swansea
2014/15,21/02/15,Aston Villa,Stoke,1,2,A,1,1,D,3,11,2,6,11,3,11,14,1,3,1,0,2.7,3.2,2.9,Football-Data.co.uk,2015-02-21,2014/15|2015-02-21|Aston Villa|Stoke
2014/15,21/02/15,Chelsea,Burnley,1,1,D,1,0,H,14,10,5,5,7,7,9,9,1,2,1,0,1.2,7.5,17.0,Football-Data.co.uk,2015-02-21,2014/15|2015-02-21|Chelsea|Burnley
2014/15,21/02/15,Crystal Palace,Arsenal,1,2,A,0,2,A,22,12,3,4,10,1,15,14,1,3,0,0,4.75,3.75,1.83,Football-Data.co.uk,2015-02-21,2014/15|2015-02-21|Crystal Palace|Arsenal
2014/15,21/02/15,Hull,QPR,2,1,H,1,1,D,16,8,6,3,5,7,18,16,0,4,0,1,2.05,3.3,4.2,Football-Data.co.uk,2015-02-21,2014/15|2015-02-21|Hull|QPR
2014/15,21/02/15,Man City,Newcastle,5,0,H,3,0,H,16,8,9,1,7,3,9,8,3,2,0,0,1.3,6.0,11.0,Football-Data.co.uk,2015-02-21,2014/15|2015-02-21|Man City|Newcastle
2014/15,21/02/15,Sunderland,West Brom,0,0,D,0,0,D,13,5,2,1,11,2,11,12,1,2,0,0,2.7,3.2,2.9,Football-Data.co.uk,2015-02-21,2014/15|2015-02-21|Sunderland|West Brom
2014/15,21/02/15,Swansea,Man United,2,1,H,1,1,D,11,18,6,3,4,10,6,15,2,4,0,0,4.2,3.5,2.0,Football-Data.co.uk,2015-02-21,2014/15|2015-02-21|Swansea|Man United
2014/15,22/02/15,Everton,Leicester,2,2,D,0,0,D,18,15,3,4,4,7,7,6,0,1,0,0,1.83,3.6,5.0,Football-Data.co.uk,2015-02-22,2014/15|2015-02-22|Everton|Leicester
2014/15,22/02/15,Southampton,Liverpool,0,2,A,0,1,A,13,6,5,4,6,1,11,14,2,3,0,0,2.63,3.3,2.9,Football-Data.co.uk,2015-02-22,2014/15|2015-02-22|Southampton|Liverpool
2014/15,22/02/15,Tottenham,West Ham,2,2,D,0,1,A,27,12,8,5,7,9,6,12,0,2,0,0,1.8,3.8,4.75,Football-Data.co.uk,2015-02-22,2014/15|2015-02-22|Tottenham|West Ham
2014/15,28/02/15,Burnley,Swansea,0,1,A,0,0,D,13,8,6,2,6,4,14,8,0,0,0,0,2.63,3.3,2.9,Football-Data.co.uk,2015-02-28,2014/15|2015-02-28|Burnley|Swansea
2014/15,28/02/15,Man United,Sunderland,2,0,H,0,0,D,30,5,10,3,13,1,6,11,1,1,0,1,1.36,5.25,10.0,Football-Data.co.uk,2015-02-28,2014/15|2015-02-28|Man United|Sunderland
2014/15,28/02/15,Newcastle,Aston Villa,1,0,H,1,0,H,14,13,5,3,9,5,6,16,1,5,0,0,1.95,3.5,4.5,Football-Data.co.uk,2015-02-28,2014/15|2015-02-28|Newcastle|Aston Villa
2014/15,28/02/15,Stoke,Hull,1,0,H,0,0,D,17,1,2,0,5,2,9,10,2,2,0,0,1.91,3.5,4.75,Football-Data.co.uk,2015-02-28,2014/15|2015-02-28|Stoke|Hull
2014/15,28/02/15,West Brom,Southampton,1,0,H,1,0,H,7,12,3,2,2,3,10,17,2,1,0,0,3.4,3.2,2.38,Football-Data.co.uk,2015-02-28,2014/15|2015-02-28|West Brom|Southampton
2014/15,28/02/15,West Ham,Crystal Palace,1,3,A,0,1,A,22,12,5,5,11,7,12,19,2,2,0,1,2.15,3.4,3.75,Football-Data.co.uk,2015-02-28,2014/15|2015-02-28|West Ham|Crystal Palace
2014/15,01/03/15,Arsenal,Everton,2,0,H,1,0,H,17,8,4,2,8,9,12,5,2,0,0,0,1.57,4.5,6.0,Football-Data.co.uk,2015-03-01,2014/15|2015-03-01|Arsenal|Everton
2014/15,01/03/15,Liverpool,Man City,2,1,H,1,1,D,11,8,5,1,3,0,8,16,1,3,0,0,3.1,3.6,2.38,Football-Data.co.uk,2015-03-01,2014/15|2015-03-01|Liverpool|Man City
2014/15,03/03/15,Aston Villa,West Brom,2,1,H,1,0,H,16,3,8,1,0,3,15,13,2,4,0,0,2.88,3.1,2.88,Football-Data.co.uk,2015-03-03,2014/15|2015-03-03|Aston Villa|West Brom
2014/15,03/03/15,Hull,Sunderland,1,1,D,1,0,H,15,9,5,3,6,4,9,15,2,6,0,0,2.15,3.3,3.9,Football-Data.co.uk,2015-03-03,2014/15|2015-03-03|Hull|Sunderland
2014/15,03/03/15,Southampton,Crystal Palace,1,0,H,0,0,D,23,9,3,3,10,2,11,10,0,2,0,0,1.7,3.8,5.75,Football-Data.co.uk,2015-03-03,2014/15|2015-03-03|Southampton|Crystal Palace
2014/15,04/03/15,Liverpool,Burnley,2,0,H,1,0,H,20,9,8,1,6,5,8,14,0,1,0,0,1.36,5.25,10.0,Football-Data.co.uk,2015-03-04,2014/15|2015-03-04|Liverpool|Burnley
2014/15,04/03/15,Man City,Leicester,2,0,H,1,0,H,22,6,9,2,10,3,11,3,0,1,0,0,1.25,7.0,13.0,Football-Data.co.uk,2015-03-04,2014/15|2015-03-04|Man City|Leicester
2014/15,04/03/15,Newcastle,Man United,0,1,A,0,0,D,9,11,2,5,4,1,6,14,1,2,0,0,4.2,3.5,2.0,Football-Data.co.uk,2015-03-04,2014/15|2015-03-04|Newcastle|Man United
2014/15,04/03/15,QPR,Arsenal,1,2,A,0,0,D,10,20,3,9,1,6,10,8,2,1,0,0,7.0,4.33,1.53,Football-Data.co.uk,2015-03-04,2014/15|2015-03-04|QPR|Arsenal
2014/15,04/03/15,Stoke,Everton,2,0,H,1,0,H,11,10,3,5,5,6,11,14,2,2,0,0,2.5,3.3,3.1,Football-Data.co.uk,2015-03-04,2014/15|2015-03-04|Stoke|Everton
2014/15,04/03/15,Tottenham,Swansea,3,2,H,1,1,D,20,10,7,5,6,4,14,7,1,0,0,0,1.75,3.8,5.25,Football-Data.co.uk,2015-03-04,2014/15|2015-03-04|Tottenham|Swansea
2014/15,04/03/15,West Ham,Chelsea,0,1,A,0,1,A,18,12,5,3,5,4,10,10,3,4,0,0,6.25,4.0,1.62,Football-Data.co.uk,2015-03-04,2014/15|2015-03-04|West Ham|Chelsea
2014/15,07/03/15,QPR,Tottenham,1,2,A,0,1,A,17,13,6,6,3,5,15,12,1,2,0,0,4.75,3.9,1.8,Football-Data.co.uk,2015-03-07,2014/15|2015-03-07|QPR|Tottenham
2014/15,14/03/15,Arsenal,West Ham,3,0,H,1,0,H,19,7,9,1,7,5,10,9,1,1,0,0,1.4,5.0,9.0,Football-Data.co.uk,2015-03-14,2014/15|2015-03-14|Arsenal|West Ham
2014/15,14/03/15,Burnley,Man City,1,0,H,0,0,D,10,21,4,5,2,6,6,9,2,1,0,0,7.5,5.0,1.44,Football-Data.co.uk,2015-03-14,2014/15|2015-03-14|Burnley|Man City
2014/15,14/03/15,Crystal Palace,QPR,3,1,H,3,0,H,15,11,4,4,6,3,17,16,1,3,0,0,1.83,3.75,4.75,Football-Data.co.uk,2015-03-14,2014/15|2015-03-14|Crystal Palace|QPR
2014/15,14/03/15,Leicester,Hull,0,0,D,0,0,D,15,12,3,5,7,5,10,15,0,4,0,1,2.2,3.3,3.75,Football-Data.co.uk,2015-03-14,2014/15|2015-03-14|Leicester|Hull
2014/15,14/03/15,Sunderland,Aston Villa,0,4,A,0,4,A,12,14,2,8,2,5,10,9,1,1,0,0,2.38,3.25,3.4,Football-Data.co.uk,2015-03-14,2014/15|2015-03-14|Sunderland|Aston Villa
2014/15,14/03/15,West Brom,Stoke,1,0,H,1,0,H,14,9,5,2,7,5,7,16,1,2,0,0,2.38,3.25,3.4,Football-Data.co.uk,2015-03-14,2014/15|2015-03-14|West Brom|Stoke
2014/15,15/03/15,Chelsea,Southampton,1,1,D,1,1,D,22,12,7,5,9,2,10,11,3,3,0,0,1.62,4.0,6.5,Football-Data.co.uk,2015-03-15,2014/15|2015-03-15|Chelsea|Southampton
2014/15,15/03/15,Everton,Newcastle,3,0,H,1,0,H,15,12,9,4,3,4,11,9,1,2,0,1,1.83,3.75,4.75,Football-Data.co.uk,2015-03-15,2014/15|2015-03-15|Everton|Newcastle
2014/15,15/03/15,Man United,Tottenham,3,0,H,3,0,H,11,5,3,1,4,2,12,10,1,1,0,0,1.91,3.75,4.33,Football-Data.co.uk,2015-03-15,2014/15|2015-03-15|Man United|Tottenham
2014/15,16/03/15,Swansea,Liverpool,0,1,A,0,0,D,10,16,3,5,4,5,13,16,0,3,0,0,4.0,3.6,2.0,Football-Data.co.uk,2015-03-16,2014/15|2015-03-16|Swansea|Liverpool
2014/15,21/03/15,Aston Villa,Swansea,0,1,A,0,0,D,12,9,3,6,4,9,13,9,0,0,0,0,2.5,3.25,2.8,Football-Data.co.uk,2015-03-21,2014/15|2015-03-21|Aston Villa|Swansea
2014/15,21/03/15,Man City,West Brom,3,0,H,2,0,H,43,3,16,0,9,2,6,5,0,0,0,1,1.3,5.5,8.5,Football-Data.co.uk,2015-03-21,2014/15|2015-03-21|Man City|West Brom
2014/15,21/03/15,Newcastle,Arsenal,1,2,A,0,2,A,16,7,4,3,9,4,11,7,0,0,0,0,6.0,3.8,1.57,Football-Data.co.uk,2015-03-21,2014/15|2015-03-21|Newcastle|Arsenal
2014/15,21/03/15,Southampton,Burnley,2,0,H,1,0,H,20,15,3,3,10,5,10,7,0,0,0,0,1.4,4.5,7.5,Football-Data.co.uk,2015-03-21,2014/15|2015-03-21|Southampton|Burnley
2014/15,21/03/15,Stoke,Crystal Palace,1,2,A,1,2,A,17,12,4,3,8,4,15,14,3,4,0,0,2.1,3.3,3.5,Football-Data.co.uk,2015-03-21,2014/15|2015-03-21|Stoke|Crystal Palace
2014/15,21/03/15,Tottenham,Leicester,4,3,H,2,1,H,10,14,4,5,4,4,8,9,2,1,0,0,1.53,4.0,6.0,Football-Data.co.uk,2015-03-21,2014/15|2015-03-21|Tottenham|Leicester
2014/15,21/03/15,West Ham,Sunderland,1,0,H,0,0,D,15,7,4,3,6,4,14,11,0,1,0,0,1.8,3.5,4.5,Football-Data.co.uk,2015-03-21,2014/15|2015-03-21|West Ham|Sunderland
2014/15,22/03/15,Hull,Chelsea,2,3,A,2,2,D,19,8,8,3,6,6,14,11,0,2,0,0,7.0,4.33,1.44,Football-Data.co.uk,2015-03-22,2014/15|2015-03-22|Hull|Chelsea
2014/15,22/03/15,Liverpool,Man United,1,2,A,0,1,A,7,6,1,4,2,3,14,17,2,2,1,0,2.05,3.4,3.6,Football-Data.co.uk,2015-03-22,2014/15|2015-03-22|Liverpool|Man United
2014/15,22/03/15,QPR,Everton,1,2,A,0,1,A,14,8,1,3,1,3,11,12,2,1,0,0,3.3,3.4,2.15,Football-Data.co.uk,2015-03-22,2014/15|2015-03-22|QPR|Everton
2014/15,04/04/15,Arsenal,Liverpool,4,1,H,3,0,H,16,13,10,2,6,5,7,9,1,0,0,1,1.83,3.75,4.2,Football-Data.co.uk,2015-04-04,2014/15|2015-04-04|Arsenal|Liverpool
2014/15,04/04/15,Chelsea,Stoke,2,1,H,1,1,D,19,7,10,2,9,0,5,22,1,6,0,0,1.29,5.5,11.0,Football-Data.co.uk,2015-04-04,2014/15|2015-04-04|Chelsea|Stoke
2014/15,04/04/15,Everton,Southampton,1,0,H,1,0,H,11,11,1,2,4,10,12,17,0,1,0,0,2.63,3.2,2.8,Football-Data.co.uk,2015-04-04,2014/15|2015-04-04|Everton|Southampton
2014/15,04/04/15,Leicester,West Ham,2,1,H,1,1,D,20,14,7,7,7,6,12,10,0,3,0,0,2.38,3.3,3.1,Football-Data.co.uk,2015-04-04,2014/15|2015-04-04|Leicester|West Ham
2014/15,04/04/15,Man United,Aston Villa,3,1,H,1,0,H,19,4,7,2,10,2,15,12,0,1,0,0,1.3,5.5,10.0,Football-Data.co.uk,2015-04-04,2014/15|2015-04-04|Man United|Aston Villa
2014/15,04/04/15,Swansea,Hull,3,1,H,2,0,H,9,10,4,1,4,7,11,14,1,5,0,1,1.91,3.5,4.2,Football-Data.co.uk,2015-04-04,2014/15|2015-04-04|Swansea|Hull
2014/15,04/04/15,West Brom,QPR,1,4,A,0,3,A,21,12,6,7,2,4,6,15,2,3,1,0,1.8,3.5,4.5,Football-Data.co.uk,2015-04-04,2014/15|2015-04-04|West Brom|QPR
2014/15,05/04/15,Burnley,Tottenham,0,0,D,0,0,D,15,12,4,2,5,3,9,5,2,0,0,0,3.5,3.4,2.1,Football-Data.co.uk,2015-04-05,2014/15|2015-04-05|Burnley|Tottenham
2014/15,05/04/15,Sunderland,Newcastle,1,0,H,1,0,H,16,10,4,1,8,4,14,18,5,2,0,0,2.5,3.1,3.1,Football-Data.co.uk,2015-04-05,2014/15|2015-04-05|Sunderland|Newcastle
2014/15,06/04/15,Crystal Palace,Man City,2,1,H,1,0,H,5,22,3,4,4,13,11,11,2,1,0,0,5.0,4.0,1.67,Football-Data.co.uk,2015-04-06,2014/15|2015-04-06|Crystal Palace|Man City
2014/15,07/04/15,Aston Villa,QPR,3,3,D,2,1,H,21,11,7,5,7,3,8,12,0,4,0,0,2.15,3.4,3.8,Football-Data.co.uk,2015-04-07,2014/15|2015-04-07|Aston Villa|QPR
2014/15,11/04/15,Burnley,Arsenal,0,1,A,0,1,A,8,17,4,5,1,6,15,7,2,0,0,0,6.5,4.33,1.57,Football-Data.co.uk,2015-04-11,2014/15|2015-04-11|Burnley|Arsenal
2014/15,11/04/15,Southampton,Hull,2,0,H,0,0,D,9,15,4,4,2,5,7,11,2,0,0,0,1.53,4.2,7.5,Football-Data.co.uk,2015-04-11,2014/15|2015-04-11|Southampton|Hull
2014/15,11/04/15,Sunderland,Crystal Palace,1,4,A,0,0,D,12,14,3,5,8,4,15,17,2,2,0,0,2.9,3.2,2.7,Football-Data.co.uk,2015-04-11,2014/15|2015-04-11|Sunderland|Crystal Palace
2014/15,11/04/15,Swansea,Everton,1,1,D,0,1,A,11,12,3,8,3,6,18,12,3,3,0,0,2.5,3.3,3.1,Football-Data.co.uk,2015-04-11,2014/15|2015-04-11|Swansea|Everton
2014/15,11/04/15,Tottenham,Aston Villa,0,1,A,0,1,A,14,10,3,3,9,6,11,12,3,2,0,1,1.62,4.2,6.0,Football-Data.co.uk,2015-04-11,2014/15|2015-04-11|Tottenham|Aston Villa
2014/15,11/04/15,West Brom,Leicester,2,3,A,2,1,H,8,12,5,4,4,6,15,15,2,2,0,0,2.3,3.4,3.4,Football-Data.co.uk,2015-04-11,2014/15|2015-04-11|West Brom|Leicester
2014/15,11/04/15,West Ham,Stoke,1,1,D,1,0,H,11,18,3,2,4,10,17,13,3,1,0,0,2.3,3.4,3.4,Football-Data.co.uk,2015-04-11,2014/15|2015-04-11|West Ham|Stoke
2014/15,12/04/15,Man United,Man City,4,2,H,2,1,H,11,10,7,3,1,5,9,16,0,3,0,0,2.63,3.4,2.88,Football-Data.co.uk,2015-04-12,2014/15|2015-04-12|Man United|Man City
2014/15,12/04/15,QPR,Chelsea,0,1,A,0,0,D,15,9,4,1,5,6,12,6,2,1,0,0,9.0,5.0,1.4,Football-Data.co.uk,2015-04-12,2014/15|2015-04-12|QPR|Chelsea
2014/15,13/04/15,Liverpool,Newcastle,2,0,H,1,0,H,14,10,6,3,6,6,8,17,2,0,0,1,1.4,5.0,9.0,Football-Data.co.uk,2015-04-13,2014/15|2015-04-13|Liverpool|Newcastle
2014/15,18/04/15,Chelsea,Man United,1,0,H,1,0,H,7,15,2,2,3,7,13,11,7,1,0,0,2.0,3.4,4.33,Football-Data.co.uk,2015-04-18,2014/15|2015-04-18|Chelsea|Man United
2014/15,18/04/15,Crystal Palace,West Brom,0,2,A,0,1,A,19,8,4,4,7,6,17,17,3,3,0,0,1.95,3.5,4.5,Football-Data.co.uk,2015-04-18,2014/15|2015-04-18|Crystal Palace|West Brom
2014/15,18/04/15,Everton,Burnley,1,0,H,1,0,H,21,10,8,1,5,6,12,15,1,2,0,1,1.73,3.8,5.5,Football-Data.co.uk,2015-04-18,2014/15|2015-04-18|Everton|Burnley
2014/15,18/04/15,Leicester,Swansea,2,0,H,1,0,H,18,10,6,6,6,3,6,5,0,2,0,0,2.15,3.4,3.75,Football-Data.co.uk,2015-04-18,2014/15|2015-04-18|Leicester|Swansea
2014/15,18/04/15,Stoke,Southampton,2,1,H,0,1,A,15,12,2,6,2,5,17,17,0,4,0,0,3.5,3.25,2.3,Football-Data.co.uk,2015-04-18,2014/15|2015-04-18|Stoke|Southampton
2014/15,19/04/15,Man City,West Ham,2,0,H,2,0,H,18,9,3,3,6,3,10,6,2,2,0,0,1.25,6.5,11.0,Football-Data.co.uk,2015-04-19,2014/15|2015-04-19|Man City|West Ham
2014/15,19/04/15,Newcastle,Tottenham,1,3,A,0,1,A,11,14,5,8,4,3,11,13,2,4,0,0,3.3,3.5,2.3,Football-Data.co.uk,2015-04-19,2014/15|2015-04-19|Newcastle|Tottenham
2014/15,25/04/15,Burnley,Leicester,0,1,A,0,0,D,12,8,4,4,6,4,16,16,3,0,0,0,2.63,3.3,2.9,Football-Data.co.uk,2015-04-25,2014/15|2015-04-25|Burnley|Leicester
2014/15,25/04/15,Crystal Palace,Hull,0,2,A,0,0,D,7,21,3,7,0,9,15,10,0,0,0,0,2.05,3.3,4.2,Football-Data.co.uk,2015-04-25,2014/15|2015-04-25|Crystal Palace|Hull
2014/15,25/04/15,Man City,Aston Villa,3,2,H,1,0,H,11,13,4,4,7,6,13,11,1,2,0,0,1.29,6.0,12.0,Football-Data.co.uk,2015-04-25,2014/15|2015-04-25|Man City|Aston Villa
2014/15,25/04/15,Newcastle,Swansea,2,3,A,1,1,D,12,11,4,6,9,6,14,9,1,2,0,0,2.45,3.25,3.25,Football-Data.co.uk,2015-04-25,2014/15|2015-04-25|Newcastle|Swansea
2014/15,25/04/15,QPR,West Ham,0,0,D,0,0,D,18,8,7,2,6,6,14,12,1,0,0,0,2.38,3.4,3.25,Football-Data.co.uk,2015-04-25,2014/15|2015-04-25|QPR|West Ham
2014/15,25/04/15,Southampton,Tottenham,2,2,D,1,1,D,13,7,4,2,8,3,9,10,1,3,0,0,2.1,3.5,3.8,Football-Data.co.uk,2015-04-25,2014/15|2015-04-25|Southampton|Tottenham
2014/15,25/04/15,Stoke,Sunderland,1,1,D,1,1,D,23,15,8,5,9,8,14,15,2,3,0,0,1.91,3.5,4.75,Football-Data.co.uk,2015-04-25,2014/15|2015-04-25|Stoke|Sunderland
2014/15,25/04/15,West Brom,Liverpool,0,0,D,0,0,D,10,22,4,5,2,4,12,11,1,0,0,0,4.0,3.6,2.0,Football-Data.co.uk,2015-04-25,2014/15|2015-04-25|West Brom|Liverpool
2014/15,26/04/15,Arsenal,Chelsea,0,0,D,0,0,D,12,7,1,3,6,2,17,11,4,3,0,0,2.4,3.3,3.3,Football-Data.co.uk,2015-04-26,2014/15|2015-04-26|Arsenal|Chelsea
2014/15,26/04/15,Everton,Man United,3,0,H,2,0,H,9,17,7,4,7,7,6,10,0,2,0,0,3.75,3.4,2.15,Football-Data.co.uk,2015-04-26,2014/15|2015-04-26|Everton|Man United
2014/15,28/04/15,Hull,Liverpool,1,0,H,1,0,H,7,12,4,9,7,7,10,10,2,0,0,0,4.33,3.4,2.0,Football-Data.co.uk,2015-04-28,2014/15|2015-04-28|Hull|Liverpool
2014/15,29/04/15,Leicester,Chelsea,1,3,A,1,0,H,8,11,2,4,2,6,10,1,1,0,0,0,5.75,3.8,1.7,Football-Data.co.uk,2015-04-29,2014/15|2015-04-29|Leicester|Chelsea
2014/15,02/05/15,Aston Villa,Everton,3,2,H,2,0,H,11,9,4,5,5,3,13,12,2,1,0,0,2.75,3.3,2.8,Football-Data.co.uk,2015-05-02,2014/15|2015-05-02|Aston Villa|Everton
2014/15,02/05/15,Leicester,Newcastle,3,0,H,2,0,H,19,12,7,3,10,7,10,13,1,2,0,2,1.91,3.7,4.33,Football-Data.co.uk,2015-05-02,2014/15|2015-05-02|Leicester|Newcastle
2014/15,02/05/15,Liverpool,QPR,2,1,H,1,0,H,25,10,8,2,9,6,9,18,2,3,0,1,1.36,5.25,10.0,Football-Data.co.uk,2015-05-02,2014/15|2015-05-02|Liverpool|QPR
2014/15,02/05/15,Man United,West Brom,0,1,A,0,0,D,26,6,9,3,9,3,10,11,1,0,0,0,1.36,5.25,10.0,Football-Data.co.uk,2015-05-02,2014/15|2015-05-02|Man United|West Brom
2014/15,02/05/15,Sunderland,Southampton,2,1,H,1,1,D,12,11,6,2,1,1,12,13,2,2,0,1,4.2,3.4,2.05,Football-Data.co.uk,2015-05-02,2014/15|2015-05-02|Sunderland|Southampton
2014/15,02/05/15,Swansea,Stoke,2,0,H,0,0,D,16,9,4,3,6,2,9,18,1,2,0,1,2.3,3.4,3.4,Football-Data.co.uk,2015-05-02,2014/15|2015-05-02|Swansea|Stoke
2014/15,02/05/15,West Ham,Burnley,1,0,H,1,0,H,29,8,7,2,13,3,11,7,3,2,0,1,2.25,3.5,3.4,Football-Data.co.uk,2015-05-02,2014/15|2015-05-02|West Ham|Burnley
2014/15,03/05/15,Chelsea,Crystal Palace,1,0,H,1,0,H,17,8,7,1,3,6,12,13,2,2,0,0,1.36,5.25,10.0,Football-Data.co.uk,2015-05-03,2014/15|2015-05-03|Chelsea|Crystal Palace
2014/15,03/05/15,Tottenham,Man City,0,1,A,0,1,A,21,15,5,4,8,7,6,11,3,4,0,0,3.75,3.75,2.05,Football-Data.co.uk,2015-05-03,2014/15|2015-05-03|Tottenham|Man City
2014/15,04/05/15,Hull,Arsenal,1,3,A,0,3,A,8,22,1,9,0,5,8,11,2,0,0,0,5.5,4.0,1.7,Football-Data.co.uk,2015-05-04,2014/15|2015-05-04|Hull|Arsenal
2014/15,09/05/15,Aston Villa,West Ham,1,0,H,1,0,H,15,5,5,1,2,6,6,13,1,1,0,0,1.91,3.7,4.33,Football-Data.co.uk,2015-05-09,2014/15|2015-05-09|Aston Villa|West Ham
2014/15,09/05/15,Crystal Palace,Man United,1,2,A,0,1,A,13,13,4,4,7,6,13,12,0,1,0,0,4.5,3.6,1.91,Football-Data.co.uk,2015-05-09,2014/15|2015-05-09|Crystal Palace|Man United
2014/15,09/05/15,Everton,Sunderland,0,2,A,0,0,D,22,10,4,3,15,1,10,9,2,3,0,0,1.8,3.75,5.0,Football-Data.co.uk,2015-05-09,2014/15|2015-05-09|Everton|Sunderland
2014/15,09/05/15,Hull,Burnley,0,1,A,0,0,D,21,8,3,2,9,3,16,12,1,1,0,0,1.95,3.5,4.5,Football-Data.co.uk,2015-05-09,2014/15|2015-05-09|Hull|Burnley
2014/15,09/05/15,Leicester,Southampton,2,0,H,2,0,H,10,10,3,3,4,8,12,10,1,0,0,0,2.6,3.4,2.9,Football-Data.co.uk,2015-05-09,2014/15|2015-05-09|Leicester|Southampton
2014/15,09/05/15,Newcastle,West Brom,1,1,D,1,1,D,15,8,5,3,7,2,11,17,2,3,0,0,2.55,3.3,3.0,Football-Data.co.uk,2015-05-09,2014/15|2015-05-09|Newcastle|West Brom
2014/15,09/05/15,Stoke,Tottenham,3,0,H,2,0,H,17,9,9,3,6,8,14,12,0,0,0,1,2.9,3.4,2.6,Football-Data.co.uk,2015-05-09,2014/15|2015-05-09|Stoke|Tottenham
2014/15,10/05/15,Chelsea,Liverpool,1,1,D,1,1,D,8,15,3,4,6,4,13,11,4,3,0,0,2.1,3.5,3.8,Football-Data.co.uk,2015-05-10,2014/15|2015-05-10|Chelsea|Liverpool
2014/15,10/05/15,Man City,QPR,6,0,H,2,0,H,23,9,11,3,7,4,12,7,0,1,0,0,1.22,7.5,13.0,Football-Data.co.uk,2015-05-10,2014/15|2015-05-10|Man City|QPR
2014/15,11/05/15,Arsenal,Swansea,0,1,A,0,0,D,23,8,9,3,6,1,7,10,0,1,0,0,1.3,6.0,11.0,Football-Data.co.uk,2015-05-11,2014/15|2015-05-11|Arsenal|Swansea
2014/15,16/05/15,Burnley,Stoke,0,0,D,0,0,D,11,11,4,3,7,6,14,9,1,2,0,0,2.7,3.3,2.88,Football-Data.co.uk,2015-05-16,2014/15|2015-05-16|Burnley|Stoke
2014/15,16/05/15,Liverpool,Crystal Palace,1,3,A,1,1,D,18,15,3,6,4,5,10,17,2,3,0,0,1.45,4.75,8.0,Football-Data.co.uk,2015-05-16,2014/15|2015-05-16|Liverpool|Crystal Palace
2014/15,16/05/15,QPR,Newcastle,2,1,H,0,1,A,8,22,4,8,3,12,12,8,2,0,0,0,3.1,3.5,2.4,Football-Data.co.uk,2015-05-16,2014/15|2015-05-16|QPR|Newcastle
2014/15,16/05/15,Southampton,Aston Villa,6,1,H,5,1,H,18,9,11,4,6,3,19,7,1,1,0,0,1.75,3.8,5.25,Football-Data.co.uk,2015-05-16,2014/15|2015-05-16|Southampton|Aston Villa
2014/15,16/05/15,Sunderland,Leicester,0,0,D,0,0,D,13,11,3,0,8,9,14,15,4,1,0,0,2.8,3.3,2.75,Football-Data.co.uk,2015-05-16,2014/15|2015-05-16|Sunderland|Leicester
2014/15,16/05/15,Tottenham,Hull,2,0,H,0,0,D,10,14,3,2,6,8,10,6,3,1,0,0,1.8,3.8,4.75,Football-Data.co.uk,2015-05-16,2014/15|2015-05-16|Tottenham|Hull
2014/15,16/05/15,West Ham,Everton,1,2,A,0,0,D,13,21,3,5,7,8,12,14,1,4,0,0,2.9,3.4,2.6,Football-Data.co.uk,2015-05-16,2014/15|2015-05-16|West Ham|Everton
2014/15,17/05/15,Man United,Arsenal,1,1,D,1,0,H,12,5,4,3,5,5,16,8,1,0,0,0,2.45,3.5,3.0,Football-Data.co.uk,2015-05-17,2014/15|2015-05-17|Man United|Arsenal
2014/15,17/05/15,Swansea,Man City,2,4,A,1,2,A,13,22,9,11,11,7,8,8,0,3,0,0,4.75,4.2,1.75,Football-Data.co.uk,2015-05-17,2014/15|2015-05-17|Swansea|Man City
2014/15,18/05/15,West Brom,Chelsea,3,0,H,1,0,H,9,12,5,3,3,4,12,11,3,2,0,1,4.1,3.5,2.0,Football-Data.co.uk,2015-05-18,2014/15|2015-05-18|West Brom|Chelsea
2014/15,20/05/15,Arsenal,Sunderland,0,0,D,0,0,D,28,7,8,3,5,2,6,8,1,0,0,0,1.3,6.0,11.0,Football-Data.co.uk,2015-05-20,2014/15|2015-05-20|Arsenal|Sunderland
2014/15,24/05/15,Arsenal,West Brom,4,1,H,4,0,H,24,14,13,5,7,3,6,7,1,0,0,0,1.4,5.25,8.5,Football-Data.co.uk,2015-05-24,2014/15|2015-05-24|Arsenal|West Brom
2014/15,24/05/15,Aston Villa,Burnley,0,1,A,0,1,A,16,6,5,3,7,2,9,6,1,2,0,0,2.1,3.6,3.75,Football-Data.co.uk,2015-05-24,2014/15|2015-05-24|Aston Villa|Burnley
2014/15,24/05/15,Chelsea,Sunderland,3,1,H,1,1,D,24,17,8,9,11,3,12,8,2,1,0,0,1.36,5.25,9.5,Football-Data.co.uk,2015-05-24,2014/15|2015-05-24|Chelsea|Sunderland
2014/15,24/05/15,Crystal Palace,Swansea,1,0,H,0,0,D,13,5,7,2,7,3,22,13,3,0,0,0,2.25,3.6,3.3,Football-Data.co.uk,2015-05-24,2014/15|2015-05-24|Crystal Palace|Swansea
2014/15,24/05/15,Everton,Tottenham,0,1,A,0,1,A,9,16,1,3,3,5,12,8,1,2,0,0,2.4,3.6,3.0,Football-Data.co.uk,2015-05-24,2014/15|2015-05-24|Everton|Tottenham
2014/15,24/05/15,Hull,Man United,0,0,D,0,0,D,16,7,6,1,8,1,12,15,2,2,0,1,3.2,3.75,2.25,Football-Data.co.uk,2015-05-24,2014/15|2015-05-24|Hull|Man United
2014/15,24/05/15,Leicester,QPR,5,1,H,2,0,H,22,18,7,2,5,6,7,6,0,0,0,0,1.6,4.33,6.0,Football-Data.co.uk,2015-05-24,2014/15|2015-05-24|Leicester|QPR
2014/15,24/05/15,Man City,Southampton,2,0,H,1,0,H,15,13,6,4,8,4,13,8,1,1,0,0,1.57,4.5,6.0,Football-Data.co.uk,2015-05-24,2014/15|2015-05-24|Man City|Southampton
2014/15,24/05/15,Newcastle,West Ham,2,0,H,0,0,D,17,4,4,1,2,3,9,9,2,1,0,0,1.83,4.0,4.33,Football-Data.co.uk,2015-05-24,2014/15|2015-05-24|Newcastle|West Ham
2014/15,24/05/15,Stoke,Liverpool,6,1,H,5,0,H,15,13,9,4,3,9,13,4,4,2,0,0,3.5,3.6,2.15,Football-Data.co.uk,2015-05-24,2014/15|2015-05-24|Stoke|Liverpool
2015/16,08/08/2015,Bournemouth,Aston Villa,0,1,A,0,0,D,11,7,2,3,6,3,13,13,3,4,0,0,2.0,3.6,4.0,Football-Data.co.uk,2015-08-08,2015/16|2015-08-08|Bournemouth|Aston Villa
2015/16,08/08/2015,Chelsea,Swansea,2,2,D,2,1,H,11,18,3,10,4,8,15,16,1,3,1,0,1.36,5.0,11.0,Football-Data.co.uk,2015-08-08,2015/16|2015-08-08|Chelsea|Swansea
2015/16,08/08/2015,Everton,Watford,2,2,D,0,1,A,10,11,5,5,8,2,7,13,1,2,0,0,1.7,3.9,5.5,Football-Data.co.uk,2015-08-08,2015/16|2015-08-08|Everton|Watford
2015/16,08/08/2015,Leicester,Sunderland,4,2,H,3,0,H,19,10,8,5,6,3,13,17,2,4,0,0,1.95,3.5,4.33,Football-Data.co.uk,2015-08-08,2015/16|2015-08-08|Leicester|Sunderland
2015/16,08/08/2015,Man United,Tottenham,1,0,H,1,0,H,9,9,1,4,1,2,12,12,2,3,0,0,1.65,4.0,6.0,Football-Data.co.uk,2015-08-08,2015/16|2015-08-08|Man United|Tottenham
2015/16,08/08/2015,Norwich,Crystal Palace,1,3,A,0,1,A,17,11,6,7,1,4,14,20,1,0,0,0,2.55,3.3,3.0,Football-Data.co.uk,2015-08-08,2015/16|2015-08-08|Norwich|Crystal Palace
2015/16,09/08/2015,Arsenal,West Ham,0,2,A,0,1,A,22,8,6,4,5,4,12,9,1,3,0,0,1.29,6.0,12.0,Football-Data.co.uk,2015-08-09,2015/16|2015-08-09|Arsenal|West Ham
2015/16,09/08/2015,Newcastle,Southampton,2,2,D,1,1,D,9,15,4,5,6,6,9,12,2,4,0,0,2.88,3.3,2.7,Football-Data.co.uk,2015-08-09,2015/16|2015-08-09|Newcastle|Southampton
2015/16,09/08/2015,Stoke,Liverpool,0,1,A,0,0,D,7,8,1,3,3,5,9,16,2,4,0,0,3.4,3.4,2.3,Football-Data.co.uk,2015-08-09,2015/16|2015-08-09|Stoke|Liverpool
2015/16,10/08/2015,West Brom,Man City,0,3,A,0,2,A,9,19,2,7,6,6,12,9,4,1,0,0,5.75,4.0,1.67,Football-Data.co.uk,2015-08-10,2015/16|2015-08-10|West Brom|Man City
2015/16,14/08/2015,Aston Villa,Man United,0,1,A,0,1,A,5,9,1,2,3,5,14,10,2,2,0,0,5.5,3.8,1.73,Football-Data.co.uk,2015-08-14,2015/16|2015-08-14|Aston Villa|Man United
2015/16,15/08/2015,Southampton,Everton,0,3,A,0,2,A,17,10,4,4,9,9,11,10,4,2,0,0,1.95,3.6,4.33,Football-Data.co.uk,2015-08-15,2015/16|2015-08-15|Southampton|Everton
2015/16,15/08/2015,Sunderland,Norwich,1,3,A,0,2,A,6,19,2,6,6,6,7,7,1,2,0,0,2.5,3.3,3.1,Football-Data.co.uk,2015-08-15,2015/16|2015-08-15|Sunderland|Norwich
2015/16,15/08/2015,Swansea,Newcastle,2,0,H,1,0,H,19,4,6,2,4,4,11,8,2,1,0,1,1.95,3.6,4.33,Football-Data.co.uk,2015-08-15,2015/16|2015-08-15|Swansea|Newcastle
2015/16,15/08/2015,Tottenham,Stoke,2,2,D,2,0,H,13,16,7,7,4,3,15,11,2,2,0,0,1.8,3.75,5.0,Football-Data.co.uk,2015-08-15,2015/16|2015-08-15|Tottenham|Stoke
2015/16,15/08/2015,Watford,West Brom,0,0,D,0,0,D,16,6,5,0,2,4,13,10,1,2,0,0,2.3,3.4,3.4,Football-Data.co.uk,2015-08-15,2015/16|2015-08-15|Watford|West Brom
2015/16,15/08/2015,West Ham,Leicester,1,2,A,0,2,A,10,11,3,6,8,4,11,12,1,3,1,0,2.25,3.5,3.4,Football-Data.co.uk,2015-08-15,2015/16|2015-08-15|West Ham|Leicester
2015/16,16/08/2015,Crystal Palace,Arsenal,1,2,A,1,1,D,11,20,4,7,6,6,14,12,1,1,0,0,5.25,3.9,1.73,Football-Data.co.uk,2015-08-16,2015/16|2015-08-16|Crystal Palace|Arsenal
2015/16,16/08/2015,Man City,Chelsea,3,0,H,1,0,H,18,10,8,3,5,1,19,13,4,2,0,0,2.1,3.5,3.75,Football-Data.co.uk,2015-08-16,2015/16|2015-08-16|Man City|Chelsea
2015/16,17/08/2015,Liverpool,Bournemouth,1,0,H,1,0,H,18,13,2,2,6,8,11,18,1,4,0,0,1.45,4.75,8.0,Football-Data.co.uk,2015-08-17,2015/16|2015-08-17|Liverpool|Bournemouth
2015/16,22/08/2015,Crystal Palace,Aston Villa,2,1,H,0,0,D,16,11,6,2,6,4,12,15,3,3,0,0,1.85,3.6,4.75,Football-Data.co.uk,2015-08-22,2015/16|2015-08-22|Crystal Palace|Aston Villa
2015/16,22/08/2015,Leicester,Tottenham,1,1,D,0,0,D,13,19,2,6,2,7,7,14,1,4,0,0,2.63,3.6,2.75,Football-Data.co.uk,2015-08-22,2015/16|2015-08-22|Leicester|Tottenham
2015/16,22/08/2015,Man United,Newcastle,0,0,D,0,0,D,20,7,8,0,11,5,15,11,2,2,0,0,1.36,5.25,10.0,Football-Data.co.uk,2015-08-22,2015/16|2015-08-22|Man United|Newcastle
2015/16,22/08/2015,Norwich,Stoke,1,1,D,1,1,D,21,6,7,1,9,0,16,5,4,1,0,0,2.3,3.3,3.5,Football-Data.co.uk,2015-08-22,2015/16|2015-08-22|Norwich|Stoke
2015/16,22/08/2015,Sunderland,Swansea,1,1,D,0,1,A,10,20,2,9,3,4,16,9,4,2,0,0,4.0,3.4,2.1,Football-Data.co.uk,2015-08-22,2015/16|2015-08-22|Sunderland|Swansea
2015/16,22/08/2015,West Ham,Bournemouth,3,4,A,0,2,A,10,15,4,7,5,4,8,11,0,0,1,0,2.38,3.4,3.2,Football-Data.co.uk,2015-08-22,2015/16|2015-08-22|West Ham|Bournemouth
2015/16,23/08/2015,Everton,Man City,0,2,A,0,0,D,10,16,1,9,8,7,5,7,0,3,0,0,5.0,4.0,1.73,Football-Data.co.uk,2015-08-23,2015/16|2015-08-23|Everton|Man City
2015/16,23/08/2015,Watford,Southampton,0,0,D,0,0,D,13,14,0,5,5,2,10,11,0,2,0,0,2.8,3.3,2.75,Football-Data.co.uk,2015-08-23,2015/16|2015-08-23|Watford|Southampton
2015/16,23/08/2015,West Brom,Chelsea,2,3,A,1,3,A,15,15,6,5,8,7,9,12,2,1,0,1,6.5,4.0,1.62,Football-Data.co.uk,2015-08-23,2015/16|2015-08-23|West Brom|Chelsea
2015/16,24/08/2015,Arsenal,Liverpool,0,0,D,0,0,D,19,15,5,8,7,8,2,13,1,4,0,0,1.75,4.0,5.0,Football-Data.co.uk,2015-08-24,2015/16|2015-08-24|Arsenal|Liverpool
2015/16,29/08/2015,Aston Villa,Sunderland,2,2,D,2,1,H,21,7,6,3,5,4,10,14,2,1,0,0,1.91,3.5,4.75,Football-Data.co.uk,2015-08-29,2015/16|2015-08-29|Aston Villa|Sunderland
2015/16,29/08/2015,Bournemouth,Leicester,1,1,D,1,0,H,5,4,2,2,4,4,9,19,2,4,0,0,2.2,3.6,3.4,Football-Data.co.uk,2015-08-29,2015/16|2015-08-29|Bournemouth|Leicester
2015/16,29/08/2015,Chelsea,Crystal Palace,1,2,A,0,0,D,26,13,9,6,7,7,9,15,1,1,0,0,1.36,5.0,11.0,Football-Data.co.uk,2015-08-29,2015/16|2015-08-29|Chelsea|Crystal Palace
2015/16,29/08/2015,Liverpool,West Ham,0,3,A,0,2,A,13,12,1,5,5,7,17,11,3,1,1,1,1.36,5.5,9.0,Football-Data.co.uk,2015-08-29,2015/16|2015-08-29|Liverpool|West Ham
2015/16,29/08/2015,Man City,Watford,2,0,H,0,0,D,18,7,5,0,9,3,9,12,1,2,0,0,1.2,8.0,15.0,Football-Data.co.uk,2015-08-29,2015/16|2015-08-29|Man City|Watford
2015/16,29/08/2015,Newcastle,Arsenal,0,1,A,0,0,D,1,22,0,9,0,9,15,8,6,1,1,0,6.0,4.2,1.62,Football-Data.co.uk,2015-08-29,2015/16|2015-08-29|Newcastle|Arsenal
2015/16,29/08/2015,Stoke,West Brom,0,1,A,0,1,A,13,15,5,5,6,5,4,9,1,4,2,0,1.95,3.4,4.5,Football-Data.co.uk,2015-08-29,2015/16|2015-08-29|Stoke|West Brom
2015/16,29/08/2015,Tottenham,Everton,0,0,D,0,0,D,20,8,6,3,6,2,20,9,4,1,0,0,2.0,3.5,4.2,Football-Data.co.uk,2015-08-29,2015/16|2015-08-29|Tottenham|Everton
2015/16,30/08/2015,Southampton,Norwich,3,0,H,1,0,H,23,6,8,1,6,4,4,12,0,0,0,1,2.05,3.5,4.0,Football-Data.co.uk,2015-08-30,2015/16|2015-08-30|Southampton|Norwich
2015/16,30/08/2015,Swansea,Man United,2,1,H,0,0,D,9,11,4,4,0,1,6,15,2,2,0,0,3.6,3.3,2.25,Football-Data.co.uk,2015-08-30,2015/16|2015-08-30|Swansea|Man United
2015/16,12/09/2015,Arsenal,Stoke,2,0,H,1,0,H,29,9,12,4,13,1,6,13,1,1,0,0,1.29,6.0,12.0,Football-Data.co.uk,2015-09-12,2015/16|2015-09-12|Arsenal|Stoke
2015/16,12/09/2015,Crystal Palace,Man City,0,1,A,0,0,D,10,21,2,7,4,4,13,13,2,3,0,0,5.5,4.2,1.67,Football-Data.co.uk,2015-09-12,2015/16|2015-09-12|Crystal Palace|Man City
2015/16,12/09/2015,Everton,Chelsea,3,1,H,2,1,H,14,15,9,2,7,14,12,12,2,2,0,0,4.0,3.6,2.0,Football-Data.co.uk,2015-09-12,2015/16|2015-09-12|Everton|Chelsea
2015/16,12/09/2015,Man United,Liverpool,3,1,H,0,0,D,9,8,3,4,4,4,6,11,1,2,0,0,2.0,3.4,4.33,Football-Data.co.uk,2015-09-12,2015/16|2015-09-12|Man United|Liverpool
2015/16,12/09/2015,Norwich,Bournemouth,3,1,H,1,0,H,12,7,4,2,4,4,10,11,2,3,0,0,2.4,3.4,3.2,Football-Data.co.uk,2015-09-12,2015/16|2015-09-12|Norwich|Bournemouth
2015/16,12/09/2015,Watford,Swansea,1,0,H,0,0,D,17,8,6,3,1,3,11,14,1,1,1,0,2.75,3.4,2.75,Football-Data.co.uk,2015-09-12,2015/16|2015-09-12|Watford|Swansea
2015/16,12/09/2015,West Brom,Southampton,0,0,D,0,0,D,8,14,1,4,4,5,5,5,1,0,0,0,3.2,3.2,2.5,Football-Data.co.uk,2015-09-12,2015/16|2015-09-12|West Brom|Southampton
2015/16,13/09/2015,Leicester,Aston Villa,3,2,H,0,1,A,21,11,6,4,4,5,8,13,2,1,0,0,1.91,3.75,4.33,Football-Data.co.uk,2015-09-13,2015/16|2015-09-13|Leicester|Aston Villa
2015/16,13/09/2015,Sunderland,Tottenham,0,1,A,0,0,D,12,15,2,4,6,8,11,12,2,1,0,0,4.33,3.6,1.95,Football-Data.co.uk,2015-09-13,2015/16|2015-09-13|Sunderland|Tottenham
2015/16,14/09/2015,West Ham,Newcastle,2,0,H,1,0,H,17,14,3,4,6,7,8,11,0,2,0,0,2.25,3.5,3.4,Football-Data.co.uk,2015-09-14,2015/16|2015-09-14|West Ham|Newcastle
2015/16,19/09/2015,Aston Villa,West Brom,0,1,A,0,1,A,13,11,3,6,2,7,10,11,2,3,0,0,2.3,3.25,3.5,Football-Data.co.uk,2015-09-19,2015/16|2015-09-19|Aston Villa|West Brom
2015/16,19/09/2015,Bournemouth,Sunderland,2,0,H,2,0,H,15,9,5,2,7,3,14,15,2,4,0,1,1.7,4.0,5.5,Football-Data.co.uk,2015-09-19,2015/16|2015-09-19|Bournemouth|Sunderland
2015/16,19/09/2015,Chelsea,Arsenal,2,0,H,0,0,D,22,9,7,2,5,5,12,11,3,1,0,2,2.45,3.5,3.0,Football-Data.co.uk,2015-09-19,2015/16|2015-09-19|Chelsea|Arsenal
2015/16,19/09/2015,Man City,West Ham,1,2,A,1,2,A,27,6,8,3,16,3,10,7,1,2,0,0,1.29,6.5,11.0,Football-Data.co.uk,2015-09-19,2015/16|2015-09-19|Man City|West Ham
2015/16,19/09/2015,Newcastle,Watford,1,2,A,0,2,A,15,13,5,4,5,5,8,12,1,2,0,0,2.5,3.3,3.1,Football-Data.co.uk,2015-09-19,2015/16|2015-09-19|Newcastle|Watford
2015/16,19/09/2015,Stoke,Leicester,2,2,D,2,0,H,11,12,4,5,3,4,7,12,1,4,0,0,2.5,3.4,3.0,Football-Data.co.uk,2015-09-19,2015/16|2015-09-19|Stoke|Leicester
2015/16,19/09/2015,Swansea,Everton,0,0,D,0,0,D,12,17,3,2,2,4,12,11,2,2,0,1,2.3,3.4,3.4,Football-Data.co.uk,2015-09-19,2015/16|2015-09-19|Swansea|Everton
2015/16,20/09/2015,Liverpool,Norwich,1,1,D,0,0,D,23,7,7,2,6,2,4,13,1,2,0,0,1.67,4.0,5.75,Football-Data.co.uk,2015-09-20,2015/16|2015-09-20|Liverpool|Norwich
2015/16,20/09/2015,Southampton,Man United,2,3,A,1,1,D,15,10,8,3,5,5,6,13,2,0,0,0,3.1,3.3,2.5,Football-Data.co.uk,2015-09-20,2015/16|2015-09-20|Southampton|Man United
2015/16,20/09/2015,Tottenham,Crystal Palace,1,0,H,0,0,D,22,12,6,4,6,5,9,11,1,2,0,0,2.0,3.6,4.0,Football-Data.co.uk,2015-09-20,2015/16|2015-09-20|Tottenham|Crystal Palace
2015/16,26/09/2015,Leicester,Arsenal,2,5,A,1,2,A,16,26,7,12,6,5,9,12,1,1,0,0,4.5,4.0,1.8,Football-Data.co.uk,2015-09-26,2015/16|2015-09-26|Leicester|Arsenal
2015/16,26/09/2015,Liverpool,Aston Villa,3,2,H,1,0,H,21,10,12,4,11,1,8,13,0,0,0,0,1.53,4.33,7.0,Football-Data.co.uk,2015-09-26,2015/16|2015-09-26|Liverpool|Aston Villa
2015/16,26/09/2015,Man United,Sunderland,3,0,H,1,0,H,12,9,7,4,5,2,12,17,0,3,0,0,1.2,7.5,16.0,Football-Data.co.uk,2015-09-26,2015/16|2015-09-26|Man United|Sunderland
2015/16,26/09/2015,Newcastle,Chelsea,2,2,D,1,0,H,11,16,5,4,4,6,12,15,1,2,0,0,6.0,4.2,1.62,Football-Data.co.uk,2015-09-26,2015/16|2015-09-26|Newcastle|Chelsea
2015/16,26/09/2015,Southampton,Swansea,3,1,H,1,0,H,18,11,7,4,4,3,18,14,3,1,0,0,2.05,3.4,4.2,Football-Data.co.uk,2015-09-26,2015/16|2015-09-26|Southampton|Swansea
2015/16,26/09/2015,Stoke,Bournemouth,2,1,H,1,0,H,8,11,5,6,3,7,13,11,1,0,0,0,2.55,3.3,3.0,Football-Data.co.uk,2015-09-26,2015/16|2015-09-26|Stoke|Bournemouth
2015/16,26/09/2015,Tottenham,Man City,4,1,H,1,1,D,15,22,8,8,5,9,17,6,5,1,0,0,4.2,3.8,1.91,Football-Data.co.uk,2015-09-26,2015/16|2015-09-26|Tottenham|Man City
2015/16,26/09/2015,West Ham,Norwich,2,2,D,1,1,D,19,16,7,7,7,5,7,17,0,0,0,0,2.25,3.5,3.4,Football-Data.co.uk,2015-09-26,2015/16|2015-09-26|West Ham|Norwich
2015/16,27/09/2015,Watford,Crystal Palace,0,1,A,0,0,D,15,16,2,3,6,4,17,22,4,4,0,0,2.5,3.3,3.1,Football-Data.co.uk,2015-09-27,2015/16|2015-09-27|Watford|Crystal Palace
2015/16,28/09/2015,West Brom,Everton,2,3,A,1,0,H,9,12,4,4,6,4,9,8,0,3,0,0,3.1,3.3,2.5,Football-Data.co.uk,2015-09-28,2015/16|2015-09-28|West Brom|Everton
2015/16,03/10/2015,Aston Villa,Stoke,0,1,A,0,0,D,13,12,2,5,9,5,12,12,1,0,0,0,2.5,3.3,3.1,Football-Data.co.uk,2015-10-03,2015/16|2015-10-03|Aston Villa|Stoke
2015/16,03/10/2015,Bournemouth,Watford,1,1,D,1,1,D,12,11,6,2,5,3,8,13,1,1,0,0,2.1,3.5,3.8,Football-Data.co.uk,2015-10-03,2015/16|2015-10-03|Bournemouth|Watford
2015/16,03/10/2015,Chelsea,Southampton,1,3,A,1,1,D,10,13,3,5,4,6,14,14,2,5,0,0,1.83,3.7,4.8,Football-Data.co.uk,2015-10-03,2015/16|2015-10-03|Chelsea|Southampton
2015/16,03/10/2015,Crystal Palace,West Brom,2,0,H,0,0,D,21,7,8,2,8,3,14,13,3,3,0,0,1.83,3.6,5.0,Football-Data.co.uk,2015-10-03,2015/16|2015-10-03|Crystal Palace|West Brom
2015/16,03/10/2015,Man City,Newcastle,6,1,H,1,1,D,23,6,11,4,6,3,13,8,3,1,0,0,1.25,7.0,13.0,Football-Data.co.uk,2015-10-03,2015/16|2015-10-03|Man City|Newcastle
2015/16,03/10/2015,Norwich,Leicester,1,2,A,0,1,A,17,16,2,5,16,8,4,4,0,1,0,0,2.3,3.5,3.3,Football-Data.co.uk,2015-10-03,2015/16|2015-10-03|Norwich|Leicester
2015/16,03/10/2015,Sunderland,West Ham,2,2,D,2,1,H,12,20,3,6,1,8,14,11,2,4,1,0,3.2,3.4,2.4,Football-Data.co.uk,2015-10-03,2015/16|2015-10-03|Sunderland|West Ham
2015/16,04/10/2015,Arsenal,Man United,3,0,H,3,0,H,12,9,5,5,3,6,8,17,1,3,0,0,2.0,3.8,3.8,Football-Data.co.uk,2015-10-04,2015/16|2015-10-04|Arsenal|Man United
2015/16,04/10/2015,Everton,Liverpool,1,1,D,1,1,D,14,13,4,4,5,11,10,19,3,3,0,0,2.7,3.4,2.8,Football-Data.co.uk,2015-10-04,2015/16|2015-10-04|Everton|Liverpool
2015/16,04/10/2015,Swansea,Tottenham,2,2,D,2,1,H,11,19,2,11,5,6,8,19,1,4,0,0,2.75,3.25,2.8,Football-Data.co.uk,2015-10-04,2015/16|2015-10-04|Swansea|Tottenham
2015/16,17/10/2015,Chelsea,Aston Villa,2,0,H,1,0,H,9,8,3,1,4,4,22,17,1,3,0,0,1.33,5.75,10.0,Football-Data.co.uk,2015-10-17,2015/16|2015-10-17|Chelsea|Aston Villa
2015/16,17/10/2015,Crystal Palace,West Ham,1,3,A,1,1,D,6,24,1,4,1,9,9,11,1,3,1,0,2.0,3.6,4.0,Football-Data.co.uk,2015-10-17,2015/16|2015-10-17|Crystal Palace|West Ham
2015/16,17/10/2015,Everton,Man United,0,3,A,0,2,A,12,10,3,7,5,3,12,14,2,2,0,0,3.25,3.4,2.38,Football-Data.co.uk,2015-10-17,2015/16|2015-10-17|Everton|Man United
2015/16,17/10/2015,Man City,Bournemouth,5,1,H,4,1,H,15,5,11,1,1,7,11,5,2,1,0,0,1.33,5.75,10.0,Football-Data.co.uk,2015-10-17,2015/16|2015-10-17|Man City|Bournemouth
2015/16,17/10/2015,Southampton,Leicester,2,2,D,2,0,H,14,26,6,7,6,7,16,10,2,0,0,0,1.75,4.0,5.0,Football-Data.co.uk,2015-10-17,2015/16|2015-10-17|Southampton|Leicester
2015/16,17/10/2015,Tottenham,Liverpool,0,0,D,0,0,D,13,12,4,3,8,6,15,11,1,2,0,0,2.5,3.5,3.0,Football-Data.co.uk,2015-10-17,2015/16|2015-10-17|Tottenham|Liverpool
2015/16,17/10/2015,Watford,Arsenal,0,3,A,0,0,D,8,17,1,6,3,9,11,12,2,1,0,0,6.0,4.2,1.62,Football-Data.co.uk,2015-10-17,2015/16|2015-10-17|Watford|Arsenal
2015/16,17/10/2015,West Brom,Sunderland,1,0,H,0,0,D,8,9,1,2,1,5,12,13,2,2,0,0,2.05,3.4,4.2,Football-Data.co.uk,2015-10-17,2015/16|2015-10-17|West Brom|Sunderland
2015/16,18/10/2015,Newcastle,Norwich,6,2,H,3,2,H,11,18,6,6,3,7,10,10,1,1,0,0,2.6,3.4,2.88,Football-Data.co.uk,2015-10-18,2015/16|2015-10-18|Newcastle|Norwich
2015/16,19/10/2015,Swansea,Stoke,0,1,A,0,1,A,14,9,2,2,1,2,6,14,2,2,0,0,2.05,3.4,4.2,Football-Data.co.uk,2015-10-19,2015/16|2015-10-19|Swansea|Stoke
2015/16,24/10/2015,Arsenal,Everton,2,1,H,2,1,H,20,10,5,5,7,5,11,14,2,0,0,1,1.44,4.75,8.0,Football-Data.co.uk,2015-10-24,2015/16|2015-10-24|Arsenal|Everton
2015/16,24/10/2015,Aston Villa,Swansea,1,2,A,0,0,D,9,11,3,4,4,6,10,8,2,3,0,0,3.0,3.3,2.6,Football-Data.co.uk,2015-10-24,2015/16|2015-10-24|Aston Villa|Swansea
2015/16,24/10/2015,Leicester,Crystal Palace,1,0,H,0,0,D,12,9,3,4,3,2,7,11,3,1,0,0,2.2,3.6,3.4,Football-Data.co.uk,2015-10-24,2015/16|2015-10-24|Leicester|Crystal Palace
2015/16,24/10/2015,Norwich,West Brom,0,1,A,0,0,D,16,7,3,4,13,3,11,6,1,2,0,0,2.0,3.5,4.2,Football-Data.co.uk,2015-10-24,2015/16|2015-10-24|Norwich|West Brom
2015/16,24/10/2015,Stoke,Watford,0,2,A,0,1,A,12,13,1,3,11,5,10,18,3,1,0,0,2.1,3.3,4.0,Football-Data.co.uk,2015-10-24,2015/16|2015-10-24|Stoke|Watford
2015/16,24/10/2015,West Ham,Chelsea,2,1,H,1,0,H,12,8,5,4,7,4,10,12,1,5,0,1,4.0,3.8,1.95,Football-Data.co.uk,2015-10-24,2015/16|2015-10-24|West Ham|Chelsea
2015/16,25/10/2015,Bournemouth,Tottenham,1,5,A,1,3,A,11,14,3,9,4,5,8,15,0,1,0,0,3.4,3.5,2.25,Football-Data.co.uk,2015-10-25,2015/16|2015-10-25|Bournemouth|Tottenham
2015/16,25/10/2015,Liverpool,Southampton,1,1,D,0,0,D,15,8,2,3,10,7,8,11,1,0,0,1,2.05,3.6,3.8,Football-Data.co.uk,2015-10-25,2015/16|2015-10-25|Liverpool|Southampton
2015/16,25/10/2015,Man United,Man City,0,0,D,0,0,D,6,6,1,1,6,4,17,13,2,2,0,0,2.6,3.5,2.8,Football-Data.co.uk,2015-10-25,2015/16|2015-10-25|Man United|Man City
2015/16,25/10/2015,Sunderland,Newcastle,3,0,H,1,0,H,9,21,3,8,1,10,12,10,0,2,0,1,2.6,3.4,2.9,Football-Data.co.uk,2015-10-25,2015/16|2015-10-25|Sunderland|Newcastle
2015/16,31/10/2015,Chelsea,Liverpool,1,3,A,1,1,D,8,16,2,7,1,7,9,21,1,4,0,0,2.1,3.5,3.75,Football-Data.co.uk,2015-10-31,2015/16|2015-10-31|Chelsea|Liverpool
2015/16,31/10/2015,Crystal Palace,Man United,0,0,D,0,0,D,10,5,5,1,7,3,12,15,3,3,0,0,3.8,3.5,2.1,Football-Data.co.uk,2015-10-31,2015/16|2015-10-31|Crystal Palace|Man United
2015/16,31/10/2015,Man City,Norwich,2,1,H,0,0,D,21,5,5,3,12,4,4,13,2,2,0,1,1.29,6.0,12.0,Football-Data.co.uk,2015-10-31,2015/16|2015-10-31|Man City|Norwich
2015/16,31/10/2015,Newcastle,Stoke,0,0,D,0,0,D,15,9,6,2,11,4,6,16,1,3,0,0,2.4,3.4,3.2,Football-Data.co.uk,2015-10-31,2015/16|2015-10-31|Newcastle|Stoke
2015/16,31/10/2015,Swansea,Arsenal,0,3,A,0,0,D,8,15,3,5,4,4,12,7,2,0,0,0,5.0,4.0,1.75,Football-Data.co.uk,2015-10-31,2015/16|2015-10-31|Swansea|Arsenal
2015/16,31/10/2015,Watford,West Ham,2,0,H,1,0,H,20,8,5,3,7,2,16,12,3,0,0,1,2.6,3.4,2.9,Football-Data.co.uk,2015-10-31,2015/16|2015-10-31|Watford|West Ham
2015/16,31/10/2015,West Brom,Leicester,2,3,A,1,0,H,14,13,6,5,6,4,3,11,0,2,0,0,2.9,3.4,2.6,Football-Data.co.uk,2015-10-31,2015/16|2015-10-31|West Brom|Leicester
2015/16,01/11/2015,Everton,Sunderland,6,2,H,2,1,H,15,17,8,9,6,1,6,5,3,2,0,0,1.5,4.5,7.5,Football-Data.co.uk,2015-11-01,2015/16|2015-11-01|Everton|Sunderland
2015/16,01/11/2015,Southampton,Bournemouth,2,0,H,2,0,H,11,16,2,2,4,6,5,5,0,2,1,0,1.55,4.33,6.5,Football-Data.co.uk,2015-11-01,2015/16|2015-11-01|Southampton|Bournemouth
2015/16,02/11/2015,Tottenham,Aston Villa,3,1,H,2,0,H,17,13,6,2,4,3,6,15,0,3,0,0,1.44,4.75,8.0,Football-Data.co.uk,2015-11-02,2015/16|2015-11-02|Tottenham|Aston Villa
2015/16,07/11/2015,Bournemouth,Newcastle,0,1,A,0,1,A,20,2,5,1,16,0,9,11,2,2,0,0,2.25,3.5,3.4,Football-Data.co.uk,2015-11-07,2015/16|2015-11-07|Bournemouth|Newcastle
2015/16,07/11/2015,Leicester,Watford,2,1,H,0,0,D,12,8,6,4,4,2,10,10,0,1,0,0,1.85,3.8,4.5,Football-Data.co.uk,2015-11-07,2015/16|2015-11-07|Leicester|Watford
2015/16,07/11/2015,Man United,West Brom,2,0,H,0,0,D,13,4,3,0,5,1,11,10,1,3,0,1,1.33,5.25,12.0,Football-Data.co.uk,2015-11-07,2015/16|2015-11-07|Man United|West Brom
2015/16,07/11/2015,Norwich,Swansea,1,0,H,0,0,D,9,8,5,0,5,2,12,7,1,0,0,0,2.45,3.4,3.1,Football-Data.co.uk,2015-11-07,2015/16|2015-11-07|Norwich|Swansea
2015/16,07/11/2015,Stoke,Chelsea,1,0,H,0,0,D,8,19,2,4,1,9,13,10,3,1,0,0,3.8,3.6,2.05,Football-Data.co.uk,2015-11-07,2015/16|2015-11-07|Stoke|Chelsea
2015/16,07/11/2015,Sunderland,Southampton,0,1,A,0,0,D,9,11,3,4,10,11,3,7,1,3,0,0,4.75,3.8,1.8,Football-Data.co.uk,2015-11-07,2015/16|2015-11-07|Sunderland|Southampton
2015/16,07/11/2015,West Ham,Everton,1,1,D,1,1,D,16,13,5,4,3,5,11,12,1,2,0,0,2.6,3.5,2.8,Football-Data.co.uk,2015-11-07,2015/16|2015-11-07|West Ham|Everton
2015/16,08/11/2015,Arsenal,Tottenham,1,1,D,0,1,A,10,14,4,4,7,6,12,17,0,1,0,0,1.73,4.0,5.0,Football-Data.co.uk,2015-11-08,2015/16|2015-11-08|Arsenal|Tottenham
2015/16,08/11/2015,Aston Villa,Man City,0,0,D,0,0,D,3,13,0,3,3,8,7,7,1,1,0,0,7.5,5.0,1.44,Football-Data.co.uk,2015-11-08,2015/16|2015-11-08|Aston Villa|Man City
2015/16,08/11/2015,Liverpool,Crystal Palace,1,2,A,1,1,D,22,9,4,4,14,6,7,6,1,2,0,0,1.67,3.8,6.0,Football-Data.co.uk,2015-11-08,2015/16|2015-11-08|Liverpool|Crystal Palace
2015/16,21/11/2015,Chelsea,Norwich,1,0,H,0,0,D,21,4,7,2,6,5,4,12,1,4,0,0,1.4,5.0,9.0,Football-Data.co.uk,2015-11-21,2015/16|2015-11-21|Chelsea|Norwich
2015/16,21/11/2015,Everton,Aston Villa,4,0,H,3,0,H,16,10,9,3,2,3,6,9,0,0,0,0,1.57,4.2,6.5,Football-Data.co.uk,2015-11-21,2015/16|2015-11-21|Everton|Aston Villa
2015/16,21/11/2015,Man City,Liverpool,1,4,A,1,3,A,11,14,3,9,11,5,5,13,0,3,0,0,1.7,4.0,5.5,Football-Data.co.uk,2015-11-21,2015/16|2015-11-21|Man City|Liverpool
2015/16,21/11/2015,Newcastle,Leicester,0,3,A,0,1,A,9,18,1,7,4,9,9,12,4,1,0,0,2.88,3.6,2.5,Football-Data.co.uk,2015-11-21,2015/16|2015-11-21|Newcastle|Leicester
2015/16,21/11/2015,Southampton,Stoke,0,1,A,0,1,A,16,16,1,4,7,3,8,8,2,0,0,0,1.57,4.0,7.0,Football-Data.co.uk,2015-11-21,2015/16|2015-11-21|Southampton|Stoke
2015/16,21/11/2015,Swansea,Bournemouth,2,2,D,2,2,D,11,16,4,4,4,5,7,9,3,2,0,0,1.91,3.6,4.5,Football-Data.co.uk,2015-11-21,2015/16|2015-11-21|Swansea|Bournemouth
2015/16,21/11/2015,Watford,Man United,1,2,A,0,1,A,10,13,5,6,4,10,6,12,1,2,0,0,4.33,3.4,2.0,Football-Data.co.uk,2015-11-21,2015/16|2015-11-21|Watford|Man United
2015/16,21/11/2015,West Brom,Arsenal,2,1,H,2,1,H,4,11,1,3,3,5,14,10,3,2,0,0,7.0,4.33,1.53,Football-Data.co.uk,2015-11-21,2015/16|2015-11-21|West Brom|Arsenal
2015/16,22/11/2015,Tottenham,West Ham,4,1,H,2,0,H,22,10,12,4,7,6,13,9,2,2,0,0,1.57,4.2,6.5,Football-Data.co.uk,2015-11-22,2015/16|2015-11-22|Tottenham|West Ham
2015/16,23/11/2015,Crystal Palace,Sunderland,0,1,A,0,0,D,19,12,7,4,11,2,18,11,1,3,0,0,1.57,4.0,7.0,Football-Data.co.uk,2015-11-23,2015/16|2015-11-23|Crystal Palace|Sunderland
2015/16,28/11/2015,Aston Villa,Watford,2,3,A,1,1,D,12,14,6,6,10,10,6,13,2,3,0,0,2.75,3.3,2.8,Football-Data.co.uk,2015-11-28,2015/16|2015-11-28|Aston Villa|Watford
2015/16,28/11/2015,Bournemouth,Everton,3,3,D,0,2,A,19,11,10,6,10,5,6,6,2,0,0,0,2.9,3.6,2.5,Football-Data.co.uk,2015-11-28,2015/16|2015-11-28|Bournemouth|Everton
2015/16,28/11/2015,Crystal Palace,Newcastle,5,1,H,3,1,H,19,7,8,2,7,5,7,13,1,1,0,0,1.7,3.9,5.5,Football-Data.co.uk,2015-11-28,2015/16|2015-11-28|Crystal Palace|Newcastle
2015/16,28/11/2015,Leicester,Man United,1,1,D,1,1,D,7,10,3,2,1,8,5,7,0,1,0,0,3.1,3.5,2.4,Football-Data.co.uk,2015-11-28,2015/16|2015-11-28|Leicester|Man United
2015/16,28/11/2015,Man City,Southampton,3,1,H,2,0,H,16,12,9,8,6,4,14,11,2,1,0,0,1.6,4.33,6.0,Football-Data.co.uk,2015-11-28,2015/16|2015-11-28|Man City|Southampton
2015/16,28/11/2015,Sunderland,Stoke,2,0,H,0,0,D,18,7,5,3,9,5,4,10,0,2,0,1,3.2,3.3,2.45,Football-Data.co.uk,2015-11-28,2015/16|2015-11-28|Sunderland|Stoke
2015/16,29/11/2015,Liverpool,Swansea,1,0,H,0,0,D,10,8,2,0,8,7,12,6,3,1,0,0,1.44,4.75,8.0,Football-Data.co.uk,2015-11-29,2015/16|2015-11-29|Liverpool|Swansea
2015/16,29/11/2015,Norwich,Arsenal,1,1,D,1,1,D,7,12,2,3,3,6,8,6,1,1,0,0,6.0,4.2,1.62,Football-Data.co.uk,2015-11-29,2015/16|2015-11-29|Norwich|Arsenal
2015/16,29/11/2015,Tottenham,Chelsea,0,0,D,0,0,D,9,5,4,1,4,4,14,9,4,2,0,0,2.6,3.4,2.9,Football-Data.co.uk,2015-11-29,2015/16|2015-11-29|Tottenham|Chelsea
2015/16,29/11/2015,West Ham,West Brom,1,1,D,1,0,H,17,7,6,3,5,2,15,16,0,2,0,0,2.05,3.5,4.0,Football-Data.co.uk,2015-11-29,2015/16|2015-11-29|West Ham|West Brom
2015/16,05/12/2015,Arsenal,Sunderland,3,1,H,1,1,D,16,11,7,4,3,2,7,11,1,1,0,0,1.29,6.0,13.0,Football-Data.co.uk,2015-12-05,2015/16|2015-12-05|Arsenal|Sunderland
2015/16,05/12/2015,Chelsea,Bournemouth,0,1,A,0,0,D,19,15,6,5,11,4,10,13,2,1,0,0,1.36,5.25,9.5,Football-Data.co.uk,2015-12-05,2015/16|2015-12-05|Chelsea|Bournemouth
2015/16,05/12/2015,Man United,West Ham,0,0,D,0,0,D,21,9,1,2,6,2,9,13,1,0,0,0,1.44,4.5,9.0,Football-Data.co.uk,2015-12-05,2015/16|2015-12-05|Man United|West Ham
2015/16,05/12/2015,Southampton,Aston Villa,1,1,D,0,1,A,23,9,5,2,10,4,4,9,1,2,0,0,1.5,4.5,7.5,Football-Data.co.uk,2015-12-05,2015/16|2015-12-05|Southampton|Aston Villa
2015/16,05/12/2015,Stoke,Man City,2,0,H,2,0,H,7,11,4,4,1,6,9,10,0,1,0,0,5.25,4.0,1.7,Football-Data.co.uk,2015-12-05,2015/16|2015-12-05|Stoke|Man City
2015/16,05/12/2015,Swansea,Leicester,0,3,A,0,2,A,10,16,2,5,3,8,3,19,2,3,0,0,2.7,3.4,2.75,Football-Data.co.uk,2015-12-05,2015/16|2015-12-05|Swansea|Leicester
2015/16,05/12/2015,Watford,Norwich,2,0,H,1,0,H,14,6,7,1,4,1,11,10,3,3,0,0,2.15,3.5,3.6,Football-Data.co.uk,2015-12-05,2015/16|2015-12-05|Watford|Norwich
2015/16,05/12/2015,West Brom,Tottenham,1,1,D,1,1,D,11,9,4,3,3,6,13,10,3,2,0,0,4.75,3.6,1.85,Football-Data.co.uk,2015-12-05,2015/16|2015-12-05|West Brom|Tottenham
2015/16,06/12/2015,Newcastle,Liverpool,2,0,H,0,0,D,6,10,1,1,2,7,6,10,3,1,0,0,5.75,4.33,1.62,Football-Data.co.uk,2015-12-06,2015/16|2015-12-06|Newcastle|Liverpool
2015/16,07/12/2015,Everton,Crystal Palace,1,1,D,0,0,D,19,14,4,5,13,6,4,11,1,2,0,0,2.1,3.6,3.75,Football-Data.co.uk,2015-12-07,2015/16|2015-12-07|Everton|Crystal Palace
2015/16,12/12/2015,Bournemouth,Man United,2,1,H,1,1,D,11,11,5,5,5,7,12,12,2,1,0,0,3.4,3.4,2.3,Football-Data.co.uk,2015-12-12,2015/16|2015-12-12|Bournemouth|Man United
2015/16,12/12/2015,Crystal Palace,Southampton,1,0,H,1,0,H,12,15,5,3,8,5,11,13,0,0,0,0,2.6,3.3,3.0,Football-Data.co.uk,2015-12-12,2015/16|2015-12-12|Crystal Palace|Southampton
2015/16,12/12/2015,Man City,Swansea,2,1,H,1,0,H,13,13,5,7,5,5,13,15,3,1,0,0,1.3,6.0,11.0,Football-Data.co.uk,2015-12-12,2015/16|2015-12-12|Man City|Swansea
2015/16,12/12/2015,Norwich,Everton,1,1,D,0,1,A,9,15,2,3,5,4,9,6,1,0,0,0,2.9,3.5,2.55,Football-Data.co.uk,2015-12-12,2015/16|2015-12-12|Norwich|Everton
2015/16,12/12/2015,Sunderland,Watford,0,1,A,0,1,A,14,13,2,6,8,3,6,9,1,0,0,0,2.9,3.3,2.63,Football-Data.co.uk,2015-12-12,2015/16|2015-12-12|Sunderland|Watford
2015/16,12/12/2015,West Ham,Stoke,0,0,D,0,0,D,22,12,9,3,11,7,7,9,1,2,0,0,2.63,3.3,2.9,Football-Data.co.uk,2015-12-12,2015/16|2015-12-12|West Ham|Stoke
2015/16,13/12/2015,Aston Villa,Arsenal,0,2,A,0,2,A,18,8,2,4,5,5,8,7,0,0,0,0,6.5,4.2,1.57,Football-Data.co.uk,2015-12-13,2015/16|2015-12-13|Aston Villa|Arsenal
2015/16,13/12/2015,Liverpool,West Brom,2,2,D,1,1,D,28,4,8,2,4,4,7,10,0,0,0,0,1.4,4.75,10.0,Football-Data.co.uk,2015-12-13,2015/16|2015-12-13|Liverpool|West Brom
2015/16,13/12/2015,Tottenham,Newcastle,1,2,A,1,0,H,20,8,8,4,6,2,13,14,2,2,0,0,1.36,5.5,9.0,Football-Data.co.uk,2015-12-13,2015/16|2015-12-13|Tottenham|Newcastle
2015/16,14/12/2015,Leicester,Chelsea,2,1,H,1,0,H,9,11,5,5,1,8,16,8,2,0,0,0,3.2,3.5,2.35,Football-Data.co.uk,2015-12-14,2015/16|2015-12-14|Leicester|Chelsea
2015/16,19/12/2015,Chelsea,Sunderland,3,1,H,2,0,H,17,11,7,3,2,2,12,12,1,3,0,0,1.33,5.25,12.0,Football-Data.co.uk,2015-12-19,2015/16|2015-12-19|Chelsea|Sunderland
2015/16,19/12/2015,Everton,Leicester,2,3,A,1,1,D,13,10,5,5,10,2,6,14,2,1,0,0,2.1,3.75,3.6,Football-Data.co.uk,2015-12-19,2015/16|2015-12-19|Everton|Leicester
2015/16,19/12/2015,Man United,Norwich,1,2,A,0,1,A,11,6,2,4,11,0,4,10,0,2,0,0,1.45,4.5,8.5,Football-Data.co.uk,2015-12-19,2015/16|2015-12-19|Man United|Norwich
2015/16,19/12/2015,Newcastle,Aston Villa,1,1,D,1,0,H,8,10,4,7,3,7,9,14,1,3,0,0,2.05,3.5,4.0,Football-Data.co.uk,2015-12-19,2015/16|2015-12-19|Newcastle|Aston Villa
2015/16,19/12/2015,Southampton,Tottenham,0,2,A,0,2,A,11,13,4,6,4,7,18,9,1,1,0,0,2.7,3.4,2.8,Football-Data.co.uk,2015-12-19,2015/16|2015-12-19|Southampton|Tottenham
2015/16,19/12/2015,Stoke,Crystal Palace,1,2,A,0,1,A,26,12,5,3,7,3,6,12,2,0,0,0,2.5,3.2,3.2,Football-Data.co.uk,2015-12-19,2015/16|2015-12-19|Stoke|Crystal Palace
2015/16,19/12/2015,West Brom,Bournemouth,1,2,A,0,0,D,6,16,2,7,4,8,12,9,2,1,2,0,2.55,3.3,3.0,Football-Data.co.uk,2015-12-19,2015/16|2015-12-19|West Brom|Bournemouth
2015/16,20/12/2015,Swansea,West Ham,0,0,D,0,0,D,21,11,2,2,8,9,6,9,0,1,0,0,2.1,3.4,3.9,Football-Data.co.uk,2015-12-20,2015/16|2015-12-20|Swansea|West Ham
2015/16,20/12/2015,Watford,Liverpool,3,0,H,2,0,H,6,12,5,4,7,9,6,9,1,0,0,0,4.2,3.6,1.95,Football-Data.co.uk,2015-12-20,2015/16|2015-12-20|Watford|Liverpool
2015/16,21/12/2015,Arsenal,Man City,2,1,H,2,0,H,8,20,5,6,4,8,5,16,0,2,0,0,2.45,3.5,3.0,Football-Data.co.uk,2015-12-21,2015/16|2015-12-21|Arsenal|Man City
2015/16,26/12/2015,Aston Villa,West Ham,1,1,D,0,1,A,15,10,8,4,9,6,14,13,3,3,0,0,2.63,3.25,2.75,Football-Data.co.uk,2015-12-26,2015/16|2015-12-26|Aston Villa|West Ham
2015/16,26/12/2015,Bournemouth,Crystal Palace,0,0,D,0,0,D,10,8,4,0,8,9,10,13,1,0,0,0,2.4,3.3,3.0,Football-Data.co.uk,2015-12-26,2015/16|2015-12-26|Bournemouth|Crystal Palace
2015/16,26/12/2015,Chelsea,Watford,2,2,D,1,1,D,17,12,2,3,9,4,7,15,1,4,0,0,1.44,4.5,7.5,Football-Data.co.uk,2015-12-26,2015/16|2015-12-26|Chelsea|Watford
2015/16,26/12/2015,Liverpool,Leicester,1,0,H,0,0,D,25,7,4,3,7,6,11,8,2,1,0,0,1.91,3.8,3.8,Football-Data.co.uk,2015-12-26,2015/16|2015-12-26|Liverpool|Leicester
2015/16,26/12/2015,Man City,Sunderland,4,1,H,3,0,H,19,11,9,3,5,1,10,11,1,1,0,0,1.2,7.0,13.0,Football-Data.co.uk,2015-12-26,2015/16|2015-12-26|Man City|Sunderland
2015/16,26/12/2015,Newcastle,Everton,0,1,A,0,0,D,10,20,1,7,1,7,16,12,2,2,0,0,3.2,3.5,2.2,Football-Data.co.uk,2015-12-26,2015/16|2015-12-26|Newcastle|Everton
2015/16,26/12/2015,Southampton,Arsenal,4,0,H,1,0,H,15,7,5,4,3,4,10,9,1,0,0,0,3.6,3.5,2.05,Football-Data.co.uk,2015-12-26,2015/16|2015-12-26|Southampton|Arsenal
2015/16,26/12/2015,Stoke,Man United,2,0,H,2,0,H,13,11,3,6,1,12,13,16,1,2,0,0,3.25,3.2,2.3,Football-Data.co.uk,2015-12-26,2015/16|2015-12-26|Stoke|Man United
2015/16,26/12/2015,Swansea,West Brom,1,0,H,1,0,H,7,9,2,3,0,7,10,13,1,3,0,0,1.91,3.4,4.5,Football-Data.co.uk,2015-12-26,2015/16|2015-12-26|Swansea|West Brom
2015/16,26/12/2015,Tottenham,Norwich,3,0,H,2,0,H,15,11,10,3,9,4,4,13,1,2,0,0,1.4,4.75,8.0,Football-Data.co.uk,2015-12-26,2015/16|2015-12-26|Tottenham|Norwich
2015/16,28/12/2015,Arsenal,Bournemouth,2,0,H,1,0,H,13,10,6,3,9,3,7,8,2,0,0,0,1.44,4.75,8.0,Football-Data.co.uk,2015-12-28,2015/16|2015-12-28|Arsenal|Bournemouth
2015/16,28/12/2015,Crystal Palace,Swansea,0,0,D,0,0,D,10,5,2,3,7,4,11,16,3,2,0,0,2.1,3.4,4.0,Football-Data.co.uk,2015-12-28,2015/16|2015-12-28|Crystal Palace|Swansea
2015/16,28/12/2015,Everton,Stoke,3,4,A,1,2,A,15,8,3,5,6,2,10,12,2,1,0,0,1.95,3.6,4.2,Football-Data.co.uk,2015-12-28,2015/16|2015-12-28|Everton|Stoke
2015/16,28/12/2015,Man United,Chelsea,0,0,D,0,0,D,12,8,2,3,5,3,16,6,4,2,0,0,2.6,3.3,3.0,Football-Data.co.uk,2015-12-28,2015/16|2015-12-28|Man United|Chelsea
2015/16,28/12/2015,Norwich,Aston Villa,2,0,H,1,0,H,9,6,4,3,3,7,10,21,2,5,0,0,2.05,3.6,3.8,Football-Data.co.uk,2015-12-28,2015/16|2015-12-28|Norwich|Aston Villa
2015/16,28/12/2015,Watford,Tottenham,1,2,A,1,1,D,9,10,1,3,5,3,11,13,4,2,1,0,3.75,3.5,2.1,Football-Data.co.uk,2015-12-28,2015/16|2015-12-28|Watford|Tottenham
2015/16,28/12/2015,West Brom,Newcastle,1,0,H,0,0,D,22,7,5,2,18,6,7,13,0,0,0,0,2.2,3.25,3.75,Football-Data.co.uk,2015-12-28,2015/16|2015-12-28|West Brom|Newcastle
2015/16,28/12/2015,West Ham,Southampton,2,1,H,0,1,A,13,15,5,4,4,7,6,12,1,3,0,0,3.6,3.4,2.2,Football-Data.co.uk,2015-12-28,2015/16|2015-12-28|West Ham|Southampton
2015/16,29/12/2015,Leicester,Man City,0,0,D,0,0,D,11,21,4,5,1,13,11,8,1,3,0,0,4.33,4.0,1.85,Football-Data.co.uk,2015-12-29,2015/16|2015-12-29|Leicester|Man City
2015/16,30/12/2015,Sunderland,Liverpool,0,1,A,0,0,D,8,17,3,6,6,4,8,16,1,3,0,0,5.5,3.9,1.7,Football-Data.co.uk,2015-12-30,2015/16|2015-12-30|Sunderland|Liverpool
2015/16,02/01/2016,Arsenal,Newcastle,1,0,H,0,0,D,16,15,3,6,7,4,10,9,2,2,0,0,1.29,6.5,11.0,Football-Data.co.uk,2016-01-02,2015/16|2016-01-02|Arsenal|Newcastle
2015/16,02/01/2016,Leicester,Bournemouth,0,0,D,0,0,D,16,9,2,0,7,1,9,5,1,1,0,1,1.91,3.75,4.33,Football-Data.co.uk,2016-01-02,2015/16|2016-01-02|Leicester|Bournemouth
2015/16,02/01/2016,Man United,Swansea,2,1,H,0,0,D,19,9,6,4,4,2,14,10,2,1,0,0,1.55,4.2,7.0,Football-Data.co.uk,2016-01-02,2015/16|2016-01-02|Man United|Swansea
2015/16,02/01/2016,Norwich,Southampton,1,0,H,0,0,D,10,10,1,4,4,9,9,7,1,0,0,1,3.2,3.4,2.4,Football-Data.co.uk,2016-01-02,2015/16|2016-01-02|Norwich|Southampton
2015/16,02/01/2016,Sunderland,Aston Villa,3,1,H,1,0,H,13,8,6,3,3,3,8,13,3,4,0,0,2.5,3.25,3.2,Football-Data.co.uk,2016-01-02,2015/16|2016-01-02|Sunderland|Aston Villa
2015/16,02/01/2016,Watford,Man City,1,2,A,0,0,D,11,16,3,5,4,5,6,10,1,0,0,0,5.0,4.0,1.75,Football-Data.co.uk,2016-01-02,2015/16|2016-01-02|Watford|Man City
2015/16,02/01/2016,West Brom,Stoke,2,1,H,0,0,D,16,10,5,3,4,6,7,15,1,1,0,1,2.8,3.2,2.8,Football-Data.co.uk,2016-01-02,2015/16|2016-01-02|West Brom|Stoke
2015/16,02/01/2016,West Ham,Liverpool,2,0,H,1,0,H,18,23,10,2,3,9,11,8,1,1,0,0,4.0,3.5,2.05,Football-Data.co.uk,2016-01-02,2015/16|2016-01-02|West Ham|Liverpool
2015/16,03/01/2016,Crystal Palace,Chelsea,0,3,A,0,1,A,8,10,4,4,5,7,12,15,3,0,0,0,3.8,3.5,2.1,Football-Data.co.uk,2016-01-03,2015/16|2016-01-03|Crystal Palace|Chelsea
2015/16,03/01/2016,Everton,Tottenham,1,1,D,1,1,D,12,19,3,4,4,4,8,11,1,2,0,0,2.8,3.5,2.63,Football-Data.co.uk,2016-01-03,2015/16|2016-01-03|Everton|Tottenham
2015/16,12/01/2016,Aston Villa,Crystal Palace,1,0,H,0,0,D,13,9,3,1,9,0,15,9,2,1,0,0,3.2,3.25,2.45,Football-Data.co.uk,2016-01-12,2015/16|2016-01-12|Aston Villa|Crystal Palace
2015/16,12/01/2016,Bournemouth,West Ham,1,3,A,1,0,H,11,10,4,5,4,7,8,5,1,1,0,0,2.0,3.6,4.0,Football-Data.co.uk,2016-01-12,2015/16|2016-01-12|Bournemouth|West Ham
2015/16,12/01/2016,Newcastle,Man United,3,3,D,1,2,A,14,12,6,4,5,3,10,12,1,3,0,0,5.0,3.7,1.8,Football-Data.co.uk,2016-01-12,2015/16|2016-01-12|Newcastle|Man United
2015/16,13/01/2016,Chelsea,West Brom,2,2,D,1,1,D,14,13,2,6,7,7,13,8,3,3,0,0,1.44,4.5,9.0,Football-Data.co.uk,2016-01-13,2015/16|2016-01-13|Chelsea|West Brom
2015/16,13/01/2016,Liverpool,Arsenal,3,3,D,2,2,D,22,14,6,5,9,3,9,7,2,0,0,0,2.88,3.4,2.6,Football-Data.co.uk,2016-01-13,2015/16|2016-01-13|Liverpool|Arsenal
2015/16,13/01/2016,Man City,Everton,0,0,D,0,0,D,22,7,5,2,12,5,5,6,0,1,0,0,1.53,4.75,6.0,Football-Data.co.uk,2016-01-13,2015/16|2016-01-13|Man City|Everton
2015/16,13/01/2016,Southampton,Watford,2,0,H,1,0,H,15,4,7,1,8,1,9,11,1,2,0,0,1.95,3.5,4.33,Football-Data.co.uk,2016-01-13,2015/16|2016-01-13|Southampton|Watford
2015/16,13/01/2016,Stoke,Norwich,3,1,H,0,0,D,14,5,4,2,7,3,5,8,0,1,0,1,2.05,3.3,4.2,Football-Data.co.uk,2016-01-13,2015/16|2016-01-13|Stoke|Norwich
2015/16,13/01/2016,Swansea,Sunderland,2,4,A,2,1,H,10,7,5,5,8,6,9,12,2,0,1,0,1.8,3.6,5.25,Football-Data.co.uk,2016-01-13,2015/16|2016-01-13|Swansea|Sunderland
2015/16,13/01/2016,Tottenham,Leicester,0,1,A,0,0,D,21,10,5,2,16,8,13,10,1,0,0,0,1.75,3.8,5.25,Football-Data.co.uk,2016-01-13,2015/16|2016-01-13|Tottenham|Leicester
2015/16,16/01/2016,Aston Villa,Leicester,1,1,D,0,1,A,14,12,5,5,3,4,13,15,3,2,0,0,3.6,3.4,2.2,Football-Data.co.uk,2016-01-16,2015/16|2016-01-16|Aston Villa|Leicester
2015/16,16/01/2016,Bournemouth,Norwich,3,0,H,1,0,H,15,10,8,3,5,3,8,13,1,1,0,0,1.91,3.6,4.5,Football-Data.co.uk,2016-01-16,2015/16|2016-01-16|Bournemouth|Norwich
2015/16,16/01/2016,Chelsea,Everton,3,3,D,0,0,D,14,9,7,4,6,4,12,5,1,1,0,0,1.83,3.75,4.75,Football-Data.co.uk,2016-01-16,2015/16|2016-01-16|Chelsea|Everton
2015/16,16/01/2016,Man City,Crystal Palace,4,0,H,2,0,H,17,9,4,3,5,6,10,11,0,2,0,0,1.4,5.25,8.5,Football-Data.co.uk,2016-01-16,2015/16|2016-01-16|Man City|Crystal Palace
2015/16,16/01/2016,Newcastle,West Ham,2,1,H,2,0,H,23,10,10,3,3,3,9,4,1,0,0,0,2.5,3.4,3.0,Football-Data.co.uk,2016-01-16,2015/16|2016-01-16|Newcastle|West Ham
2015/16,16/01/2016,Southampton,West Brom,3,0,H,2,0,H,9,9,5,0,1,3,10,11,0,0,0,0,1.73,3.75,5.5,Football-Data.co.uk,2016-01-16,2015/16|2016-01-16|Southampton|West Brom
2015/16,16/01/2016,Tottenham,Sunderland,4,1,H,1,1,D,26,5,11,2,11,3,8,13,0,2,0,0,1.36,5.25,9.5,Football-Data.co.uk,2016-01-16,2015/16|2016-01-16|Tottenham|Sunderland
2015/16,17/01/2016,Liverpool,Man United,0,1,A,0,0,D,19,7,4,1,5,4,6,18,0,2,0,0,2.3,3.25,3.5,Football-Data.co.uk,2016-01-17,2015/16|2016-01-17|Liverpool|Man United
2015/16,17/01/2016,Stoke,Arsenal,0,0,D,0,0,D,14,8,6,3,6,6,16,10,0,0,0,0,4.33,3.6,1.95,Football-Data.co.uk,2016-01-17,2015/16|2016-01-17|Stoke|Arsenal
2015/16,18/01/2016,Swansea,Watford,1,0,H,1,0,H,10,13,2,2,6,3,8,11,2,2,0,0,2.38,3.25,3.4,Football-Data.co.uk,2016-01-18,2015/16|2016-01-18|Swansea|Watford
2015/16,23/01/2016,Crystal Palace,Tottenham,1,3,A,1,0,H,11,24,3,11,3,10,11,12,2,2,0,0,3.6,3.5,2.15,Football-Data.co.uk,2016-01-23,2015/16|2016-01-23|Crystal Palace|Tottenham
2015/16,23/01/2016,Leicester,Stoke,3,0,H,1,0,H,15,3,5,2,8,4,10,13,0,1,0,0,2.1,3.5,3.8,Football-Data.co.uk,2016-01-23,2015/16|2016-01-23|Leicester|Stoke
2015/16,23/01/2016,Man United,Southampton,0,1,A,0,0,D,8,7,1,2,4,4,11,8,0,0,0,0,1.91,3.5,4.75,Football-Data.co.uk,2016-01-23,2015/16|2016-01-23|Man United|Southampton
2015/16,23/01/2016,Norwich,Liverpool,4,5,A,2,1,H,6,13,5,7,3,3,10,14,0,1,0,0,4.33,3.5,1.95,Football-Data.co.uk,2016-01-23,2015/16|2016-01-23|Norwich|Liverpool
2015/16,23/01/2016,Sunderland,Bournemouth,1,1,D,1,1,D,10,15,5,5,3,4,5,9,1,1,0,0,3.0,3.4,2.5,Football-Data.co.uk,2016-01-23,2015/16|2016-01-23|Sunderland|Bournemouth
2015/16,23/01/2016,Watford,Newcastle,2,1,H,0,0,D,13,11,5,2,2,7,10,12,2,1,0,0,2.05,3.5,4.0,Football-Data.co.uk,2016-01-23,2015/16|2016-01-23|Watford|Newcastle
2015/16,23/01/2016,West Brom,Aston Villa,0,0,D,0,0,D,4,15,0,4,2,6,7,13,0,1,0,0,2.1,3.3,4.0,Football-Data.co.uk,2016-01-23,2015/16|2016-01-23|West Brom|Aston Villa
2015/16,23/01/2016,West Ham,Man City,2,2,D,1,1,D,10,16,3,3,5,2,11,15,2,3,0,0,5.0,4.0,1.73,Football-Data.co.uk,2016-01-23,2015/16|2016-01-23|West Ham|Man City
2015/16,24/01/2016,Arsenal,Chelsea,0,1,A,0,1,A,9,12,1,6,6,7,14,13,1,3,1,0,2.1,3.5,3.9,Football-Data.co.uk,2016-01-24,2015/16|2016-01-24|Arsenal|Chelsea
2015/16,24/01/2016,Everton,Swansea,1,2,A,1,2,A,20,7,2,5,7,1,5,12,0,3,0,0,1.73,3.8,5.5,Football-Data.co.uk,2016-01-24,2015/16|2016-01-24|Everton|Swansea
2015/16,02/02/2016,Arsenal,Southampton,0,0,D,0,0,D,21,14,11,3,13,3,11,19,2,1,0,0,1.75,3.75,5.25,Football-Data.co.uk,2016-02-02,2015/16|2016-02-02|Arsenal|Southampton
2015/16,02/02/2016,Crystal Palace,Bournemouth,1,2,A,1,1,D,14,8,3,4,5,3,11,15,3,4,0,0,2.45,3.3,3.2,Football-Data.co.uk,2016-02-02,2015/16|2016-02-02|Crystal Palace|Bournemouth
2015/16,02/02/2016,Leicester,Liverpool,2,0,H,0,0,D,13,14,6,2,3,12,6,7,0,1,0,0,2.63,3.4,2.88,Football-Data.co.uk,2016-02-02,2015/16|2016-02-02|Leicester|Liverpool
2015/16,02/02/2016,Man United,Stoke,3,0,H,2,0,H,15,10,5,0,2,5,13,13,2,1,0,0,1.7,3.75,5.75,Football-Data.co.uk,2016-02-02,2015/16|2016-02-02|Man United|Stoke
2015/16,02/02/2016,Norwich,Tottenham,0,3,A,0,2,A,10,17,2,6,6,8,8,9,2,2,0,0,4.5,3.75,1.85,Football-Data.co.uk,2016-02-02,2015/16|2016-02-02|Norwich|Tottenham
2015/16,02/02/2016,Sunderland,Man City,0,1,A,0,1,A,11,6,2,2,8,4,6,15,1,4,0,0,8.0,4.75,1.45,Football-Data.co.uk,2016-02-02,2015/16|2016-02-02|Sunderland|Man City
2015/16,02/02/2016,West Brom,Swansea,1,1,D,0,0,D,17,18,7,4,7,7,12,13,0,0,0,0,2.63,3.1,3.1,Football-Data.co.uk,2016-02-02,2015/16|2016-02-02|West Brom|Swansea
2015/16,02/02/2016,West Ham,Aston Villa,2,0,H,0,0,D,25,6,6,2,5,5,9,11,3,0,0,1,1.91,3.5,4.75,Football-Data.co.uk,2016-02-02,2015/16|2016-02-02|West Ham|Aston Villa
2015/16,03/02/2016,Everton,Newcastle,3,0,H,1,0,H,18,7,7,3,3,3,8,15,1,2,0,1,1.65,4.2,5.5,Football-Data.co.uk,2016-02-03,2015/16|2016-02-03|Everton|Newcastle
2015/16,03/02/2016,Watford,Chelsea,0,0,D,0,0,D,12,12,3,4,7,7,10,13,2,1,0,0,4.33,3.5,1.95,Football-Data.co.uk,2016-02-03,2015/16|2016-02-03|Watford|Chelsea
2015/16,06/02/2016,Aston Villa,Norwich,2,0,H,1,0,H,10,12,3,4,2,11,10,11,0,2,0,0,2.45,3.2,3.3,Football-Data.co.uk,2016-02-06,2015/16|2016-02-06|Aston Villa|Norwich
2015/16,06/02/2016,Liverpool,Sunderland,2,2,D,0,0,D,16,7,5,2,7,2,4,12,1,1,0,0,1.44,4.75,8.5,Football-Data.co.uk,2016-02-06,2015/16|2016-02-06|Liverpool|Sunderland
2015/16,06/02/2016,Man City,Leicester,1,3,A,0,1,A,22,14,4,7,11,4,9,15,2,2,0,0,1.62,4.2,6.0,Football-Data.co.uk,2016-02-06,2015/16|2016-02-06|Man City|Leicester
2015/16,06/02/2016,Newcastle,West Brom,1,0,H,1,0,H,19,7,7,0,8,4,12,12,0,3,0,0,2.15,3.4,3.8,Football-Data.co.uk,2016-02-06,2015/16|2016-02-06|Newcastle|West Brom
2015/16,06/02/2016,Southampton,West Ham,1,0,H,1,0,H,8,18,2,2,4,5,17,10,1,2,1,0,1.73,3.8,5.5,Football-Data.co.uk,2016-02-06,2015/16|2016-02-06|Southampton|West Ham
2015/16,06/02/2016,Stoke,Everton,0,3,A,0,3,A,11,14,3,6,6,4,11,8,1,0,0,0,2.7,3.4,2.8,Football-Data.co.uk,2016-02-06,2015/16|2016-02-06|Stoke|Everton
2015/16,06/02/2016,Swansea,Crystal Palace,1,1,D,1,0,H,19,12,3,2,9,5,11,14,1,2,0,0,2.25,3.3,3.6,Football-Data.co.uk,2016-02-06,2015/16|2016-02-06|Swansea|Crystal Palace
2015/16,06/02/2016,Tottenham,Watford,1,0,H,0,0,D,26,3,9,0,15,1,12,9,0,1,0,0,1.5,4.33,8.0,Football-Data.co.uk,2016-02-06,2015/16|2016-02-06|Tottenham|Watford
2015/16,07/02/2016,Bournemouth,Arsenal,0,2,A,0,2,A,17,10,4,5,7,3,6,8,0,1,0,0,3.8,3.5,2.1,Football-Data.co.uk,2016-02-07,2015/16|2016-02-07|Bournemouth|Arsenal
2015/16,07/02/2016,Chelsea,Man United,1,1,D,0,0,D,16,17,5,7,10,11,6,9,0,3,0,0,2.15,3.3,3.9,Football-Data.co.uk,2016-02-07,2015/16|2016-02-07|Chelsea|Man United
2015/16,13/02/2016,Bournemouth,Stoke,1,3,A,0,1,A,11,11,2,6,9,2,7,18,4,2,0,0,2.05,3.4,4.1,Football-Data.co.uk,2016-02-13,2015/16|2016-02-13|Bournemouth|Stoke
2015/16,13/02/2016,Chelsea,Newcastle,5,1,H,3,0,H,15,10,5,4,8,3,16,14,0,1,1,0,1.44,4.75,8.0,Football-Data.co.uk,2016-02-13,2015/16|2016-02-13|Chelsea|Newcastle
2015/16,13/02/2016,Crystal Palace,Watford,1,2,A,1,1,D,14,10,7,3,8,5,11,16,0,2,0,0,2.25,3.3,3.6,Football-Data.co.uk,2016-02-13,2015/16|2016-02-13|Crystal Palace|Watford
2015/16,13/02/2016,Everton,West Brom,0,1,A,0,1,A,34,5,6,1,14,1,9,12,1,3,0,0,1.53,4.2,7.5,Football-Data.co.uk,2016-02-13,2015/16|2016-02-13|Everton|West Brom
2015/16,13/02/2016,Norwich,West Ham,2,2,D,0,0,D,13,11,3,6,3,3,16,11,2,2,0,0,2.38,3.4,3.25,Football-Data.co.uk,2016-02-13,2015/16|2016-02-13|Norwich|West Ham
2015/16,13/02/2016,Sunderland,Man United,2,1,H,1,1,D,21,12,5,6,6,8,7,15,2,3,0,0,5.25,3.75,1.75,Football-Data.co.uk,2016-02-13,2015/16|2016-02-13|Sunderland|Man United
2015/16,13/02/2016,Swansea,Southampton,0,1,A,0,0,D,13,13,2,5,5,4,10,12,0,3,0,0,3.2,3.25,2.5,Football-Data.co.uk,2016-02-13,2015/16|2016-02-13|Swansea|Southampton
2015/16,14/02/2016,Arsenal,Leicester,2,1,H,0,1,A,24,7,6,3,11,1,9,10,4,3,0,1,1.75,4.0,5.0,Football-Data.co.uk,2016-02-14,2015/16|2016-02-14|Arsenal|Leicester
2015/16,14/02/2016,Aston Villa,Liverpool,0,6,A,0,2,A,6,11,1,9,0,6,10,9,3,1,0,0,4.75,3.6,1.85,Football-Data.co.uk,2016-02-14,2015/16|2016-02-14|Aston Villa|Liverpool
2015/16,14/02/2016,Man City,Tottenham,1,2,A,0,0,D,19,6,4,3,7,1,12,17,1,3,0,0,2.1,3.75,3.6,Football-Data.co.uk,2016-02-14,2015/16|2016-02-14|Man City|Tottenham
2015/16,27/02/2016,Leicester,Norwich,1,0,H,0,0,D,13,9,3,1,3,4,9,11,0,2,0,0,1.5,4.33,6.0,Football-Data.co.uk,2016-02-27,2015/16|2016-02-27|Leicester|Norwich
2015/16,27/02/2016,Southampton,Chelsea,1,2,A,1,0,H,7,16,2,4,7,8,10,11,3,1,0,0,2.8,3.25,2.5,Football-Data.co.uk,2016-02-27,2015/16|2016-02-27|Southampton|Chelsea
2015/16,27/02/2016,Stoke,Aston Villa,2,1,H,0,0,D,11,5,3,1,11,0,7,15,0,3,0,0,1.62,3.75,5.5,Football-Data.co.uk,2016-02-27,2015/16|2016-02-27|Stoke|Aston Villa
2015/16,27/02/2016,Watford,Bournemouth,0,0,D,0,0,D,14,11,1,3,4,5,14,17,3,1,0,0,2.38,3.25,3.0,Football-Data.co.uk,2016-02-27,2015/16|2016-02-27|Watford|Bournemouth
2015/16,27/02/2016,West Brom,Crystal Palace,3,2,H,3,0,H,11,15,5,2,3,6,14,16,2,2,0,0,2.6,3.1,2.8,Football-Data.co.uk,2016-02-27,2015/16|2016-02-27|West Brom|Crystal Palace
2015/16,27/02/2016,West Ham,Sunderland,1,0,H,1,0,H,9,13,3,4,5,6,11,9,1,0,0,0,1.8,3.5,4.5,Football-Data.co.uk,2016-02-27,2015/16|2016-02-27|West Ham|Sunderland
2015/16,28/02/2016,Man United,Arsenal,3,2,H,2,1,H,7,13,5,5,2,3,21,15,4,3,0,0,3.0,3.25,2.38,Football-Data.co.uk,2016-02-28,2015/16|2016-02-28|Man United|Arsenal
2015/16,28/02/2016,Tottenham,Swansea,2,1,H,0,1,A,34,10,14,4,7,7,11,14,2,3,0,0,1.4,4.2,9.0,Football-Data.co.uk,2016-02-28,2015/16|2016-02-28|Tottenham|Swansea
2015/16,01/03/2016,Aston Villa,Everton,1,3,A,0,2,A,14,10,5,7,9,8,8,7,3,1,0,0,4.5,3.6,1.91,Football-Data.co.uk,2016-03-01,2015/16|2016-03-01|Aston Villa|Everton
2015/16,01/03/2016,Bournemouth,Southampton,2,0,H,1,0,H,9,6,4,1,10,2,11,18,0,0,0,0,2.9,3.25,2.7,Football-Data.co.uk,2016-03-01,2015/16|2016-03-01|Bournemouth|Southampton
2015/16,01/03/2016,Leicester,West Brom,2,2,D,2,1,H,22,11,5,3,11,3,10,8,0,2,0,0,1.73,3.8,5.5,Football-Data.co.uk,2016-03-01,2015/16|2016-03-01|Leicester|West Brom
2015/16,01/03/2016,Norwich,Chelsea,1,2,A,0,2,A,13,10,2,2,4,4,17,5,3,2,0,0,5.25,4.0,1.7,Football-Data.co.uk,2016-03-01,2015/16|2016-03-01|Norwich|Chelsea
2015/16,01/03/2016,Sunderland,Crystal Palace,2,2,D,1,0,H,17,13,6,5,4,5,11,14,1,1,0,0,2.5,3.3,3.1,Football-Data.co.uk,2016-03-01,2015/16|2016-03-01|Sunderland|Crystal Palace
2015/16,02/03/2016,Arsenal,Swansea,1,2,A,1,1,D,18,11,4,2,7,3,8,11,0,2,0,0,1.36,5.25,10.0,Football-Data.co.uk,2016-03-02,2015/16|2016-03-02|Arsenal|Swansea
2015/16,02/03/2016,Liverpool,Man City,3,0,H,2,0,H,11,4,7,2,3,2,14,14,0,1,0,0,2.63,3.4,2.88,Football-Data.co.uk,2016-03-02,2015/16|2016-03-02|Liverpool|Man City
2015/16,02/03/2016,Man United,Watford,1,0,H,0,0,D,14,13,3,3,9,7,7,17,1,2,0,0,1.67,3.8,6.0,Football-Data.co.uk,2016-03-02,2015/16|2016-03-02|Man United|Watford
2015/16,02/03/2016,Stoke,Newcastle,1,0,H,0,0,D,9,5,2,3,5,2,11,6,1,0,0,0,2.0,3.5,4.2,Football-Data.co.uk,2016-03-02,2015/16|2016-03-02|Stoke|Newcastle
2015/16,02/03/2016,West Ham,Tottenham,1,0,H,1,0,H,14,9,3,2,6,3,10,11,0,3,0,0,4.0,3.6,2.0,Football-Data.co.uk,2016-03-02,2015/16|2016-03-02|West Ham|Tottenham
2015/16,05/03/2016,Chelsea,Stoke,1,1,D,1,0,H,20,16,7,5,8,4,9,10,1,2,0,0,1.5,4.5,7.5,Football-Data.co.uk,2016-03-05,2015/16|2016-03-05|Chelsea|Stoke
2015/16,05/03/2016,Everton,West Ham,2,3,A,1,0,H,15,17,8,5,9,6,12,13,2,3,1,0,1.73,4.0,5.0,Football-Data.co.uk,2016-03-05,2015/16|2016-03-05|Everton|West Ham
2015/16,05/03/2016,Man City,Aston Villa,4,0,H,0,0,D,22,2,9,1,9,1,10,10,0,1,0,0,1.22,7.0,15.0,Football-Data.co.uk,2016-03-05,2015/16|2016-03-05|Man City|Aston Villa
2015/16,05/03/2016,Newcastle,Bournemouth,1,3,A,0,1,A,14,16,3,5,5,4,13,8,1,3,0,0,2.63,3.4,2.88,Football-Data.co.uk,2016-03-05,2015/16|2016-03-05|Newcastle|Bournemouth
2015/16,05/03/2016,Southampton,Sunderland,1,1,D,0,0,D,16,11,5,3,12,2,9,9,2,1,1,0,1.6,4.0,6.5,Football-Data.co.uk,2016-03-05,2015/16|2016-03-05|Southampton|Sunderland
2015/16,05/03/2016,Swansea,Norwich,1,0,H,0,0,D,10,8,3,3,5,0,14,15,2,5,0,0,2.05,3.5,4.0,Football-Data.co.uk,2016-03-05,2015/16|2016-03-05|Swansea|Norwich
2015/16,05/03/2016,Tottenham,Arsenal,2,2,D,0,1,A,26,10,11,4,9,2,9,10,2,2,0,1,2.38,3.4,3.25,Football-Data.co.uk,2016-03-05,2015/16|2016-03-05|Tottenham|Arsenal
2015/16,05/03/2016,Watford,Leicester,0,1,A,0,0,D,11,14,4,7,3,8,10,11,2,2,0,0,3.0,3.4,2.55,Football-Data.co.uk,2016-03-05,2015/16|2016-03-05|Watford|Leicester
2015/16,06/03/2016,Crystal Palace,Liverpool,1,2,A,0,0,D,14,19,4,5,6,6,12,16,1,2,0,1,3.8,3.5,2.1,Football-Data.co.uk,2016-03-06,2015/16|2016-03-06|Crystal Palace|Liverpool
2015/16,06/03/2016,West Brom,Man United,1,0,H,0,0,D,9,7,2,1,4,5,8,7,1,0,0,1,4.33,3.4,2.0,Football-Data.co.uk,2016-03-06,2015/16|2016-03-06|West Brom|Man United
2015/16,12/03/2016,Bournemouth,Swansea,3,2,H,1,1,D,12,12,4,4,5,3,12,11,1,0,0,0,1.95,3.5,4.33,Football-Data.co.uk,2016-03-12,2015/16|2016-03-12|Bournemouth|Swansea
2015/16,12/03/2016,Norwich,Man City,0,0,D,0,0,D,5,15,0,3,3,8,15,10,3,1,0,0,6.0,4.2,1.6,Football-Data.co.uk,2016-03-12,2015/16|2016-03-12|Norwich|Man City
2015/16,12/03/2016,Stoke,Southampton,1,2,A,0,2,A,13,11,2,4,1,4,13,12,1,2,0,1,2.7,3.2,2.9,Football-Data.co.uk,2016-03-12,2015/16|2016-03-12|Stoke|Southampton
2015/16,13/03/2016,Aston Villa,Tottenham,0,2,A,0,1,A,11,19,2,8,5,8,6,6,0,0,0,0,7.5,4.5,1.5,Football-Data.co.uk,2016-03-13,2015/16|2016-03-13|Aston Villa|Tottenham
2015/16,14/03/2016,Leicester,Newcastle,1,0,H,1,0,H,10,13,1,2,8,4,4,9,0,0,0,0,1.57,4.33,6.25,Football-Data.co.uk,2016-03-14,2015/16|2016-03-14|Leicester|Newcastle
2015/16,19/03/2016,Chelsea,West Ham,2,2,D,1,1,D,22,13,5,6,10,9,13,14,3,5,0,0,1.75,3.8,5.25,Football-Data.co.uk,2016-03-19,2015/16|2016-03-19|Chelsea|West Ham
2015/16,19/03/2016,Crystal Palace,Leicester,0,1,A,0,1,A,12,8,4,3,10,7,9,13,1,1,0,0,3.0,3.4,2.5,Football-Data.co.uk,2016-03-19,2015/16|2016-03-19|Crystal Palace|Leicester
2015/16,19/03/2016,Everton,Arsenal,0,2,A,0,2,A,8,11,2,3,7,5,7,10,0,0,0,0,2.7,3.5,2.7,Football-Data.co.uk,2016-03-19,2015/16|2016-03-19|Everton|Arsenal
2015/16,19/03/2016,Swansea,Aston Villa,1,0,H,0,0,D,10,12,1,2,4,6,9,10,3,2,0,0,1.67,3.8,6.0,Football-Data.co.uk,2016-03-19,2015/16|2016-03-19|Swansea|Aston Villa
2015/16,19/03/2016,Watford,Stoke,1,2,A,0,1,A,9,9,4,6,9,2,10,14,3,1,0,0,2.4,3.25,3.3,Football-Data.co.uk,2016-03-19,2015/16|2016-03-19|Watford|Stoke
2015/16,19/03/2016,West Brom,Norwich,0,1,A,0,0,D,10,7,0,1,4,3,8,13,1,2,0,0,2.25,3.3,3.6,Football-Data.co.uk,2016-03-19,2015/16|2016-03-19|West Brom|Norwich
2015/16,20/03/2016,Man City,Man United,0,1,A,0,1,A,26,5,2,3,11,5,9,12,1,1,0,0,1.83,3.75,4.75,Football-Data.co.uk,2016-03-20,2015/16|2016-03-20|Man City|Man United
2015/16,20/03/2016,Newcastle,Sunderland,1,1,D,0,1,A,17,14,8,4,2,5,14,7,4,1,0,0,2.1,3.5,3.8,Football-Data.co.uk,2016-03-20,2015/16|2016-03-20|Newcastle|Sunderland
2015/16,20/03/2016,Southampton,Liverpool,3,2,H,0,2,A,16,18,5,9,3,5,10,13,1,3,0,0,2.63,3.4,2.88,Football-Data.co.uk,2016-03-20,2015/16|2016-03-20|Southampton|Liverpool
2015/16,20/03/2016,Tottenham,Bournemouth,3,0,H,2,0,H,17,2,8,0,4,5,11,6,0,1,0,0,1.53,4.33,7.0,Football-Data.co.uk,2016-03-20,2015/16|2016-03-20|Tottenham|Bournemouth
2015/16,02/04/2016,Arsenal,Watford,4,0,H,2,0,H,19,6,12,2,8,3,7,10,1,1,0,0,1.36,5.25,10.0,Football-Data.co.uk,2016-04-02,2015/16|2016-04-02|Arsenal|Watford
2015/16,02/04/2016,Aston Villa,Chelsea,0,4,A,0,2,A,15,11,4,8,7,2,12,8,4,1,1,0,6.5,4.33,1.57,Football-Data.co.uk,2016-04-02,2015/16|2016-04-02|Aston Villa|Chelsea
2015/16,02/04/2016,Bournemouth,Man City,0,4,A,0,3,A,11,15,2,7,4,4,9,8,0,1,0,0,3.75,3.6,2.1,Football-Data.co.uk,2016-04-02,2015/16|2016-04-02|Bournemouth|Man City
2015/16,02/04/2016,Liverpool,Tottenham,1,1,D,0,0,D,15,18,7,5,12,9,11,11,2,0,0,0,2.5,3.4,3.0,Football-Data.co.uk,2016-04-02,2015/16|2016-04-02|Liverpool|Tottenham
2015/16,02/04/2016,Norwich,Newcastle,3,2,H,1,0,H,13,13,6,5,6,5,6,11,0,0,0,0,2.2,3.4,3.6,Football-Data.co.uk,2016-04-02,2015/16|2016-04-02|Norwich|Newcastle
2015/16,02/04/2016,Stoke,Swansea,2,2,D,1,0,H,12,12,5,3,5,5,6,16,0,1,0,0,2.2,3.4,3.6,Football-Data.co.uk,2016-04-02,2015/16|2016-04-02|Stoke|Swansea
2015/16,02/04/2016,Sunderland,West Brom,0,0,D,0,0,D,22,3,7,0,9,3,11,13,1,1,0,0,2.1,3.3,4.0,Football-Data.co.uk,2016-04-02,2015/16|2016-04-02|Sunderland|West Brom
2015/16,02/04/2016,West Ham,Crystal Palace,2,2,D,2,1,H,18,12,6,5,4,5,12,19,2,2,1,0,1.95,3.6,4.2,Football-Data.co.uk,2016-04-02,2015/16|2016-04-02|West Ham|Crystal Palace
2015/16,03/04/2016,Leicester,Southampton,1,0,H,1,0,H,11,10,4,2,7,8,12,13,2,2,0,0,2.25,3.4,3.5,Football-Data.co.uk,2016-04-03,2015/16|2016-04-03|Leicester|Southampton
2015/16,03/04/2016,Man United,Everton,1,0,H,0,0,D,10,7,2,1,5,5,15,6,2,0,0,0,2.1,3.5,3.75,Football-Data.co.uk,2016-04-03,2015/16|2016-04-03|Man United|Everton
2015/16,09/04/2016,Aston Villa,Bournemouth,1,2,A,0,1,A,6,12,1,3,3,8,13,11,2,2,0,0,3.4,3.2,2.2,Football-Data.co.uk,2016-04-09,2015/16|2016-04-09|Aston Villa|Bournemouth
2015/16,09/04/2016,Crystal Palace,Norwich,1,0,H,0,0,D,13,13,6,4,10,4,13,10,2,1,0,0,2.05,3.4,3.6,Football-Data.co.uk,2016-04-09,2015/16|2016-04-09|Crystal Palace|Norwich
2015/16,09/04/2016,Man City,West Brom,2,1,H,1,1,D,13,13,4,2,8,8,10,7,0,1,0,0,1.33,5.0,9.0,Football-Data.co.uk,2016-04-09,2015/16|2016-04-09|Man City|West Brom
2015/16,09/04/2016,Southampton,Newcastle,3,1,H,2,0,H,20,5,6,3,11,2,8,7,0,0,0,0,1.53,4.0,6.0,Football-Data.co.uk,2016-04-09,2015/16|2016-04-09|Southampton|Newcastle
2015/16,09/04/2016,Swansea,Chelsea,1,0,H,1,0,H,12,8,6,2,1,9,15,13,5,4,0,0,3.75,3.4,2.0,Football-Data.co.uk,2016-04-09,2015/16|2016-04-09|Swansea|Chelsea
2015/16,09/04/2016,Watford,Everton,1,1,D,1,1,D,13,12,5,7,7,6,13,10,2,1,0,0,3.4,3.3,2.15,Football-Data.co.uk,2016-04-09,2015/16|2016-04-09|Watford|Everton
2015/16,09/04/2016,West Ham,Arsenal,3,3,D,2,2,D,19,11,7,6,7,4,11,8,2,0,0,0,3.6,3.5,2.0,Football-Data.co.uk,2016-04-09,2015/16|2016-04-09|West Ham|Arsenal
2015/16,10/04/2016,Liverpool,Stoke,4,1,H,2,1,H,14,10,6,3,6,3,14,14,0,2,0,0,1.55,4.0,5.75,Football-Data.co.uk,2016-04-10,2015/16|2016-04-10|Liverpool|Stoke
2015/16,10/04/2016,Sunderland,Leicester,0,2,A,0,0,D,15,17,1,7,1,7,9,9,1,1,0,0,3.4,3.4,2.1,Football-Data.co.uk,2016-04-10,2015/16|2016-04-10|Sunderland|Leicester
2015/16,10/04/2016,Tottenham,Man United,3,0,H,0,0,D,16,5,8,1,2,7,10,10,3,3,0,0,1.91,3.5,4.0,Football-Data.co.uk,2016-04-10,2015/16|2016-04-10|Tottenham|Man United
2015/16,13/04/2016,Crystal Palace,Everton,0,0,D,0,0,D,18,9,6,5,10,7,7,9,0,1,0,1,2.9,3.4,2.6,Football-Data.co.uk,2016-04-13,2015/16|2016-04-13|Crystal Palace|Everton
2015/16,16/04/2016,Chelsea,Man City,0,3,A,0,1,A,11,11,4,8,11,3,12,15,2,3,1,0,2.75,3.4,2.7,Football-Data.co.uk,2016-04-16,2015/16|2016-04-16|Chelsea|Man City
2015/16,16/04/2016,Everton,Southampton,1,1,D,0,0,D,7,18,2,4,3,10,8,14,1,1,0,0,2.7,3.4,2.8,Football-Data.co.uk,2016-04-16,2015/16|2016-04-16|Everton|Southampton
2015/16,16/04/2016,Man United,Aston Villa,1,0,H,1,0,H,13,7,4,1,14,3,9,10,0,1,0,0,1.22,7.0,17.0,Football-Data.co.uk,2016-04-16,2015/16|2016-04-16|Man United|Aston Villa
2015/16,16/04/2016,Newcastle,Swansea,3,0,H,1,0,H,12,11,7,1,3,7,13,9,2,1,0,0,2.3,3.4,3.4,Football-Data.co.uk,2016-04-16,2015/16|2016-04-16|Newcastle|Swansea
2015/16,16/04/2016,Norwich,Sunderland,0,3,A,0,1,A,19,8,6,3,14,0,7,11,2,2,0,0,2.4,3.3,3.25,Football-Data.co.uk,2016-04-16,2015/16|2016-04-16|Norwich|Sunderland
2015/16,16/04/2016,West Brom,Watford,0,1,A,0,1,A,16,11,4,4,9,3,11,17,0,3,0,0,2.4,3.2,3.4,Football-Data.co.uk,2016-04-16,2015/16|2016-04-16|West Brom|Watford
2015/16,17/04/2016,Arsenal,Crystal Palace,1,1,D,1,0,H,21,7,6,2,10,5,7,13,0,2,0,0,1.33,5.75,9.5,Football-Data.co.uk,2016-04-17,2015/16|2016-04-17|Arsenal|Crystal Palace
2015/16,17/04/2016,Bournemouth,Liverpool,1,2,A,0,2,A,18,19,5,6,5,4,9,9,0,0,0,0,3.6,3.5,2.15,Football-Data.co.uk,2016-04-17,2015/16|2016-04-17|Bournemouth|Liverpool
2015/16,17/04/2016,Leicester,West Ham,2,2,D,1,0,H,6,19,2,4,0,5,14,14,1,3,1,0,1.95,3.6,4.2,Football-Data.co.uk,2016-04-17,2015/16|2016-04-17|Leicester|West Ham
2015/16,18/04/2016,Stoke,Tottenham,0,4,A,0,1,A,12,23,2,6,5,3,12,12,2,0,0,0,4.5,3.75,1.85,Football-Data.co.uk,2016-04-18,2015/16|2016-04-18|Stoke|Tottenham
2015/16,19/04/2016,Newcastle,Man City,1,1,D,1,1,D,5,9,3,5,5,3,13,8,3,2,0,0,6.0,4.5,1.57,Football-Data.co.uk,2016-04-19,2015/16|2016-04-19|Newcastle|Man City
2015/16,20/04/2016,Liverpool,Everton,4,0,H,2,0,H,37,3,13,0,9,1,8,11,1,1,0,1,1.73,4.0,5.0,Football-Data.co.uk,2016-04-20,2015/16|2016-04-20|Liverpool|Everton
2015/16,20/04/2016,Man United,Crystal Palace,2,0,H,1,0,H,16,5,10,0,10,2,13,7,1,2,0,0,1.53,4.33,7.0,Football-Data.co.uk,2016-04-20,2015/16|2016-04-20|Man United|Crystal Palace
2015/16,20/04/2016,West Ham,Watford,3,1,H,2,0,H,18,7,7,4,4,2,11,17,0,2,0,1,1.57,4.33,6.5,Football-Data.co.uk,2016-04-20,2015/16|2016-04-20|West Ham|Watford
2015/16,21/04/2016,Arsenal,West Brom,2,0,H,2,0,H,16,8,7,1,2,6,14,14,0,1,0,0,1.29,6.0,13.0,Football-Data.co.uk,2016-04-21,2015/16|2016-04-21|Arsenal|West Brom
2015/16,23/04/2016,Aston Villa,Southampton,2,4,A,1,2,A,16,17,7,7,6,11,8,9,2,0,0,0,7.5,4.2,1.53,Football-Data.co.uk,2016-04-23,2015/16|2016-04-23|Aston Villa|Southampton
2015/16,23/04/2016,Bournemouth,Chelsea,1,4,A,1,2,A,13,16,4,4,10,7,11,4,1,0,0,0,3.1,3.5,2.4,Football-Data.co.uk,2016-04-23,2015/16|2016-04-23|Bournemouth|Chelsea
2015/16,23/04/2016,Liverpool,Newcastle,2,2,D,2,0,H,13,6,4,3,5,4,8,17,1,1,0,0,1.57,4.5,6.0,Football-Data.co.uk,2016-04-23,2015/16|2016-04-23|Liverpool|Newcastle
2015/16,23/04/2016,Man City,Stoke,4,0,H,2,0,H,11,14,6,2,9,4,8,8,0,0,0,0,1.3,6.0,11.0,Football-Data.co.uk,2016-04-23,2015/16|2016-04-23|Man City|Stoke
2015/16,24/04/2016,Leicester,Swansea,4,0,H,2,0,H,18,9,9,1,4,6,15,10,1,2,0,0,1.75,3.7,5.5,Football-Data.co.uk,2016-04-24,2015/16|2016-04-24|Leicester|Swansea
2015/16,24/04/2016,Sunderland,Arsenal,0,0,D,0,0,D,12,20,3,7,7,7,10,8,2,4,0,0,4.5,4.0,1.8,Football-Data.co.uk,2016-04-24,2015/16|2016-04-24|Sunderland|Arsenal
2015/16,25/04/2016,Tottenham,West Brom,1,1,D,1,0,H,19,16,2,3,9,7,8,13,0,1,0,0,1.22,7.0,15.0,Football-Data.co.uk,2016-04-25,2015/16|2016-04-25|Tottenham|West Brom
2015/16,30/04/2016,Arsenal,Norwich,1,0,H,0,0,D,14,12,3,3,7,3,8,7,1,0,0,0,1.29,6.5,11.0,Football-Data.co.uk,2016-04-30,2015/16|2016-04-30|Arsenal|Norwich
2015/16,30/04/2016,Everton,Bournemouth,2,1,H,1,1,D,12,16,5,2,3,5,4,8,1,0,0,0,2.0,3.8,3.8,Football-Data.co.uk,2016-04-30,2015/16|2016-04-30|Everton|Bournemouth
2015/16,30/04/2016,Newcastle,Crystal Palace,1,0,H,0,0,D,10,9,4,3,4,8,11,12,2,0,0,0,2.0,3.6,4.0,Football-Data.co.uk,2016-04-30,2015/16|2016-04-30|Newcastle|Crystal Palace
2015/16,30/04/2016,Stoke,Sunderland,1,1,D,0,0,D,11,14,3,5,2,8,13,13,2,2,0,0,2.75,3.3,2.8,Football-Data.co.uk,2016-04-30,2015/16|2016-04-30|Stoke|Sunderland
2015/16,30/04/2016,Watford,Aston Villa,3,2,H,1,1,D,18,7,6,2,8,4,14,10,2,3,0,1,1.7,3.8,5.75,Football-Data.co.uk,2016-04-30,2015/16|2016-04-30|Watford|Aston Villa
2015/16,30/04/2016,West Brom,West Ham,0,3,A,0,2,A,15,8,5,4,8,6,14,7,0,0,0,0,4.0,3.4,2.1,Football-Data.co.uk,2016-04-30,2015/16|2016-04-30|West Brom|West Ham
2015/16,01/05/2016,Man United,Leicester,1,1,D,1,1,D,21,14,6,3,6,5,16,10,3,0,0,1,2.1,3.4,3.9,Football-Data.co.uk,2016-05-01,2015/16|2016-05-01|Man United|Leicester
2015/16,01/05/2016,Southampton,Man City,4,2,H,2,1,H,14,6,7,5,8,2,12,9,2,1,0,0,2.8,3.4,2.7,Football-Data.co.uk,2016-05-01,2015/16|2016-05-01|Southampton|Man City
2015/16,01/05/2016,Swansea,Liverpool,3,1,H,2,0,H,18,11,9,3,4,7,12,13,2,2,0,1,3.1,3.5,2.4,Football-Data.co.uk,2016-05-01,2015/16|2016-05-01|Swansea|Liverpool
2015/16,02/05/2016,Chelsea,Tottenham,2,2,D,0,2,A,13,16,5,5,7,8,9,20,3,9,0,0,2.75,3.6,2.63,Football-Data.co.uk,2016-05-02,2015/16|2016-05-02|Chelsea|Tottenham
2015/16,07/05/2016,Aston Villa,Newcastle,0,0,D,0,0,D,2,9,0,3,0,5,8,13,1,1,0,0,5.75,4.2,1.65,Football-Data.co.uk,2016-05-07,2015/16|2016-05-07|Aston Villa|Newcastle
2015/16,07/05/2016,Bournemouth,West Brom,1,1,D,0,1,A,12,12,4,4,5,3,5,8,2,1,0,0,1.95,3.6,4.2,Football-Data.co.uk,2016-05-07,2015/16|2016-05-07|Bournemouth|West Brom
2015/16,07/05/2016,Crystal Palace,Stoke,2,1,H,0,1,A,17,12,4,3,4,3,8,18,2,3,0,0,2.05,3.5,3.9,Football-Data.co.uk,2016-05-07,2015/16|2016-05-07|Crystal Palace|Stoke
2015/16,07/05/2016,Leicester,Everton,3,1,H,2,0,H,32,9,8,5,12,4,4,12,0,3,0,0,1.91,4.0,4.0,Football-Data.co.uk,2016-05-07,2015/16|2016-05-07|Leicester|Everton
2015/16,07/05/2016,Norwich,Man United,0,1,A,0,0,D,8,15,2,2,1,6,11,10,1,0,0,0,4.5,3.6,1.91,Football-Data.co.uk,2016-05-07,2015/16|2016-05-07|Norwich|Man United
2015/16,07/05/2016,Sunderland,Chelsea,3,2,H,1,2,A,15,9,4,8,3,3,11,9,4,1,0,1,3.0,3.5,2.45,Football-Data.co.uk,2016-05-07,2015/16|2016-05-07|Sunderland|Chelsea
2015/16,07/05/2016,West Ham,Swansea,1,4,A,0,2,A,25,13,7,6,13,3,11,8,3,0,0,0,1.44,4.75,8.0,Football-Data.co.uk,2016-05-07,2015/16|2016-05-07|West Ham|Swansea
2015/16,08/05/2016,Liverpool,Watford,2,0,H,1,0,H,19,14,5,3,8,8,10,15,1,2,0,0,1.5,4.5,7.5,Football-Data.co.uk,2016-05-08,2015/16|2016-05-08|Liverpool|Watford
2015/16,08/05/2016,Man City,Arsenal,2,2,D,1,1,D,14,5,3,2,7,2,16,10,2,1,0,0,2.5,3.6,2.9,Football-Data.co.uk,2016-05-08,2015/16|2016-05-08|Man City|Arsenal
2015/16,08/05/2016,Tottenham,Southampton,1,2,A,1,1,D,20,10,6,2,10,2,8,16,0,3,0,0,2.05,3.6,3.9,Football-Data.co.uk,2016-05-08,2015/16|2016-05-08|Tottenham|Southampton
2015/16,10/05/2016,West Ham,Man United,3,2,H,1,0,H,20,3,6,2,6,2,6,18,1,3,0,0,3.0,3.5,2.45,Football-Data.co.uk,2016-05-10,2015/16|2016-05-10|West Ham|Man United
2015/16,11/05/2016,Liverpool,Chelsea,1,1,D,0,1,A,28,13,9,7,7,3,11,12,3,1,0,0,2.0,3.8,3.8,Football-Data.co.uk,2016-05-11,2015/16|2016-05-11|Liverpool|Chelsea
2015/16,11/05/2016,Norwich,Watford,4,2,H,3,1,H,18,12,6,7,5,1,8,12,2,3,0,0,1.83,3.75,4.75,Football-Data.co.uk,2016-05-11,2015/16|2016-05-11|Norwich|Watford
2015/16,11/05/2016,Sunderland,Everton,3,0,H,2,0,H,14,17,8,6,5,5,15,7,1,0,0,0,1.75,4.0,5.0,Football-Data.co.uk,2016-05-11,2015/16|2016-05-11|Sunderland|Everton
2015/16,15/05/2016,Arsenal,Aston Villa,4,0,H,1,0,H,16,5,7,2,5,4,12,6,0,1,0,0,1.17,9.0,17.0,Football-Data.co.uk,2016-05-15,2015/16|2016-05-15|Arsenal|Aston Villa
2015/16,15/05/2016,Chelsea,Leicester,1,1,D,0,0,D,17,18,4,5,7,6,4,12,0,0,0,0,2.3,3.75,3.1,Football-Data.co.uk,2016-05-15,2015/16|2016-05-15|Chelsea|Leicester
2015/16,15/05/2016,Everton,Norwich,3,0,H,2,0,H,15,10,8,2,4,11,7,11,0,0,0,0,1.8,4.0,4.5,Football-Data.co.uk,2016-05-15,2015/16|2016-05-15|Everton|Norwich
2015/16,15/05/2016,Newcastle,Tottenham,5,1,H,2,0,H,19,17,10,5,3,8,7,6,1,2,1,0,4.5,4.0,1.8,Football-Data.co.uk,2016-05-15,2015/16|2016-05-15|Newcastle|Tottenham
2015/16,15/05/2016,Southampton,Crystal Palace,4,1,H,1,0,H,18,16,5,4,2,5,7,14,1,2,0,0,1.36,5.5,9.0,Football-Data.co.uk,2016-05-15,2015/16|2016-05-15|Southampton|Crystal Palace
2015/16,15/05/2016,Stoke,West Ham,2,1,H,0,1,A,7,20,4,7,4,10,8,12,3,1,0,0,3.5,3.6,2.15,Football-Data.co.uk,2016-05-15,2015/16|2016-05-15|Stoke|West Ham
2015/16,15/05/2016,Swansea,Man City,1,1,D,1,1,D,4,18,1,5,4,4,4,19,1,3,0,0,6.0,4.75,1.53,Football-Data.co.uk,2016-05-15,2015/16|2016-05-15|Swansea|Man City
2015/16,15/05/2016,Watford,Sunderland,2,2,D,0,1,A,21,6,6,4,7,4,11,10,1,0,0,0,2.05,3.75,3.7,Football-Data.co.uk,2016-05-15,2015/16|2016-05-15|Watford|Sunderland
2015/16,15/05/2016,West Brom,Liverpool,1,1,D,1,1,D,13,7,1,3,7,5,11,14,3,1,0,0,2.4,3.6,3.0,Football-Data.co.uk,2016-05-15,2015/16|2016-05-15|West Brom|Liverpool
2015/16,17/05/2016,Man United,Bournemouth,3,1,H,1,0,H,12,7,5,0,7,1,9,8,1,0,0,0,1.67,4.2,5.25,Football-Data.co.uk,2016-05-17,2015/16|2016-05-17|Man United|Bournemouth
2016/17,13/08/16,Burnley,Swansea,0,1,A,0,0,D,10,17,3,9,7,4,10,14,3,2,0,0,2.4,3.3,3.25,Football-Data.co.uk,2016-08-13,2016/17|2016-08-13|Burnley|Swansea
2016/17,13/08/16,Crystal Palace,West Brom,0,1,A,0,0,D,14,13,4,3,3,6,12,15,2,2,0,0,2.0,3.3,4.5,Football-Data.co.uk,2016-08-13,2016/17|2016-08-13|Crystal Palace|West Brom
2016/17,13/08/16,Everton,Tottenham,1,1,D,1,0,H,12,13,6,4,5,6,10,14,0,0,0,0,3.2,3.4,2.4,Football-Data.co.uk,2016-08-13,2016/17|2016-08-13|Everton|Tottenham
2016/17,13/08/16,Hull,Leicester,2,1,H,1,0,H,14,18,5,5,5,3,8,17,2,2,0,0,4.5,3.6,1.91,Football-Data.co.uk,2016-08-13,2016/17|2016-08-13|Hull|Leicester
2016/17,13/08/16,Man City,Sunderland,2,1,H,1,0,H,16,7,4,3,9,6,11,14,1,2,0,0,1.25,6.5,15.0,Football-Data.co.uk,2016-08-13,2016/17|2016-08-13|Man City|Sunderland
2016/17,13/08/16,Middlesbrough,Stoke,1,1,D,1,0,H,12,12,2,1,9,6,18,14,3,5,0,0,2.38,3.2,3.4,Football-Data.co.uk,2016-08-13,2016/17|2016-08-13|Middlesbrough|Stoke
2016/17,13/08/16,Southampton,Watford,1,1,D,0,1,A,24,5,6,1,6,2,8,12,1,2,0,1,1.8,3.75,5.0,Football-Data.co.uk,2016-08-13,2016/17|2016-08-13|Southampton|Watford
2016/17,14/08/16,Arsenal,Liverpool,3,4,A,1,1,D,9,16,5,7,5,4,13,17,3,3,0,0,2.4,3.5,3.1,Football-Data.co.uk,2016-08-14,2016/17|2016-08-14|Arsenal|Liverpool
2016/17,14/08/16,Bournemouth,Man United,1,3,A,0,1,A,9,11,3,7,4,2,7,10,0,1,0,0,4.75,3.6,1.85,Football-Data.co.uk,2016-08-14,2016/17|2016-08-14|Bournemouth|Man United
2016/17,15/08/16,Chelsea,West Ham,2,1,H,0,0,D,16,7,6,3,7,1,16,16,5,2,0,0,1.65,4.0,6.0,Football-Data.co.uk,2016-08-15,2016/17|2016-08-15|Chelsea|West Ham
2016/17,19/08/16,Man United,Southampton,2,0,H,1,0,H,12,13,5,1,4,0,11,8,0,0,0,0,1.53,4.2,7.5,Football-Data.co.uk,2016-08-19,2016/17|2016-08-19|Man United|Southampton
2016/17,20/08/16,Burnley,Liverpool,2,0,H,2,0,H,3,26,2,5,1,12,14,5,0,1,0,0,6.5,4.2,1.57,Football-Data.co.uk,2016-08-20,2016/17|2016-08-20|Burnley|Liverpool
2016/17,20/08/16,Leicester,Arsenal,0,0,D,0,0,D,8,13,1,4,2,7,11,7,1,2,0,0,2.88,3.6,2.5,Football-Data.co.uk,2016-08-20,2016/17|2016-08-20|Leicester|Arsenal
2016/17,20/08/16,Stoke,Man City,1,4,A,0,2,A,8,12,3,6,7,7,12,13,3,4,0,0,5.5,3.8,1.73,Football-Data.co.uk,2016-08-20,2016/17|2016-08-20|Stoke|Man City
2016/17,20/08/16,Swansea,Hull,0,2,A,0,0,D,13,12,3,4,8,3,7,10,0,0,0,0,1.8,3.6,5.25,Football-Data.co.uk,2016-08-20,2016/17|2016-08-20|Swansea|Hull
2016/17,20/08/16,Tottenham,Crystal Palace,1,0,H,0,0,D,20,10,5,2,10,4,19,9,3,3,0,0,1.45,4.75,8.0,Football-Data.co.uk,2016-08-20,2016/17|2016-08-20|Tottenham|Crystal Palace
2016/17,20/08/16,Watford,Chelsea,1,2,A,0,0,D,6,13,2,4,0,5,20,10,4,3,0,0,5.5,3.8,1.73,Football-Data.co.uk,2016-08-20,2016/17|2016-08-20|Watford|Chelsea
2016/17,20/08/16,West Brom,Everton,1,2,A,1,1,D,11,13,4,7,7,4,16,10,3,1,0,0,3.0,3.25,2.6,Football-Data.co.uk,2016-08-20,2016/17|2016-08-20|West Brom|Everton
2016/17,21/08/16,Sunderland,Middlesbrough,1,2,A,0,2,A,18,8,5,3,8,1,11,14,1,1,0,0,2.55,3.2,3.1,Football-Data.co.uk,2016-08-21,2016/17|2016-08-21|Sunderland|Middlesbrough
2016/17,21/08/16,West Ham,Bournemouth,1,0,H,0,0,D,15,8,2,5,1,6,15,15,3,1,0,1,1.95,3.75,4.0,Football-Data.co.uk,2016-08-21,2016/17|2016-08-21|West Ham|Bournemouth
2016/17,27/08/16,Chelsea,Burnley,3,0,H,2,0,H,22,6,10,0,9,5,6,9,2,2,0,0,1.25,5.5,15.0,Football-Data.co.uk,2016-08-27,2016/17|2016-08-27|Chelsea|Burnley
2016/17,27/08/16,Crystal Palace,Bournemouth,1,1,D,0,1,A,24,10,5,3,10,4,15,10,2,1,0,0,2.3,3.2,3.3,Football-Data.co.uk,2016-08-27,2016/17|2016-08-27|Crystal Palace|Bournemouth
2016/17,27/08/16,Everton,Stoke,1,0,H,0,0,D,21,8,9,1,9,2,14,11,2,1,0,0,1.73,3.6,5.25,Football-Data.co.uk,2016-08-27,2016/17|2016-08-27|Everton|Stoke
2016/17,27/08/16,Hull,Man United,0,1,A,0,0,D,8,29,2,9,1,6,9,6,2,3,0,0,8.0,4.1,1.44,Football-Data.co.uk,2016-08-27,2016/17|2016-08-27|Hull|Man United
2016/17,27/08/16,Leicester,Swansea,2,1,H,1,0,H,13,9,6,3,4,6,14,10,2,2,0,0,1.73,3.6,5.25,Football-Data.co.uk,2016-08-27,2016/17|2016-08-27|Leicester|Swansea
2016/17,27/08/16,Southampton,Sunderland,1,1,D,0,0,D,16,5,7,2,5,5,15,8,2,2,0,0,1.57,3.6,6.5,Football-Data.co.uk,2016-08-27,2016/17|2016-08-27|Southampton|Sunderland
2016/17,27/08/16,Tottenham,Liverpool,1,1,D,0,1,A,11,13,4,3,5,5,11,17,3,5,0,0,2.38,3.4,3.0,Football-Data.co.uk,2016-08-27,2016/17|2016-08-27|Tottenham|Liverpool
2016/17,27/08/16,Watford,Arsenal,1,3,A,0,3,A,14,10,6,7,3,2,18,15,6,1,0,0,5.0,3.75,1.73,Football-Data.co.uk,2016-08-27,2016/17|2016-08-27|Watford|Arsenal
2016/17,28/08/16,Man City,West Ham,3,1,H,2,0,H,22,9,5,2,5,4,5,10,1,3,0,0,1.25,6.0,11.0,Football-Data.co.uk,2016-08-28,2016/17|2016-08-28|Man City|West Ham
2016/17,28/08/16,West Brom,Middlesbrough,0,0,D,0,0,D,13,7,2,2,5,4,12,11,1,3,0,0,2.6,3.1,2.9,Football-Data.co.uk,2016-08-28,2016/17|2016-08-28|West Brom|Middlesbrough
2016/17,10/09/16,Arsenal,Southampton,2,1,H,1,1,D,17,11,2,5,6,1,10,8,2,5,0,0,1.57,4.2,6.5,Football-Data.co.uk,2016-09-10,2016/17|2016-09-10|Arsenal|Southampton
2016/17,10/09/16,Bournemouth,West Brom,1,0,H,0,0,D,12,12,5,2,10,5,9,11,1,3,0,0,2.05,3.25,4.33,Football-Data.co.uk,2016-09-10,2016/17|2016-09-10|Bournemouth|West Brom
2016/17,10/09/16,Burnley,Hull,1,1,D,0,0,D,13,11,2,3,5,9,13,3,2,0,0,0,2.45,3.1,3.4,Football-Data.co.uk,2016-09-10,2016/17|2016-09-10|Burnley|Hull
2016/17,10/09/16,Liverpool,Leicester,4,1,H,2,1,H,17,12,11,3,1,7,4,8,1,2,0,0,1.7,4.0,5.5,Football-Data.co.uk,2016-09-10,2016/17|2016-09-10|Liverpool|Leicester
2016/17,10/09/16,Man United,Man City,1,2,A,1,2,A,14,18,3,6,4,4,15,10,4,2,0,0,2.38,3.25,3.4,Football-Data.co.uk,2016-09-10,2016/17|2016-09-10|Man United|Man City
2016/17,10/09/16,Middlesbrough,Crystal Palace,1,2,A,1,1,D,12,12,4,4,6,6,5,9,1,2,0,0,2.3,3.2,3.6,Football-Data.co.uk,2016-09-10,2016/17|2016-09-10|Middlesbrough|Crystal Palace
2016/17,10/09/16,Stoke,Tottenham,0,4,A,0,1,A,15,20,2,8,10,8,13,18,3,2,0,0,4.6,3.75,1.85,Football-Data.co.uk,2016-09-10,2016/17|2016-09-10|Stoke|Tottenham
2016/17,10/09/16,West Ham,Watford,2,4,A,2,2,D,19,13,4,8,4,4,10,15,2,2,0,0,1.91,3.6,4.5,Football-Data.co.uk,2016-09-10,2016/17|2016-09-10|West Ham|Watford
2016/17,11/09/16,Swansea,Chelsea,2,2,D,0,1,A,6,28,2,7,1,11,17,8,3,4,0,0,5.75,4.0,1.67,Football-Data.co.uk,2016-09-11,2016/17|2016-09-11|Swansea|Chelsea
2016/17,12/09/16,Sunderland,Everton,0,3,A,0,0,D,11,20,2,9,5,4,11,8,1,1,0,0,3.8,3.5,2.1,Football-Data.co.uk,2016-09-12,2016/17|2016-09-12|Sunderland|Everton
2016/17,16/09/16,Chelsea,Liverpool,1,2,A,0,2,A,12,13,4,5,6,4,6,13,1,1,0,0,2.25,3.5,3.4,Football-Data.co.uk,2016-09-16,2016/17|2016-09-16|Chelsea|Liverpool
2016/17,17/09/16,Everton,Middlesbrough,3,1,H,3,1,H,11,7,6,0,6,3,5,15,2,1,0,0,1.67,3.8,6.0,Football-Data.co.uk,2016-09-17,2016/17|2016-09-17|Everton|Middlesbrough
2016/17,17/09/16,Hull,Arsenal,1,4,A,0,1,A,6,24,2,9,2,4,9,12,0,2,1,0,6.0,4.2,1.6,Football-Data.co.uk,2016-09-17,2016/17|2016-09-17|Hull|Arsenal
2016/17,17/09/16,Leicester,Burnley,3,0,H,1,0,H,14,7,6,2,7,1,10,9,0,1,0,0,1.5,4.33,8.0,Football-Data.co.uk,2016-09-17,2016/17|2016-09-17|Leicester|Burnley
2016/17,17/09/16,Man City,Bournemouth,4,0,H,2,0,H,20,6,12,2,5,5,8,11,1,1,1,0,1.29,6.0,12.0,Football-Data.co.uk,2016-09-17,2016/17|2016-09-17|Man City|Bournemouth
2016/17,17/09/16,West Brom,West Ham,4,2,H,3,0,H,8,23,6,5,2,6,14,6,2,1,0,0,2.8,3.2,2.8,Football-Data.co.uk,2016-09-17,2016/17|2016-09-17|West Brom|West Ham
2016/17,18/09/16,Crystal Palace,Stoke,4,1,H,2,0,H,14,11,8,4,10,5,15,9,2,1,0,0,2.0,3.5,4.2,Football-Data.co.uk,2016-09-18,2016/17|2016-09-18|Crystal Palace|Stoke
2016/17,18/09/16,Southampton,Swansea,1,0,H,0,0,D,19,9,6,3,7,1,14,9,1,1,0,0,1.7,3.8,5.75,Football-Data.co.uk,2016-09-18,2016/17|2016-09-18|Southampton|Swansea
2016/17,18/09/16,Tottenham,Sunderland,1,0,H,0,0,D,31,6,9,2,14,1,7,16,1,5,0,1,1.33,5.5,11.0,Football-Data.co.uk,2016-09-18,2016/17|2016-09-18|Tottenham|Sunderland
2016/17,18/09/16,Watford,Man United,3,1,H,1,0,H,10,15,5,2,5,7,14,19,3,4,0,0,6.0,4.2,1.62,Football-Data.co.uk,2016-09-18,2016/17|2016-09-18|Watford|Man United
2016/17,24/09/16,Arsenal,Chelsea,3,0,H,3,0,H,14,9,5,2,9,1,9,11,0,2,0,0,2.4,3.5,3.1,Football-Data.co.uk,2016-09-24,2016/17|2016-09-24|Arsenal|Chelsea
2016/17,24/09/16,Bournemouth,Everton,1,0,H,1,0,H,12,13,1,2,5,3,10,14,2,2,0,0,3.6,3.5,2.15,Football-Data.co.uk,2016-09-24,2016/17|2016-09-24|Bournemouth|Everton
2016/17,24/09/16,Liverpool,Hull,5,1,H,3,0,H,32,2,12,1,13,2,8,8,1,2,0,1,1.22,7.0,15.0,Football-Data.co.uk,2016-09-24,2016/17|2016-09-24|Liverpool|Hull
2016/17,24/09/16,Man United,Leicester,4,1,H,4,0,H,16,10,7,3,8,6,9,12,0,2,0,0,1.73,3.9,5.25,Football-Data.co.uk,2016-09-24,2016/17|2016-09-24|Man United|Leicester
2016/17,24/09/16,Middlesbrough,Tottenham,1,2,A,0,2,A,6,19,2,5,2,10,14,9,2,1,0,0,3.75,3.5,2.1,Football-Data.co.uk,2016-09-24,2016/17|2016-09-24|Middlesbrough|Tottenham
2016/17,24/09/16,Stoke,West Brom,1,1,D,0,0,D,12,9,2,3,6,6,9,13,3,4,0,0,2.38,3.3,3.3,Football-Data.co.uk,2016-09-24,2016/17|2016-09-24|Stoke|West Brom
2016/17,24/09/16,Sunderland,Crystal Palace,2,3,A,1,0,H,11,20,4,4,3,5,15,12,0,2,0,0,2.88,3.25,2.7,Football-Data.co.uk,2016-09-24,2016/17|2016-09-24|Sunderland|Crystal Palace
2016/17,24/09/16,Swansea,Man City,1,3,A,1,1,D,13,18,5,4,2,7,15,9,2,4,0,0,9.0,5.5,1.36,Football-Data.co.uk,2016-09-24,2016/17|2016-09-24|Swansea|Man City
2016/17,25/09/16,West Ham,Southampton,0,3,A,0,1,A,13,18,1,9,6,2,9,14,5,2,0,0,2.8,3.3,2.75,Football-Data.co.uk,2016-09-25,2016/17|2016-09-25|West Ham|Southampton
2016/17,26/09/16,Burnley,Watford,2,0,H,1,0,H,13,12,4,3,7,6,11,15,1,3,0,0,2.9,3.2,2.7,Football-Data.co.uk,2016-09-26,2016/17|2016-09-26|Burnley|Watford
2016/17,30/09/16,Everton,Crystal Palace,1,1,D,1,0,H,13,10,3,2,10,9,16,11,5,4,0,0,1.73,4.0,5.0,Football-Data.co.uk,2016-09-30,2016/17|2016-09-30|Everton|Crystal Palace
2016/17,01/10/16,Hull,Chelsea,0,2,A,0,0,D,8,22,3,9,5,7,13,15,2,2,0,0,7.5,4.5,1.5,Football-Data.co.uk,2016-10-01,2016/17|2016-10-01|Hull|Chelsea
2016/17,01/10/16,Sunderland,West Brom,1,1,D,0,1,A,7,17,2,7,6,5,7,13,1,3,0,0,2.5,3.25,3.2,Football-Data.co.uk,2016-10-01,2016/17|2016-10-01|Sunderland|West Brom
2016/17,01/10/16,Swansea,Liverpool,1,2,A,1,0,H,8,18,3,6,3,10,11,9,2,2,0,0,8.0,4.75,1.45,Football-Data.co.uk,2016-10-01,2016/17|2016-10-01|Swansea|Liverpool
2016/17,01/10/16,Watford,Bournemouth,2,2,D,0,1,A,17,11,7,2,4,5,17,12,3,4,0,0,2.38,3.3,3.3,Football-Data.co.uk,2016-10-01,2016/17|2016-10-01|Watford|Bournemouth
2016/17,01/10/16,West Ham,Middlesbrough,1,1,D,0,0,D,19,9,2,3,4,5,13,12,2,3,0,0,2.25,3.4,3.5,Football-Data.co.uk,2016-10-01,2016/17|2016-10-01|West Ham|Middlesbrough
2016/17,02/10/16,Burnley,Arsenal,0,1,A,0,0,D,10,18,1,3,2,6,2,3,0,0,0,0,9.0,5.0,1.4,Football-Data.co.uk,2016-10-02,2016/17|2016-10-02|Burnley|Arsenal
2016/17,02/10/16,Leicester,Southampton,0,0,D,0,0,D,9,11,1,5,3,6,9,9,1,0,0,0,2.25,3.4,3.5,Football-Data.co.uk,2016-10-02,2016/17|2016-10-02|Leicester|Southampton
2016/17,02/10/16,Man United,Stoke,1,1,D,0,0,D,24,7,9,6,13,2,14,9,3,0,0,0,1.33,5.75,10.0,Football-Data.co.uk,2016-10-02,2016/17|2016-10-02|Man United|Stoke
2016/17,02/10/16,Tottenham,Man City,2,0,H,2,0,H,13,12,7,6,4,3,20,10,2,2,0,0,3.0,3.5,2.5,Football-Data.co.uk,2016-10-02,2016/17|2016-10-02|Tottenham|Man City
2016/17,15/10/16,Arsenal,Swansea,3,2,H,2,1,H,16,13,6,6,5,6,7,10,0,1,1,0,1.29,6.5,11.0,Football-Data.co.uk,2016-10-15,2016/17|2016-10-15|Arsenal|Swansea
2016/17,15/10/16,Bournemouth,Hull,6,1,H,3,1,H,22,11,10,4,5,4,8,14,0,3,0,0,1.85,3.5,5.0,Football-Data.co.uk,2016-10-15,2016/17|2016-10-15|Bournemouth|Hull
2016/17,15/10/16,Chelsea,Leicester,3,0,H,2,0,H,16,5,6,0,8,5,6,12,1,1,0,0,1.57,4.5,6.0,Football-Data.co.uk,2016-10-15,2016/17|2016-10-15|Chelsea|Leicester
2016/17,15/10/16,Crystal Palace,West Ham,0,1,A,0,1,A,12,12,3,4,7,6,12,13,1,3,0,1,2.15,3.5,3.6,Football-Data.co.uk,2016-10-15,2016/17|2016-10-15|Crystal Palace|West Ham
2016/17,15/10/16,Man City,Everton,1,1,D,0,0,D,19,3,8,2,13,1,7,9,0,2,0,0,1.5,4.75,7.0,Football-Data.co.uk,2016-10-15,2016/17|2016-10-15|Man City|Everton
2016/17,15/10/16,Stoke,Sunderland,2,0,H,2,0,H,18,11,6,1,6,4,10,13,1,1,0,0,2.0,3.6,4.0,Football-Data.co.uk,2016-10-15,2016/17|2016-10-15|Stoke|Sunderland
2016/17,15/10/16,West Brom,Tottenham,1,1,D,0,0,D,8,20,4,8,5,8,14,10,2,2,0,0,5.5,3.8,1.73,Football-Data.co.uk,2016-10-15,2016/17|2016-10-15|West Brom|Tottenham
2016/17,16/10/16,Middlesbrough,Watford,0,1,A,0,0,D,10,4,3,2,4,6,15,10,4,1,0,0,2.25,3.3,3.6,Football-Data.co.uk,2016-10-16,2016/17|2016-10-16|Middlesbrough|Watford
2016/17,16/10/16,Southampton,Burnley,3,1,H,0,0,D,34,6,14,1,8,4,11,10,1,2,0,0,1.4,4.8,9.5,Football-Data.co.uk,2016-10-16,2016/17|2016-10-16|Southampton|Burnley
2016/17,17/10/16,Liverpool,Man United,0,0,D,0,0,D,9,7,3,1,3,1,14,20,0,4,0,0,2.2,3.5,3.5,Football-Data.co.uk,2016-10-17,2016/17|2016-10-17|Liverpool|Man United
2016/17,22/10/16,Arsenal,Middlesbrough,0,0,D,0,0,D,9,11,5,4,8,3,6,13,1,0,0,0,1.25,6.5,15.0,Football-Data.co.uk,2016-10-22,2016/17|2016-10-22|Arsenal|Middlesbrough
2016/17,22/10/16,Bournemouth,Tottenham,0,0,D,0,0,D,8,16,1,4,7,4,10,15,2,4,0,0,4.2,3.6,1.95,Football-Data.co.uk,2016-10-22,2016/17|2016-10-22|Bournemouth|Tottenham
2016/17,22/10/16,Burnley,Everton,2,1,H,1,0,H,9,20,3,8,2,8,16,15,2,3,0,0,6.0,3.8,1.67,Football-Data.co.uk,2016-10-22,2016/17|2016-10-22|Burnley|Everton
2016/17,22/10/16,Hull,Stoke,0,2,A,0,1,A,9,12,2,6,5,7,16,8,2,3,0,0,3.1,3.3,2.5,Football-Data.co.uk,2016-10-22,2016/17|2016-10-22|Hull|Stoke
2016/17,22/10/16,Leicester,Crystal Palace,3,1,H,1,0,H,17,23,4,7,8,8,10,8,0,0,0,0,2.05,3.5,3.9,Football-Data.co.uk,2016-10-22,2016/17|2016-10-22|Leicester|Crystal Palace
2016/17,22/10/16,Liverpool,West Brom,2,1,H,2,0,H,21,6,7,1,3,2,9,13,1,3,0,0,1.29,6.0,13.0,Football-Data.co.uk,2016-10-22,2016/17|2016-10-22|Liverpool|West Brom
2016/17,22/10/16,Swansea,Watford,0,0,D,0,0,D,11,10,5,2,7,2,15,16,2,1,0,0,2.38,3.3,3.3,Football-Data.co.uk,2016-10-22,2016/17|2016-10-22|Swansea|Watford
2016/17,22/10/16,West Ham,Sunderland,1,0,H,0,0,D,20,10,3,2,6,2,10,13,2,5,0,0,1.67,4.0,5.75,Football-Data.co.uk,2016-10-22,2016/17|2016-10-22|West Ham|Sunderland
2016/17,23/10/16,Chelsea,Man United,4,0,H,2,0,H,14,16,6,5,5,7,7,17,3,2,0,0,2.15,3.4,3.8,Football-Data.co.uk,2016-10-23,2016/17|2016-10-23|Chelsea|Man United
2016/17,23/10/16,Man City,Southampton,1,1,D,0,1,A,14,6,3,2,10,3,11,10,3,3,0,0,1.5,4.5,7.5,Football-Data.co.uk,2016-10-23,2016/17|2016-10-23|Man City|Southampton
2016/17,29/10/16,Crystal Palace,Liverpool,2,4,A,2,3,A,7,17,6,10,3,3,15,5,1,2,0,0,5.25,4.0,1.7,Football-Data.co.uk,2016-10-29,2016/17|2016-10-29|Crystal Palace|Liverpool
2016/17,29/10/16,Man United,Burnley,0,0,D,0,0,D,37,7,11,1,19,1,12,9,1,3,1,0,1.2,7.0,19.0,Football-Data.co.uk,2016-10-29,2016/17|2016-10-29|Man United|Burnley
2016/17,29/10/16,Middlesbrough,Bournemouth,2,0,H,1,0,H,10,15,3,3,4,7,3,5,1,1,0,0,2.5,3.2,3.2,Football-Data.co.uk,2016-10-29,2016/17|2016-10-29|Middlesbrough|Bournemouth
2016/17,29/10/16,Sunderland,Arsenal,1,4,A,0,1,A,3,21,1,7,0,8,9,13,4,3,0,0,9.0,5.0,1.4,Football-Data.co.uk,2016-10-29,2016/17|2016-10-29|Sunderland|Arsenal
2016/17,29/10/16,Tottenham,Leicester,1,1,D,1,0,H,22,6,5,1,8,1,11,20,3,4,0,0,1.62,4.2,6.0,Football-Data.co.uk,2016-10-29,2016/17|2016-10-29|Tottenham|Leicester
2016/17,29/10/16,Watford,Hull,1,0,H,0,0,D,22,8,0,2,7,2,13,8,1,2,0,0,1.75,3.75,5.25,Football-Data.co.uk,2016-10-29,2016/17|2016-10-29|Watford|Hull
2016/17,29/10/16,West Brom,Man City,0,4,A,0,2,A,9,21,1,8,1,7,17,10,4,3,0,0,8.0,4.75,1.44,Football-Data.co.uk,2016-10-29,2016/17|2016-10-29|West Brom|Man City
2016/17,30/10/16,Everton,West Ham,2,0,H,0,0,D,17,13,6,3,8,8,15,12,2,3,0,0,1.8,3.8,4.75,Football-Data.co.uk,2016-10-30,2016/17|2016-10-30|Everton|West Ham
2016/17,30/10/16,Southampton,Chelsea,0,2,A,0,1,A,9,13,1,7,7,3,13,16,0,0,0,0,3.2,3.4,2.4,Football-Data.co.uk,2016-10-30,2016/17|2016-10-30|Southampton|Chelsea
2016/17,31/10/16,Stoke,Swansea,3,1,H,1,1,D,17,14,4,6,6,4,7,14,2,0,0,0,2.05,3.6,3.8,Football-Data.co.uk,2016-10-31,2016/17|2016-10-31|Stoke|Swansea
2016/17,05/11/16,Bournemouth,Sunderland,1,2,A,1,1,D,22,9,7,4,12,2,14,17,3,2,0,1,1.65,4.2,5.5,Football-Data.co.uk,2016-11-05,2016/17|2016-11-05|Bournemouth|Sunderland
2016/17,05/11/16,Burnley,Crystal Palace,3,2,H,2,0,H,14,16,7,5,4,7,11,12,1,2,0,0,3.3,3.3,2.38,Football-Data.co.uk,2016-11-05,2016/17|2016-11-05|Burnley|Crystal Palace
2016/17,05/11/16,Chelsea,Everton,5,0,H,3,0,H,21,1,9,0,4,2,5,16,0,3,0,0,1.53,4.33,7.0,Football-Data.co.uk,2016-11-05,2016/17|2016-11-05|Chelsea|Everton
2016/17,05/11/16,Man City,Middlesbrough,1,1,D,1,0,H,25,5,7,3,8,2,7,15,1,3,0,0,1.22,7.0,15.0,Football-Data.co.uk,2016-11-05,2016/17|2016-11-05|Man City|Middlesbrough
2016/17,05/11/16,West Ham,Stoke,1,1,D,0,0,D,9,12,2,4,6,4,11,10,4,1,0,0,2.0,3.6,4.0,Football-Data.co.uk,2016-11-05,2016/17|2016-11-05|West Ham|Stoke
2016/17,06/11/16,Arsenal,Tottenham,1,1,D,1,0,H,15,10,2,3,7,2,11,17,1,2,0,0,1.95,3.6,4.2,Football-Data.co.uk,2016-11-06,2016/17|2016-11-06|Arsenal|Tottenham
2016/17,06/11/16,Hull,Southampton,2,1,H,0,1,A,6,19,2,7,1,10,13,15,0,5,0,0,5.75,3.8,1.7,Football-Data.co.uk,2016-11-06,2016/17|2016-11-06|Hull|Southampton
2016/17,06/11/16,Leicester,West Brom,1,2,A,0,0,D,5,11,2,5,5,6,8,8,0,2,0,0,1.8,3.6,5.25,Football-Data.co.uk,2016-11-06,2016/17|2016-11-06|Leicester|West Brom
2016/17,06/11/16,Liverpool,Watford,6,1,H,3,0,H,28,11,17,8,6,3,14,10,1,2,0,0,1.29,6.0,12.0,Football-Data.co.uk,2016-11-06,2016/17|2016-11-06|Liverpool|Watford
2016/17,06/11/16,Swansea,Man United,1,3,A,0,3,A,6,9,1,3,2,0,9,16,0,2,0,0,5.0,4.0,1.73,Football-Data.co.uk,2016-11-06,2016/17|2016-11-06|Swansea|Man United
2016/17,19/11/16,Crystal Palace,Man City,1,2,A,0,1,A,9,10,2,4,2,7,12,15,1,2,0,0,6.5,4.5,1.53,Football-Data.co.uk,2016-11-19,2016/17|2016-11-19|Crystal Palace|Man City
2016/17,19/11/16,Everton,Swansea,1,1,D,0,1,A,14,5,6,3,10,3,13,12,4,2,0,0,1.6,4.33,6.0,Football-Data.co.uk,2016-11-19,2016/17|2016-11-19|Everton|Swansea
2016/17,19/11/16,Man United,Arsenal,1,1,D,0,0,D,12,5,5,1,10,4,14,11,3,3,0,0,2.6,3.4,2.9,Football-Data.co.uk,2016-11-19,2016/17|2016-11-19|Man United|Arsenal
2016/17,19/11/16,Southampton,Liverpool,0,0,D,0,0,D,3,15,0,2,1,8,8,11,1,1,0,0,3.4,3.6,2.2,Football-Data.co.uk,2016-11-19,2016/17|2016-11-19|Southampton|Liverpool
2016/17,19/11/16,Stoke,Bournemouth,0,1,A,0,1,A,14,9,6,2,3,4,17,10,3,2,0,0,2.3,3.4,3.4,Football-Data.co.uk,2016-11-19,2016/17|2016-11-19|Stoke|Bournemouth
2016/17,19/11/16,Sunderland,Hull,3,0,H,1,0,H,11,17,4,7,2,8,9,8,1,0,1,0,2.15,3.4,3.8,Football-Data.co.uk,2016-11-19,2016/17|2016-11-19|Sunderland|Hull
2016/17,19/11/16,Tottenham,West Ham,3,2,H,0,1,A,14,11,6,3,4,5,13,16,3,2,0,1,1.5,4.5,7.5,Football-Data.co.uk,2016-11-19,2016/17|2016-11-19|Tottenham|West Ham
2016/17,19/11/16,Watford,Leicester,2,1,H,2,1,H,10,10,3,2,4,6,12,18,2,3,0,0,2.8,3.3,2.75,Football-Data.co.uk,2016-11-19,2016/17|2016-11-19|Watford|Leicester
2016/17,20/11/16,Middlesbrough,Chelsea,0,1,A,0,1,A,12,13,1,3,2,3,13,10,2,3,0,0,7.0,4.0,1.57,Football-Data.co.uk,2016-11-20,2016/17|2016-11-20|Middlesbrough|Chelsea
2016/17,21/11/16,West Brom,Burnley,4,0,H,3,0,H,16,5,6,2,4,3,12,12,0,0,0,0,1.95,3.4,4.5,Football-Data.co.uk,2016-11-21,2016/17|2016-11-21|West Brom|Burnley
2016/17,26/11/16,Burnley,Man City,1,2,A,1,1,D,10,21,5,5,5,8,5,15,2,3,0,0,9.0,6.0,1.33,Football-Data.co.uk,2016-11-26,2016/17|2016-11-26|Burnley|Man City
2016/17,26/11/16,Chelsea,Tottenham,2,1,H,1,1,D,9,12,5,6,3,8,13,16,2,1,0,0,1.75,3.8,5.25,Football-Data.co.uk,2016-11-26,2016/17|2016-11-26|Chelsea|Tottenham
2016/17,26/11/16,Hull,West Brom,1,1,D,0,1,A,10,11,4,2,2,6,7,10,3,2,0,0,3.1,3.2,2.6,Football-Data.co.uk,2016-11-26,2016/17|2016-11-26|Hull|West Brom
2016/17,26/11/16,Leicester,Middlesbrough,2,2,D,1,1,D,11,6,3,2,2,3,15,12,4,4,0,0,1.91,3.6,4.5,Football-Data.co.uk,2016-11-26,2016/17|2016-11-26|Leicester|Middlesbrough
2016/17,26/11/16,Liverpool,Sunderland,2,0,H,0,0,D,27,6,7,1,9,4,5,9,1,3,0,0,1.17,8.5,19.0,Football-Data.co.uk,2016-11-26,2016/17|2016-11-26|Liverpool|Sunderland
2016/17,26/11/16,Swansea,Crystal Palace,5,4,H,1,1,D,18,12,9,4,10,6,12,24,4,5,0,0,2.63,3.4,2.88,Football-Data.co.uk,2016-11-26,2016/17|2016-11-26|Swansea|Crystal Palace
2016/17,27/11/16,Arsenal,Bournemouth,3,1,H,1,1,D,16,9,3,3,3,10,12,13,3,5,0,0,1.4,5.0,9.0,Football-Data.co.uk,2016-11-27,2016/17|2016-11-27|Arsenal|Bournemouth
2016/17,27/11/16,Man United,West Ham,1,1,D,1,1,D,17,6,8,2,8,4,16,16,3,1,0,0,1.45,4.75,8.0,Football-Data.co.uk,2016-11-27,2016/17|2016-11-27|Man United|West Ham
2016/17,27/11/16,Southampton,Everton,1,0,H,1,0,H,17,13,7,1,5,2,11,15,0,2,0,0,2.2,3.4,3.6,Football-Data.co.uk,2016-11-27,2016/17|2016-11-27|Southampton|Everton
2016/17,27/11/16,Watford,Stoke,0,1,A,0,1,A,11,14,2,1,3,3,24,14,3,0,1,0,2.4,3.3,3.3,Football-Data.co.uk,2016-11-27,2016/17|2016-11-27|Watford|Stoke
2016/17,03/12/16,Crystal Palace,Southampton,3,0,H,2,0,H,9,17,4,3,4,9,11,13,3,1,0,0,3.5,3.3,2.3,Football-Data.co.uk,2016-12-03,2016/17|2016-12-03|Crystal Palace|Southampton
2016/17,03/12/16,Man City,Chelsea,1,3,A,1,0,H,14,10,5,4,9,2,14,9,2,3,2,0,2.15,3.6,3.6,Football-Data.co.uk,2016-12-03,2016/17|2016-12-03|Man City|Chelsea
2016/17,03/12/16,Stoke,Burnley,2,0,H,2,0,H,10,14,4,4,4,9,7,13,3,2,0,0,1.62,4.0,6.5,Football-Data.co.uk,2016-12-03,2016/17|2016-12-03|Stoke|Burnley
2016/17,03/12/16,Sunderland,Leicester,2,1,H,0,0,D,22,17,6,5,3,4,8,12,3,1,0,0,3.4,3.4,2.3,Football-Data.co.uk,2016-12-03,2016/17|2016-12-03|Sunderland|Leicester
2016/17,03/12/16,Tottenham,Swansea,5,0,H,2,0,H,28,1,15,0,5,0,11,17,0,4,0,0,1.36,5.5,9.0,Football-Data.co.uk,2016-12-03,2016/17|2016-12-03|Tottenham|Swansea
2016/17,03/12/16,West Brom,Watford,3,1,H,2,0,H,11,17,3,5,3,4,12,8,2,1,0,1,2.2,3.3,3.75,Football-Data.co.uk,2016-12-03,2016/17|2016-12-03|West Brom|Watford
2016/17,03/12/16,West Ham,Arsenal,1,5,A,0,1,A,10,19,3,10,3,2,10,11,3,3,0,0,4.75,4.2,1.75,Football-Data.co.uk,2016-12-03,2016/17|2016-12-03|West Ham|Arsenal
2016/17,04/12/16,Bournemouth,Liverpool,4,3,H,0,2,A,12,10,8,3,4,9,9,17,2,2,0,0,5.0,4.0,1.75,Football-Data.co.uk,2016-12-04,2016/17|2016-12-04|Bournemouth|Liverpool
2016/17,04/12/16,Everton,Man United,1,1,D,0,1,A,13,10,6,2,6,3,13,11,2,3,0,0,3.6,3.5,2.15,Football-Data.co.uk,2016-12-04,2016/17|2016-12-04|Everton|Man United
2016/17,05/12/16,Middlesbrough,Hull,1,0,H,0,0,D,16,6,4,2,13,7,6,11,1,1,0,0,1.83,3.5,5.25,Football-Data.co.uk,2016-12-05,2016/17|2016-12-05|Middlesbrough|Hull
2016/17,10/12/16,Arsenal,Stoke,3,1,H,1,1,D,21,12,6,5,7,7,9,6,0,0,0,0,1.35,5.5,9.5,Football-Data.co.uk,2016-12-10,2016/17|2016-12-10|Arsenal|Stoke
2016/17,10/12/16,Burnley,Bournemouth,3,2,H,2,1,H,16,17,7,4,4,11,14,18,2,2,0,0,3.5,3.5,2.2,Football-Data.co.uk,2016-12-10,2016/17|2016-12-10|Burnley|Bournemouth
2016/17,10/12/16,Hull,Crystal Palace,3,3,D,1,0,H,15,14,6,6,4,7,16,14,2,4,0,0,3.5,3.3,2.3,Football-Data.co.uk,2016-12-10,2016/17|2016-12-10|Hull|Crystal Palace
2016/17,10/12/16,Leicester,Man City,4,2,H,3,0,H,10,19,6,4,3,11,10,7,2,1,0,0,5.25,4.0,1.7,Football-Data.co.uk,2016-12-10,2016/17|2016-12-10|Leicester|Man City
2016/17,10/12/16,Swansea,Sunderland,3,0,H,0,0,D,14,11,5,2,7,4,10,8,1,2,0,0,2.15,3.5,3.6,Football-Data.co.uk,2016-12-10,2016/17|2016-12-10|Swansea|Sunderland
2016/17,10/12/16,Watford,Everton,3,2,H,1,1,D,11,11,6,4,2,4,11,16,2,2,0,0,3.1,3.4,2.45,Football-Data.co.uk,2016-12-10,2016/17|2016-12-10|Watford|Everton
2016/17,11/12/16,Chelsea,West Brom,1,0,H,0,0,D,12,6,2,1,3,1,6,10,2,4,0,0,1.25,6.25,15.0,Football-Data.co.uk,2016-12-11,2016/17|2016-12-11|Chelsea|West Brom
2016/17,11/12/16,Liverpool,West Ham,2,2,D,1,2,A,18,7,3,3,11,4,7,8,2,0,0,0,1.3,6.0,11.0,Football-Data.co.uk,2016-12-11,2016/17|2016-12-11|Liverpool|West Ham
2016/17,11/12/16,Man United,Tottenham,1,0,H,1,0,H,15,12,5,4,3,8,19,17,3,3,0,0,2.2,3.4,3.6,Football-Data.co.uk,2016-12-11,2016/17|2016-12-11|Man United|Tottenham
2016/17,11/12/16,Southampton,Middlesbrough,1,0,H,0,0,D,14,6,3,2,4,2,14,12,4,3,0,0,1.7,3.7,6.0,Football-Data.co.uk,2016-12-11,2016/17|2016-12-11|Southampton|Middlesbrough
2016/17,13/12/16,Bournemouth,Leicester,1,0,H,1,0,H,9,12,3,4,4,11,5,15,0,3,0,0,2.4,3.4,3.2,Football-Data.co.uk,2016-12-13,2016/17|2016-12-13|Bournemouth|Leicester
2016/17,13/12/16,Everton,Arsenal,2,1,H,1,1,D,14,9,4,3,8,3,10,10,1,1,1,0,4.2,3.75,1.91,Football-Data.co.uk,2016-12-13,2016/17|2016-12-13|Everton|Arsenal
2016/17,14/12/16,Crystal Palace,Man United,1,2,A,0,1,A,6,16,3,6,1,8,16,10,2,2,0,0,5.25,4.0,1.7,Football-Data.co.uk,2016-12-14,2016/17|2016-12-14|Crystal Palace|Man United
2016/17,14/12/16,Man City,Watford,2,0,H,1,0,H,13,5,7,2,5,2,16,20,1,2,0,0,1.29,6.5,11.0,Football-Data.co.uk,2016-12-14,2016/17|2016-12-14|Man City|Watford
2016/17,14/12/16,Middlesbrough,Liverpool,0,3,A,0,1,A,8,15,3,4,5,2,11,14,1,0,0,0,6.0,4.33,1.6,Football-Data.co.uk,2016-12-14,2016/17|2016-12-14|Middlesbrough|Liverpool
2016/17,14/12/16,Stoke,Southampton,0,0,D,0,0,D,5,15,3,4,3,11,9,10,1,2,1,0,3.1,3.3,2.5,Football-Data.co.uk,2016-12-14,2016/17|2016-12-14|Stoke|Southampton
2016/17,14/12/16,Sunderland,Chelsea,0,1,A,0,1,A,8,19,3,6,5,5,15,10,3,2,0,0,10.0,5.75,1.33,Football-Data.co.uk,2016-12-14,2016/17|2016-12-14|Sunderland|Chelsea
2016/17,14/12/16,Tottenham,Hull,3,0,H,1,0,H,27,10,9,5,5,5,6,14,0,2,0,0,1.22,7.0,15.0,Football-Data.co.uk,2016-12-14,2016/17|2016-12-14|Tottenham|Hull
2016/17,14/12/16,West Brom,Swansea,3,1,H,0,0,D,13,8,4,4,0,11,8,8,0,0,0,0,2.05,3.5,4.0,Football-Data.co.uk,2016-12-14,2016/17|2016-12-14|West Brom|Swansea
2016/17,14/12/16,West Ham,Burnley,1,0,H,1,0,H,20,8,7,2,6,1,12,15,0,2,0,0,1.67,4.0,5.75,Football-Data.co.uk,2016-12-14,2016/17|2016-12-14|West Ham|Burnley
2016/17,17/12/16,Crystal Palace,Chelsea,0,1,A,0,1,A,6,13,2,6,5,3,12,15,2,3,0,0,6.5,4.2,1.57,Football-Data.co.uk,2016-12-17,2016/17|2016-12-17|Crystal Palace|Chelsea
2016/17,17/12/16,Middlesbrough,Swansea,3,0,H,2,0,H,10,14,4,2,3,8,10,11,1,0,0,0,2.1,3.4,4.0,Football-Data.co.uk,2016-12-17,2016/17|2016-12-17|Middlesbrough|Swansea
2016/17,17/12/16,Stoke,Leicester,2,2,D,2,0,H,16,14,7,8,9,9,9,12,2,6,0,1,2.6,3.4,2.9,Football-Data.co.uk,2016-12-17,2016/17|2016-12-17|Stoke|Leicester
2016/17,17/12/16,Sunderland,Watford,1,0,H,0,0,D,12,9,4,4,4,11,10,9,1,2,0,0,2.63,3.3,2.9,Football-Data.co.uk,2016-12-17,2016/17|2016-12-17|Sunderland|Watford
2016/17,17/12/16,West Brom,Man United,0,2,A,0,1,A,10,10,1,5,2,3,9,13,3,3,0,0,5.75,3.8,1.7,Football-Data.co.uk,2016-12-17,2016/17|2016-12-17|West Brom|Man United
2016/17,17/12/16,West Ham,Hull,1,0,H,0,0,D,18,16,6,5,10,6,13,9,2,4,0,0,1.62,4.1,6.0,Football-Data.co.uk,2016-12-17,2016/17|2016-12-17|West Ham|Hull
2016/17,18/12/16,Bournemouth,Southampton,1,3,A,1,1,D,10,14,5,8,7,4,6,12,0,2,0,0,3.0,3.3,2.6,Football-Data.co.uk,2016-12-18,2016/17|2016-12-18|Bournemouth|Southampton
2016/17,18/12/16,Man City,Arsenal,2,1,H,0,1,A,14,6,5,1,8,1,9,13,4,2,0,0,2.15,3.6,3.5,Football-Data.co.uk,2016-12-18,2016/17|2016-12-18|Man City|Arsenal
2016/17,18/12/16,Tottenham,Burnley,2,1,H,1,1,D,30,5,9,2,11,2,10,11,1,2,0,0,1.22,7.0,15.0,Football-Data.co.uk,2016-12-18,2016/17|2016-12-18|Tottenham|Burnley
2016/17,19/12/16,Everton,Liverpool,0,1,A,0,0,D,6,11,1,4,1,6,13,9,3,1,0,0,4.2,3.6,1.95,Football-Data.co.uk,2016-12-19,2016/17|2016-12-19|Everton|Liverpool
2016/17,26/12/16,Arsenal,West Brom,1,0,H,0,0,D,26,3,11,1,6,5,11,7,2,1,0,0,1.33,5.5,8.5,Football-Data.co.uk,2016-12-26,2016/17|2016-12-26|Arsenal|West Brom
2016/17,26/12/16,Burnley,Middlesbrough,1,0,H,0,0,D,6,8,4,2,7,3,17,18,6,5,0,0,2.9,3.1,2.6,Football-Data.co.uk,2016-12-26,2016/17|2016-12-26|Burnley|Middlesbrough
2016/17,26/12/16,Chelsea,Bournemouth,3,0,H,1,0,H,14,7,4,3,5,5,13,14,1,1,0,0,1.36,5.0,8.5,Football-Data.co.uk,2016-12-26,2016/17|2016-12-26|Chelsea|Bournemouth
2016/17,26/12/16,Hull,Man City,0,3,A,0,0,D,10,16,3,6,4,7,11,14,1,0,0,0,10.0,5.5,1.3,Football-Data.co.uk,2016-12-26,2016/17|2016-12-26|Hull|Man City
2016/17,26/12/16,Leicester,Everton,0,2,A,0,0,D,7,8,2,3,3,4,14,7,3,0,0,0,2.5,3.3,2.9,Football-Data.co.uk,2016-12-26,2016/17|2016-12-26|Leicester|Everton
2016/17,26/12/16,Man United,Sunderland,3,1,H,1,0,H,26,7,9,4,5,5,6,9,1,1,0,0,1.22,6.5,13.0,Football-Data.co.uk,2016-12-26,2016/17|2016-12-26|Man United|Sunderland
2016/17,26/12/16,Swansea,West Ham,1,4,A,0,1,A,14,14,7,7,8,4,10,12,0,0,0,0,2.63,3.2,2.8,Football-Data.co.uk,2016-12-26,2016/17|2016-12-26|Swansea|West Ham
2016/17,26/12/16,Watford,Crystal Palace,1,1,D,0,1,A,9,10,3,4,7,3,18,17,2,4,0,0,2.5,3.3,2.9,Football-Data.co.uk,2016-12-26,2016/17|2016-12-26|Watford|Crystal Palace
2016/17,27/12/16,Liverpool,Stoke,4,1,H,2,1,H,20,6,6,2,8,2,9,6,0,1,0,0,1.3,5.5,10.0,Football-Data.co.uk,2016-12-27,2016/17|2016-12-27|Liverpool|Stoke
2016/17,28/12/16,Southampton,Tottenham,1,4,A,1,1,D,9,17,2,5,2,10,7,16,1,4,1,0,2.8,3.25,2.6,Football-Data.co.uk,2016-12-28,2016/17|2016-12-28|Southampton|Tottenham
2016/17,30/12/16,Hull,Everton,2,2,D,1,1,D,13,20,4,7,5,5,10,13,2,2,0,0,4.33,3.5,1.95,Football-Data.co.uk,2016-12-30,2016/17|2016-12-30|Hull|Everton
2016/17,31/12/16,Burnley,Sunderland,4,1,H,1,0,H,16,11,6,3,6,2,10,8,1,1,0,0,2.4,3.25,3.3,Football-Data.co.uk,2016-12-31,2016/17|2016-12-31|Burnley|Sunderland
2016/17,31/12/16,Chelsea,Stoke,4,2,H,1,0,H,18,5,7,2,8,3,12,10,3,2,0,0,1.25,6.5,14.0,Football-Data.co.uk,2016-12-31,2016/17|2016-12-31|Chelsea|Stoke
2016/17,31/12/16,Leicester,West Ham,1,0,H,1,0,H,12,25,4,5,7,7,11,8,5,3,0,0,2.1,3.6,3.7,Football-Data.co.uk,2016-12-31,2016/17|2016-12-31|Leicester|West Ham
2016/17,31/12/16,Liverpool,Man City,1,0,H,1,0,H,5,9,1,2,4,6,12,12,2,1,0,0,2.35,3.6,3.1,Football-Data.co.uk,2016-12-31,2016/17|2016-12-31|Liverpool|Man City
2016/17,31/12/16,Man United,Middlesbrough,2,1,H,0,0,D,32,9,12,2,12,2,9,14,1,1,0,0,1.25,6.0,16.0,Football-Data.co.uk,2016-12-31,2016/17|2016-12-31|Man United|Middlesbrough
2016/17,31/12/16,Southampton,West Brom,1,2,A,1,1,D,10,7,1,3,8,3,13,17,1,3,1,0,1.75,3.7,5.5,Football-Data.co.uk,2016-12-31,2016/17|2016-12-31|Southampton|West Brom
2016/17,31/12/16,Swansea,Bournemouth,0,3,A,0,2,A,14,11,5,6,4,3,14,9,2,0,0,0,2.9,3.4,2.6,Football-Data.co.uk,2016-12-31,2016/17|2016-12-31|Swansea|Bournemouth
2016/17,01/01/17,Arsenal,Crystal Palace,2,0,H,1,0,H,22,7,7,4,8,4,9,7,1,1,0,0,1.29,5.5,9.5,Football-Data.co.uk,2017-01-01,2016/17|2017-01-01|Arsenal|Crystal Palace
2016/17,01/01/17,Watford,Tottenham,1,4,A,0,3,A,6,19,2,6,0,3,11,6,3,0,0,0,5.5,3.75,1.62,Football-Data.co.uk,2017-01-01,2016/17|2017-01-01|Watford|Tottenham
2016/17,02/01/17,Everton,Southampton,3,0,H,0,0,D,17,12,6,3,10,8,5,14,0,1,0,0,2.2,3.4,3.6,Football-Data.co.uk,2017-01-02,2016/17|2017-01-02|Everton|Southampton
2016/17,02/01/17,Man City,Burnley,2,1,H,0,0,D,14,11,3,3,8,8,11,11,4,3,1,0,1.17,8.5,19.0,Football-Data.co.uk,2017-01-02,2016/17|2017-01-02|Man City|Burnley
2016/17,02/01/17,Middlesbrough,Leicester,0,0,D,0,0,D,9,10,1,4,2,2,10,9,3,0,0,0,2.75,3.2,2.88,Football-Data.co.uk,2017-01-02,2016/17|2017-01-02|Middlesbrough|Leicester
2016/17,02/01/17,Sunderland,Liverpool,2,2,D,1,1,D,10,21,5,15,2,5,10,10,2,3,0,0,11.0,5.5,1.33,Football-Data.co.uk,2017-01-02,2016/17|2017-01-02|Sunderland|Liverpool
2016/17,02/01/17,West Brom,Hull,3,1,H,0,1,A,8,17,5,6,7,9,5,4,0,0,0,0,1.75,3.7,5.5,Football-Data.co.uk,2017-01-02,2016/17|2017-01-02|West Brom|Hull
2016/17,02/01/17,West Ham,Man United,0,2,A,0,0,D,8,13,2,6,2,1,9,13,1,2,1,0,6.0,4.0,1.65,Football-Data.co.uk,2017-01-02,2016/17|2017-01-02|West Ham|Man United
2016/17,03/01/17,Bournemouth,Arsenal,3,3,D,2,0,H,12,14,6,4,4,7,10,12,3,3,1,0,4.33,3.4,1.85,Football-Data.co.uk,2017-01-03,2016/17|2017-01-03|Bournemouth|Arsenal
2016/17,03/01/17,Crystal Palace,Swansea,1,2,A,0,1,A,7,11,3,4,4,5,13,14,2,1,0,0,1.75,3.5,4.75,Football-Data.co.uk,2017-01-03,2016/17|2017-01-03|Crystal Palace|Swansea
2016/17,03/01/17,Stoke,Watford,2,0,H,1,0,H,17,9,5,2,7,6,10,15,1,2,0,0,1.8,3.5,4.5,Football-Data.co.uk,2017-01-03,2016/17|2017-01-03|Stoke|Watford
2016/17,04/01/17,Tottenham,Chelsea,2,0,H,1,0,H,9,11,2,2,1,6,9,8,3,2,0,0,2.63,3.25,2.63,Football-Data.co.uk,2017-01-04,2016/17|2017-01-04|Tottenham|Chelsea
2016/17,14/01/17,Burnley,Southampton,1,0,H,0,0,D,9,20,3,5,2,7,14,14,1,2,0,0,3.6,3.4,2.2,Football-Data.co.uk,2017-01-14,2016/17|2017-01-14|Burnley|Southampton
2016/17,14/01/17,Hull,Bournemouth,3,1,H,1,1,D,14,8,3,6,4,5,13,11,0,1,0,0,3.3,3.5,2.3,Football-Data.co.uk,2017-01-14,2016/17|2017-01-14|Hull|Bournemouth
2016/17,14/01/17,Leicester,Chelsea,0,3,A,0,1,A,7,8,2,3,3,5,8,9,1,0,0,0,6.0,4.1,1.62,Football-Data.co.uk,2017-01-14,2016/17|2017-01-14|Leicester|Chelsea
2016/17,14/01/17,Sunderland,Stoke,1,3,A,1,3,A,14,14,3,6,5,2,16,11,3,1,0,0,3.1,3.3,2.5,Football-Data.co.uk,2017-01-14,2016/17|2017-01-14|Sunderland|Stoke
2016/17,14/01/17,Swansea,Arsenal,0,4,A,0,1,A,12,14,3,6,3,2,12,8,2,0,0,0,7.0,4.75,1.5,Football-Data.co.uk,2017-01-14,2016/17|2017-01-14|Swansea|Arsenal
2016/17,14/01/17,Tottenham,West Brom,4,0,H,2,0,H,21,3,11,0,8,0,11,12,0,2,0,0,1.33,5.5,11.0,Football-Data.co.uk,2017-01-14,2016/17|2017-01-14|Tottenham|West Brom
2016/17,14/01/17,Watford,Middlesbrough,0,0,D,0,0,D,12,5,5,1,3,1,15,15,3,1,0,0,2.5,3.2,3.2,Football-Data.co.uk,2017-01-14,2016/17|2017-01-14|Watford|Middlesbrough
2016/17,14/01/17,West Ham,Crystal Palace,3,0,H,0,0,D,14,10,3,1,2,2,10,14,4,2,0,0,2.38,3.4,3.2,Football-Data.co.uk,2017-01-14,2016/17|2017-01-14|West Ham|Crystal Palace
2016/17,15/01/17,Everton,Man City,4,0,H,1,0,H,6,13,4,5,3,6,17,7,2,2,0,0,4.5,4.0,1.8,Football-Data.co.uk,2017-01-15,2016/17|2017-01-15|Everton|Man City
2016/17,15/01/17,Man United,Liverpool,1,1,D,0,1,A,9,13,3,4,5,7,17,13,1,3,0,0,2.15,3.4,3.75,Football-Data.co.uk,2017-01-15,2016/17|2017-01-15|Man United|Liverpool
2016/17,21/01/17,Bournemouth,Watford,2,2,D,0,1,A,15,10,5,3,9,4,6,16,1,1,0,0,1.83,3.75,4.75,Football-Data.co.uk,2017-01-21,2016/17|2017-01-21|Bournemouth|Watford
2016/17,21/01/17,Crystal Palace,Everton,0,1,A,0,0,D,8,16,2,8,8,7,10,15,0,1,0,0,3.25,3.4,2.38,Football-Data.co.uk,2017-01-21,2016/17|2017-01-21|Crystal Palace|Everton
2016/17,21/01/17,Liverpool,Swansea,2,3,A,0,0,D,16,6,5,3,6,3,7,7,1,1,0,0,1.22,7.0,15.0,Football-Data.co.uk,2017-01-21,2016/17|2017-01-21|Liverpool|Swansea
2016/17,21/01/17,Man City,Tottenham,2,2,D,0,0,D,17,6,7,2,5,4,10,7,2,4,0,0,2.15,3.5,3.6,Football-Data.co.uk,2017-01-21,2016/17|2017-01-21|Man City|Tottenham
2016/17,21/01/17,Middlesbrough,West Ham,1,3,A,1,2,A,11,13,2,5,7,5,7,14,2,1,0,0,2.5,3.2,3.25,Football-Data.co.uk,2017-01-21,2016/17|2017-01-21|Middlesbrough|West Ham
2016/17,21/01/17,Stoke,Man United,1,1,D,1,0,H,6,25,1,8,1,7,12,13,4,0,0,0,6.0,4.2,1.6,Football-Data.co.uk,2017-01-21,2016/17|2017-01-21|Stoke|Man United
2016/17,21/01/17,West Brom,Sunderland,2,0,H,2,0,H,14,9,5,3,1,4,15,12,1,1,0,0,1.7,3.8,5.75,Football-Data.co.uk,2017-01-21,2016/17|2017-01-21|West Brom|Sunderland
2016/17,22/01/17,Arsenal,Burnley,2,1,H,0,0,D,24,13,8,7,10,4,12,11,1,3,1,0,1.2,7.5,17.0,Football-Data.co.uk,2017-01-22,2016/17|2017-01-22|Arsenal|Burnley
2016/17,22/01/17,Chelsea,Hull,2,0,H,1,0,H,9,9,5,4,9,7,12,10,1,3,0,0,1.18,8.0,19.0,Football-Data.co.uk,2017-01-22,2016/17|2017-01-22|Chelsea|Hull
2016/17,22/01/17,Southampton,Leicester,3,0,H,2,0,H,20,11,7,2,7,2,8,10,0,1,0,0,1.83,3.5,5.25,Football-Data.co.uk,2017-01-22,2016/17|2017-01-22|Southampton|Leicester
2016/17,31/01/17,Arsenal,Watford,1,2,A,0,2,A,20,10,5,6,9,5,12,15,3,3,0,0,1.22,7.0,15.0,Football-Data.co.uk,2017-01-31,2016/17|2017-01-31|Arsenal|Watford
2016/17,31/01/17,Bournemouth,Crystal Palace,0,2,A,0,0,D,10,11,2,4,2,3,14,23,0,4,0,0,2.05,3.5,3.9,Football-Data.co.uk,2017-01-31,2016/17|2017-01-31|Bournemouth|Crystal Palace
2016/17,31/01/17,Burnley,Leicester,1,0,H,0,0,D,24,13,3,5,10,2,4,8,1,0,0,0,2.9,3.25,2.7,Football-Data.co.uk,2017-01-31,2016/17|2017-01-31|Burnley|Leicester
2016/17,31/01/17,Liverpool,Chelsea,1,1,D,0,1,A,7,8,3,2,3,3,13,8,2,1,0,0,2.65,3.25,2.9,Football-Data.co.uk,2017-01-31,2016/17|2017-01-31|Liverpool|Chelsea
2016/17,31/01/17,Middlesbrough,West Brom,1,1,D,1,1,D,11,16,3,5,4,2,12,13,2,1,0,0,2.7,3.1,3.0,Football-Data.co.uk,2017-01-31,2016/17|2017-01-31|Middlesbrough|West Brom
2016/17,31/01/17,Sunderland,Tottenham,0,0,D,0,0,D,3,14,1,3,2,12,9,13,2,1,0,0,9.5,5.25,1.36,Football-Data.co.uk,2017-01-31,2016/17|2017-01-31|Sunderland|Tottenham
2016/17,31/01/17,Swansea,Southampton,2,1,H,1,0,H,11,10,5,2,5,4,10,19,2,0,0,0,3.4,3.4,2.3,Football-Data.co.uk,2017-01-31,2016/17|2017-01-31|Swansea|Southampton
2016/17,01/02/17,Man United,Hull,0,0,D,0,0,D,15,6,6,2,7,1,20,16,1,4,0,0,1.2,7.5,17.0,Football-Data.co.uk,2017-02-01,2016/17|2017-02-01|Man United|Hull
2016/17,01/02/17,Stoke,Everton,1,1,D,1,1,D,14,14,7,5,5,5,21,12,1,0,0,0,2.88,3.4,2.63,Football-Data.co.uk,2017-02-01,2016/17|2017-02-01|Stoke|Everton
2016/17,01/02/17,West Ham,Man City,0,4,A,0,3,A,6,11,1,4,2,4,11,14,3,3,0,0,6.0,4.5,1.57,Football-Data.co.uk,2017-02-01,2016/17|2017-02-01|West Ham|Man City
2016/17,04/02/17,Chelsea,Arsenal,3,1,H,1,0,H,13,9,6,5,10,13,14,8,1,1,0,0,1.95,3.6,4.2,Football-Data.co.uk,2017-02-04,2016/17|2017-02-04|Chelsea|Arsenal
2016/17,04/02/17,Crystal Palace,Sunderland,0,4,A,0,4,A,21,10,9,7,6,1,8,8,3,3,0,0,1.7,3.9,5.5,Football-Data.co.uk,2017-02-04,2016/17|2017-02-04|Crystal Palace|Sunderland
2016/17,04/02/17,Everton,Bournemouth,6,3,H,3,0,H,15,18,10,8,4,8,14,4,3,1,0,0,1.7,4.0,5.25,Football-Data.co.uk,2017-02-04,2016/17|2017-02-04|Everton|Bournemouth
2016/17,04/02/17,Hull,Liverpool,2,0,H,1,0,H,7,22,4,5,1,15,9,12,2,1,0,0,8.0,4.75,1.45,Football-Data.co.uk,2017-02-04,2016/17|2017-02-04|Hull|Liverpool
2016/17,04/02/17,Southampton,West Ham,1,3,A,1,2,A,21,6,7,4,3,2,12,15,0,2,0,0,1.85,3.75,4.5,Football-Data.co.uk,2017-02-04,2016/17|2017-02-04|Southampton|West Ham
2016/17,04/02/17,Tottenham,Middlesbrough,1,0,H,0,0,D,17,8,5,0,11,2,8,11,0,1,0,0,1.29,6.0,13.0,Football-Data.co.uk,2017-02-04,2016/17|2017-02-04|Tottenham|Middlesbrough
2016/17,04/02/17,Watford,Burnley,2,1,H,2,0,H,16,11,7,7,3,6,12,10,5,0,0,1,2.15,3.3,3.9,Football-Data.co.uk,2017-02-04,2016/17|2017-02-04|Watford|Burnley
2016/17,04/02/17,West Brom,Stoke,1,0,H,1,0,H,16,12,4,2,5,6,6,13,2,2,0,0,2.3,3.25,3.5,Football-Data.co.uk,2017-02-04,2016/17|2017-02-04|West Brom|Stoke
2016/17,05/02/17,Leicester,Man United,0,3,A,0,2,A,11,15,1,9,10,3,12,13,2,4,0,0,5.75,4.0,1.65,Football-Data.co.uk,2017-02-05,2016/17|2017-02-05|Leicester|Man United
2016/17,05/02/17,Man City,Swansea,2,1,H,1,0,H,17,4,5,2,10,3,9,13,2,3,0,0,1.22,7.0,15.0,Football-Data.co.uk,2017-02-05,2016/17|2017-02-05|Man City|Swansea
2016/17,11/02/17,Arsenal,Hull,2,0,H,1,0,H,17,9,7,4,3,8,12,9,3,1,0,1,1.29,6.0,13.0,Football-Data.co.uk,2017-02-11,2016/17|2017-02-11|Arsenal|Hull
2016/17,11/02/17,Liverpool,Tottenham,2,0,H,2,0,H,17,7,9,2,10,3,14,14,3,4,0,0,2.3,3.4,3.4,Football-Data.co.uk,2017-02-11,2016/17|2017-02-11|Liverpool|Tottenham
2016/17,11/02/17,Man United,Watford,2,0,H,1,0,H,22,9,11,3,5,1,10,12,1,0,0,0,1.25,6.5,14.0,Football-Data.co.uk,2017-02-11,2016/17|2017-02-11|Man United|Watford
2016/17,11/02/17,Middlesbrough,Everton,0,0,D,0,0,D,9,7,3,3,5,2,14,9,2,0,0,0,3.9,3.3,2.15,Football-Data.co.uk,2017-02-11,2016/17|2017-02-11|Middlesbrough|Everton
2016/17,11/02/17,Stoke,Crystal Palace,1,0,H,0,0,D,7,6,4,1,5,5,10,14,1,3,0,0,2.15,3.3,3.9,Football-Data.co.uk,2017-02-11,2016/17|2017-02-11|Stoke|Crystal Palace
2016/17,11/02/17,Sunderland,Southampton,0,4,A,0,2,A,6,15,1,8,6,2,12,14,1,0,0,0,3.9,3.4,2.1,Football-Data.co.uk,2017-02-11,2016/17|2017-02-11|Sunderland|Southampton
2016/17,11/02/17,West Ham,West Brom,2,2,D,0,1,A,16,8,4,3,7,5,7,14,3,2,0,0,2.25,3.3,3.6,Football-Data.co.uk,2017-02-11,2016/17|2017-02-11|West Ham|West Brom
2016/17,12/02/17,Burnley,Chelsea,1,1,D,1,1,D,6,13,4,2,1,1,12,11,3,2,0,0,9.0,5.0,1.4,Football-Data.co.uk,2017-02-12,2016/17|2017-02-12|Burnley|Chelsea
2016/17,12/02/17,Swansea,Leicester,2,0,H,2,0,H,10,9,4,1,7,3,7,14,2,2,0,0,2.4,3.3,3.25,Football-Data.co.uk,2017-02-12,2016/17|2017-02-12|Swansea|Leicester
2016/17,13/02/17,Bournemouth,Man City,0,2,A,0,1,A,5,17,1,5,3,7,8,11,2,3,0,0,7.5,5.0,1.44,Football-Data.co.uk,2017-02-13,2016/17|2017-02-13|Bournemouth|Man City
2016/17,25/02/17,Chelsea,Swansea,3,1,H,1,1,D,16,3,5,2,8,1,11,14,1,3,0,0,1.25,6.5,15.0,Football-Data.co.uk,2017-02-25,2016/17|2017-02-25|Chelsea|Swansea
2016/17,25/02/17,Crystal Palace,Middlesbrough,1,0,H,1,0,H,15,11,3,4,4,2,13,15,3,1,0,0,2.1,3.2,4.2,Football-Data.co.uk,2017-02-25,2016/17|2017-02-25|Crystal Palace|Middlesbrough
2016/17,25/02/17,Everton,Sunderland,2,0,H,1,0,H,20,10,8,1,10,6,10,16,0,2,0,0,1.4,5.25,8.5,Football-Data.co.uk,2017-02-25,2016/17|2017-02-25|Everton|Sunderland
2016/17,25/02/17,Hull,Burnley,1,1,D,0,0,D,15,10,1,3,6,3,8,13,1,1,0,1,2.15,3.3,3.9,Football-Data.co.uk,2017-02-25,2016/17|2017-02-25|Hull|Burnley
2016/17,25/02/17,Watford,West Ham,1,1,D,1,0,H,9,13,1,2,4,6,18,14,4,1,0,1,2.63,3.3,2.9,Football-Data.co.uk,2017-02-25,2016/17|2017-02-25|Watford|West Ham
2016/17,25/02/17,West Brom,Bournemouth,2,1,H,2,1,H,13,12,4,4,8,6,12,5,2,0,0,0,2.1,3.4,4.0,Football-Data.co.uk,2017-02-25,2016/17|2017-02-25|West Brom|Bournemouth
2016/17,26/02/17,Tottenham,Stoke,4,0,H,4,0,H,21,5,9,3,8,5,11,14,2,3,0,0,1.44,5.0,7.5,Football-Data.co.uk,2017-02-26,2016/17|2017-02-26|Tottenham|Stoke
2016/17,27/02/17,Leicester,Liverpool,3,1,H,2,0,H,13,17,7,7,5,12,8,5,0,0,0,0,5.5,4.2,1.65,Football-Data.co.uk,2017-02-27,2016/17|2017-02-27|Leicester|Liverpool
2016/17,04/03/17,Leicester,Hull,3,1,H,1,1,D,17,10,5,4,10,4,12,13,1,1,0,0,1.85,3.6,4.75,Football-Data.co.uk,2017-03-04,2016/17|2017-03-04|Leicester|Hull
2016/17,04/03/17,Liverpool,Arsenal,3,1,H,2,0,H,18,7,7,3,9,3,8,15,1,2,0,0,2.15,3.6,3.6,Football-Data.co.uk,2017-03-04,2016/17|2017-03-04|Liverpool|Arsenal
2016/17,04/03/17,Man United,Bournemouth,1,1,D,1,1,D,20,3,7,1,15,2,9,11,3,2,0,1,1.25,6.5,15.0,Football-Data.co.uk,2017-03-04,2016/17|2017-03-04|Man United|Bournemouth
2016/17,04/03/17,Stoke,Middlesbrough,2,0,H,2,0,H,13,8,8,2,6,1,16,20,1,2,0,0,1.95,3.4,4.5,Football-Data.co.uk,2017-03-04,2016/17|2017-03-04|Stoke|Middlesbrough
2016/17,04/03/17,Swansea,Burnley,3,2,H,1,1,D,23,6,10,4,9,2,7,13,2,2,0,0,2.0,3.5,4.2,Football-Data.co.uk,2017-03-04,2016/17|2017-03-04|Swansea|Burnley
2016/17,04/03/17,Watford,Southampton,3,4,A,1,2,A,16,20,4,11,6,5,16,9,3,2,0,0,3.6,3.4,2.2,Football-Data.co.uk,2017-03-04,2016/17|2017-03-04|Watford|Southampton
2016/17,04/03/17,West Brom,Crystal Palace,0,2,A,0,0,D,11,10,1,4,5,5,8,12,0,1,0,0,2.2,3.3,3.8,Football-Data.co.uk,2017-03-04,2016/17|2017-03-04|West Brom|Crystal Palace
2016/17,05/03/17,Sunderland,Man City,0,2,A,0,1,A,11,14,3,7,6,4,11,4,1,0,0,0,11.0,6.5,1.29,Football-Data.co.uk,2017-03-05,2016/17|2017-03-05|Sunderland|Man City
2016/17,05/03/17,Tottenham,Everton,3,2,H,1,0,H,20,8,7,4,7,2,9,14,1,2,0,0,1.67,4.2,5.25,Football-Data.co.uk,2017-03-05,2016/17|2017-03-05|Tottenham|Everton
2016/17,06/03/17,West Ham,Chelsea,1,2,A,0,1,A,11,9,2,4,6,4,8,8,0,1,0,0,6.0,4.1,1.62,Football-Data.co.uk,2017-03-06,2016/17|2017-03-06|West Ham|Chelsea
2016/17,08/03/17,Man City,Stoke,0,0,D,0,0,D,12,5,1,2,8,1,8,11,1,3,0,0,1.25,6.5,15.0,Football-Data.co.uk,2017-03-08,2016/17|2017-03-08|Man City|Stoke
2016/17,11/03/17,Bournemouth,West Ham,3,2,H,1,1,D,21,15,9,7,5,6,20,15,4,2,0,0,2.6,3.5,2.8,Football-Data.co.uk,2017-03-11,2016/17|2017-03-11|Bournemouth|West Ham
2016/17,11/03/17,Everton,West Brom,3,0,H,2,0,H,16,5,5,2,4,6,8,12,1,2,0,0,1.67,3.8,6.0,Football-Data.co.uk,2017-03-11,2016/17|2017-03-11|Everton|West Brom
2016/17,11/03/17,Hull,Swansea,2,1,H,0,0,D,15,11,7,3,2,7,14,5,3,1,0,0,2.55,3.3,3.0,Football-Data.co.uk,2017-03-11,2016/17|2017-03-11|Hull|Swansea
2016/17,12/03/17,Liverpool,Burnley,2,1,H,1,1,D,10,11,3,1,11,1,12,16,2,2,0,0,1.25,6.5,14.0,Football-Data.co.uk,2017-03-12,2016/17|2017-03-12|Liverpool|Burnley
2016/17,18/03/17,Bournemouth,Swansea,2,0,H,1,0,H,12,10,6,1,2,4,10,9,0,2,0,0,2.15,3.5,3.6,Football-Data.co.uk,2017-03-18,2016/17|2017-03-18|Bournemouth|Swansea
2016/17,18/03/17,Crystal Palace,Watford,1,0,H,0,0,D,7,6,0,2,3,2,8,15,0,2,0,0,1.91,3.5,4.75,Football-Data.co.uk,2017-03-18,2016/17|2017-03-18|Crystal Palace|Watford
2016/17,18/03/17,Everton,Hull,4,0,H,1,0,H,14,6,8,0,5,8,9,7,2,0,0,1,1.53,4.33,7.0,Football-Data.co.uk,2017-03-18,2016/17|2017-03-18|Everton|Hull
2016/17,18/03/17,Stoke,Chelsea,1,2,A,1,1,D,5,20,1,7,5,11,16,11,4,2,1,0,6.5,4.0,1.62,Football-Data.co.uk,2017-03-18,2016/17|2017-03-18|Stoke|Chelsea
2016/17,18/03/17,Sunderland,Burnley,0,0,D,0,0,D,14,17,5,3,3,5,14,7,2,1,0,0,2.55,3.3,3.0,Football-Data.co.uk,2017-03-18,2016/17|2017-03-18|Sunderland|Burnley
2016/17,18/03/17,West Brom,Arsenal,3,1,H,1,1,D,12,11,8,2,4,5,5,6,1,0,0,0,5.25,4.0,1.73,Football-Data.co.uk,2017-03-18,2016/17|2017-03-18|West Brom|Arsenal
2016/17,18/03/17,West Ham,Leicester,2,3,A,1,3,A,20,11,7,5,6,5,10,14,0,1,0,0,2.3,3.5,3.3,Football-Data.co.uk,2017-03-18,2016/17|2017-03-18|West Ham|Leicester
2016/17,19/03/17,Man City,Liverpool,1,1,D,0,0,D,13,13,3,4,9,8,14,7,3,3,0,0,2.0,3.75,3.8,Football-Data.co.uk,2017-03-19,2016/17|2017-03-19|Man City|Liverpool
2016/17,19/03/17,Middlesbrough,Man United,1,3,A,0,1,A,10,14,3,6,8,3,9,8,1,1,0,0,6.0,3.7,1.7,Football-Data.co.uk,2017-03-19,2016/17|2017-03-19|Middlesbrough|Man United
2016/17,19/03/17,Tottenham,Southampton,2,1,H,2,0,H,12,8,6,3,5,1,12,13,3,3,0,0,1.73,3.8,5.5,Football-Data.co.uk,2017-03-19,2016/17|2017-03-19|Tottenham|Southampton
2016/17,01/04/17,Burnley,Tottenham,0,2,A,0,0,D,13,19,2,7,3,7,9,6,2,0,0,0,5.75,3.8,1.7,Football-Data.co.uk,2017-04-01,2016/17|2017-04-01|Burnley|Tottenham
2016/17,01/04/17,Chelsea,Crystal Palace,1,2,A,1,2,A,24,8,11,3,9,3,12,14,3,2,0,0,1.3,5.75,12.0,Football-Data.co.uk,2017-04-01,2016/17|2017-04-01|Chelsea|Crystal Palace
2016/17,01/04/17,Hull,West Ham,2,1,H,0,1,A,7,12,3,4,5,5,16,9,2,2,0,0,2.45,3.4,3.1,Football-Data.co.uk,2017-04-01,2016/17|2017-04-01|Hull|West Ham
2016/17,01/04/17,Leicester,Stoke,2,0,H,1,0,H,23,10,10,2,10,4,7,11,1,4,0,0,2.05,3.5,4.0,Football-Data.co.uk,2017-04-01,2016/17|2017-04-01|Leicester|Stoke
2016/17,01/04/17,Liverpool,Everton,3,1,H,2,1,H,10,9,6,4,2,3,17,10,1,3,0,0,1.73,3.9,5.25,Football-Data.co.uk,2017-04-01,2016/17|2017-04-01|Liverpool|Everton
2016/17,01/04/17,Man United,West Brom,0,0,D,0,0,D,18,3,3,1,6,1,15,13,3,3,0,0,1.36,5.0,11.0,Football-Data.co.uk,2017-04-01,2016/17|2017-04-01|Man United|West Brom
2016/17,01/04/17,Southampton,Bournemouth,0,0,D,0,0,D,14,12,4,3,6,3,14,8,1,0,0,0,1.65,4.0,6.0,Football-Data.co.uk,2017-04-01,2016/17|2017-04-01|Southampton|Bournemouth
2016/17,01/04/17,Watford,Sunderland,1,0,H,0,0,D,23,11,10,3,13,9,12,8,1,3,0,0,1.85,3.6,4.75,Football-Data.co.uk,2017-04-01,2016/17|2017-04-01|Watford|Sunderland
2016/17,02/04/17,Arsenal,Man City,2,2,D,1,2,A,8,14,3,5,3,8,8,15,3,2,0,0,3.1,3.75,2.3,Football-Data.co.uk,2017-04-02,2016/17|2017-04-02|Arsenal|Man City
2016/17,02/04/17,Swansea,Middlesbrough,0,0,D,0,0,D,15,8,3,1,11,3,9,16,2,3,0,0,2.0,3.4,4.33,Football-Data.co.uk,2017-04-02,2016/17|2017-04-02|Swansea|Middlesbrough
2016/17,04/04/17,Burnley,Stoke,1,0,H,0,0,D,7,15,3,2,3,5,9,16,3,2,0,0,2.5,3.1,3.3,Football-Data.co.uk,2017-04-04,2016/17|2017-04-04|Burnley|Stoke
2016/17,04/04/17,Leicester,Sunderland,2,0,H,0,0,D,19,15,8,3,5,6,12,13,0,1,0,0,1.45,4.5,8.5,Football-Data.co.uk,2017-04-04,2016/17|2017-04-04|Leicester|Sunderland
2016/17,04/04/17,Man United,Everton,1,1,D,0,1,A,18,11,3,4,6,5,10,18,1,4,0,1,1.57,4.2,6.5,Football-Data.co.uk,2017-04-04,2016/17|2017-04-04|Man United|Everton
2016/17,04/04/17,Watford,West Brom,2,0,H,1,0,H,9,18,2,2,5,6,11,14,1,4,1,0,2.5,3.2,3.2,Football-Data.co.uk,2017-04-04,2016/17|2017-04-04|Watford|West Brom
2016/17,05/04/17,Arsenal,West Ham,3,0,H,0,0,D,21,7,8,2,5,0,11,5,2,2,0,0,1.4,5.25,8.0,Football-Data.co.uk,2017-04-05,2016/17|2017-04-05|Arsenal|West Ham
2016/17,05/04/17,Chelsea,Man City,2,1,H,2,1,H,10,17,4,7,2,9,10,14,1,3,0,0,2.4,3.5,3.1,Football-Data.co.uk,2017-04-05,2016/17|2017-04-05|Chelsea|Man City
2016/17,05/04/17,Hull,Middlesbrough,4,2,H,3,2,H,17,12,5,4,8,4,13,12,2,1,0,0,2.05,3.3,4.2,Football-Data.co.uk,2017-04-05,2016/17|2017-04-05|Hull|Middlesbrough
2016/17,05/04/17,Liverpool,Bournemouth,2,2,D,1,1,D,20,7,8,2,7,2,11,8,1,1,0,0,1.36,5.25,9.5,Football-Data.co.uk,2017-04-05,2016/17|2017-04-05|Liverpool|Bournemouth
2016/17,05/04/17,Southampton,Crystal Palace,3,1,H,1,1,D,25,17,9,3,11,11,16,11,2,1,0,0,1.83,3.7,4.75,Football-Data.co.uk,2017-04-05,2016/17|2017-04-05|Southampton|Crystal Palace
2016/17,05/04/17,Swansea,Tottenham,1,3,A,1,0,H,4,18,1,8,5,7,7,8,1,1,0,0,5.0,4.0,1.73,Football-Data.co.uk,2017-04-05,2016/17|2017-04-05|Swansea|Tottenham
2016/17,08/04/17,Bournemouth,Chelsea,1,3,A,1,2,A,12,15,1,5,4,4,7,11,2,3,0,0,6.5,4.0,1.6,Football-Data.co.uk,2017-04-08,2016/17|2017-04-08|Bournemouth|Chelsea
2016/17,08/04/17,Man City,Hull,3,1,H,1,0,H,23,6,7,1,7,3,6,8,0,2,0,0,1.2,7.5,17.0,Football-Data.co.uk,2017-04-08,2016/17|2017-04-08|Man City|Hull
2016/17,08/04/17,Middlesbrough,Burnley,0,0,D,0,0,D,12,7,5,2,4,3,9,12,0,3,0,0,2.45,3.1,3.4,Football-Data.co.uk,2017-04-08,2016/17|2017-04-08|Middlesbrough|Burnley
2016/17,08/04/17,Stoke,Liverpool,1,2,A,1,0,H,9,14,4,4,5,8,7,11,0,2,0,0,4.0,3.75,1.95,Football-Data.co.uk,2017-04-08,2016/17|2017-04-08|Stoke|Liverpool
2016/17,08/04/17,Tottenham,Watford,4,0,H,3,0,H,19,8,6,2,7,5,12,12,0,1,0,0,1.25,6.5,15.0,Football-Data.co.uk,2017-04-08,2016/17|2017-04-08|Tottenham|Watford
2016/17,08/04/17,West Brom,Southampton,0,1,A,0,1,A,17,10,6,3,7,3,12,12,2,2,0,0,3.0,3.3,2.55,Football-Data.co.uk,2017-04-08,2016/17|2017-04-08|West Brom|Southampton
2016/17,08/04/17,West Ham,Swansea,1,0,H,1,0,H,14,4,6,1,4,3,12,12,5,1,0,0,2.1,3.6,3.7,Football-Data.co.uk,2017-04-08,2016/17|2017-04-08|West Ham|Swansea
2016/17,09/04/17,Everton,Leicester,4,2,H,3,2,H,12,6,7,4,4,6,8,15,2,2,0,0,1.75,3.9,5.0,Football-Data.co.uk,2017-04-09,2016/17|2017-04-09|Everton|Leicester
2016/17,09/04/17,Sunderland,Man United,0,3,A,0,1,A,9,18,4,9,4,5,14,20,1,5,1,0,10.0,5.25,1.36,Football-Data.co.uk,2017-04-09,2016/17|2017-04-09|Sunderland|Man United
2016/17,10/04/17,Crystal Palace,Arsenal,3,0,H,1,0,H,17,11,6,3,5,8,11,10,0,1,0,0,4.5,3.9,1.83,Football-Data.co.uk,2017-04-10,2016/17|2017-04-10|Crystal Palace|Arsenal
2016/17,15/04/17,Crystal Palace,Leicester,2,2,D,0,1,A,15,6,4,2,8,5,10,16,0,2,0,0,1.73,3.6,4.75,Football-Data.co.uk,2017-04-15,2016/17|2017-04-15|Crystal Palace|Leicester
2016/17,15/04/17,Everton,Burnley,3,1,H,0,0,D,29,13,7,6,6,7,15,14,2,0,0,0,1.4,4.5,8.0,Football-Data.co.uk,2017-04-15,2016/17|2017-04-15|Everton|Burnley
2016/17,15/04/17,Southampton,Man City,0,3,A,0,0,D,8,18,1,5,3,8,9,8,3,0,0,0,4.33,4.0,1.73,Football-Data.co.uk,2017-04-15,2016/17|2017-04-15|Southampton|Man City
2016/17,15/04/17,Stoke,Hull,3,1,H,1,0,H,14,14,4,3,3,7,12,5,0,2,0,0,1.95,3.3,4.0,Football-Data.co.uk,2017-04-15,2016/17|2017-04-15|Stoke|Hull
2016/17,15/04/17,Sunderland,West Ham,2,2,D,1,1,D,14,7,4,3,8,1,14,10,1,0,0,1,3.3,3.25,2.2,Football-Data.co.uk,2017-04-15,2016/17|2017-04-15|Sunderland|West Ham
2016/17,15/04/17,Tottenham,Bournemouth,4,0,H,2,0,H,24,5,14,1,13,1,8,10,0,1,0,0,1.25,6.0,10.0,Football-Data.co.uk,2017-04-15,2016/17|2017-04-15|Tottenham|Bournemouth
2016/17,15/04/17,Watford,Swansea,1,0,H,1,0,H,15,13,7,4,6,2,8,13,0,0,0,0,2.4,3.3,2.9,Football-Data.co.uk,2017-04-15,2016/17|2017-04-15|Watford|Swansea
2016/17,16/04/17,Man United,Chelsea,2,0,H,1,0,H,9,5,3,0,1,3,16,20,3,3,0,0,2.55,3.2,2.8,Football-Data.co.uk,2017-04-16,2016/17|2017-04-16|Man United|Chelsea
2016/17,16/04/17,West Brom,Liverpool,0,1,A,0,1,A,7,15,2,2,4,4,15,9,3,1,0,0,4.0,3.8,1.8,Football-Data.co.uk,2017-04-16,2016/17|2017-04-16|West Brom|Liverpool
2016/17,17/04/17,Middlesbrough,Arsenal,1,2,A,0,1,A,13,12,5,4,2,4,11,16,2,2,0,0,7.0,4.0,1.5,Football-Data.co.uk,2017-04-17,2016/17|2017-04-17|Middlesbrough|Arsenal
2016/17,22/04/17,Bournemouth,Middlesbrough,4,0,H,2,0,H,20,5,10,2,4,3,4,14,0,2,0,1,1.85,3.75,4.5,Football-Data.co.uk,2017-04-22,2016/17|2017-04-22|Bournemouth|Middlesbrough
2016/17,22/04/17,Hull,Watford,2,0,H,0,0,D,8,13,3,2,4,7,10,11,3,1,1,0,1.91,3.7,4.33,Football-Data.co.uk,2017-04-22,2016/17|2017-04-22|Hull|Watford
2016/17,22/04/17,Swansea,Stoke,2,0,H,1,0,H,10,9,6,3,11,4,5,14,2,2,0,0,2.2,3.4,3.6,Football-Data.co.uk,2017-04-22,2016/17|2017-04-22|Swansea|Stoke
2016/17,22/04/17,West Ham,Everton,0,0,D,0,0,D,15,4,3,0,8,4,9,15,2,3,0,0,3.3,3.6,2.25,Football-Data.co.uk,2017-04-22,2016/17|2017-04-22|West Ham|Everton
2016/17,23/04/17,Burnley,Man United,0,2,A,0,2,A,8,12,0,6,3,3,17,16,2,1,0,0,5.75,4.0,1.67,Football-Data.co.uk,2017-04-23,2016/17|2017-04-23|Burnley|Man United
2016/17,23/04/17,Liverpool,Crystal Palace,1,2,A,1,1,D,14,7,1,3,4,3,8,10,1,2,0,0,1.5,4.75,7.0,Football-Data.co.uk,2017-04-23,2016/17|2017-04-23|Liverpool|Crystal Palace
2016/17,25/04/17,Chelsea,Southampton,4,2,H,2,1,H,17,12,7,4,6,7,13,9,2,2,0,0,1.45,4.6,8.5,Football-Data.co.uk,2017-04-25,2016/17|2017-04-25|Chelsea|Southampton
2016/17,26/04/17,Arsenal,Leicester,1,0,H,0,0,D,12,7,5,3,12,1,9,13,2,4,0,0,1.6,4.5,5.75,Football-Data.co.uk,2017-04-26,2016/17|2017-04-26|Arsenal|Leicester
2016/17,26/04/17,Crystal Palace,Tottenham,0,1,A,0,0,D,6,18,1,4,2,11,13,15,3,3,0,0,5.5,4.2,1.65,Football-Data.co.uk,2017-04-26,2016/17|2017-04-26|Crystal Palace|Tottenham
2016/17,26/04/17,Middlesbrough,Sunderland,1,0,H,1,0,H,6,10,2,4,3,5,15,11,3,3,0,0,2.3,3.4,3.4,Football-Data.co.uk,2017-04-26,2016/17|2017-04-26|Middlesbrough|Sunderland
2016/17,27/04/17,Man City,Man United,0,0,D,0,0,D,19,3,6,1,7,4,10,8,1,0,0,1,1.91,3.75,4.2,Football-Data.co.uk,2017-04-27,2016/17|2017-04-27|Man City|Man United
2016/17,29/04/17,Crystal Palace,Burnley,0,2,A,0,1,A,15,9,5,3,14,4,11,12,2,0,0,0,1.75,3.5,4.75,Football-Data.co.uk,2017-04-29,2016/17|2017-04-29|Crystal Palace|Burnley
2016/17,29/04/17,Southampton,Hull,0,0,D,0,0,D,11,9,2,1,6,6,9,13,0,3,0,0,1.6,3.75,5.75,Football-Data.co.uk,2017-04-29,2016/17|2017-04-29|Southampton|Hull
2016/17,29/04/17,Stoke,West Ham,0,0,D,0,0,D,19,12,4,4,5,3,12,3,1,0,0,0,2.0,3.5,3.6,Football-Data.co.uk,2017-04-29,2016/17|2017-04-29|Stoke|West Ham
2016/17,29/04/17,Sunderland,Bournemouth,0,1,A,0,0,D,17,15,5,7,6,5,13,9,3,2,0,0,3.0,3.4,2.3,Football-Data.co.uk,2017-04-29,2016/17|2017-04-29|Sunderland|Bournemouth
2016/17,29/04/17,West Brom,Leicester,0,1,A,0,1,A,16,6,4,1,5,6,14,9,2,2,0,0,2.4,3.5,2.75,Football-Data.co.uk,2017-04-29,2016/17|2017-04-29|West Brom|Leicester
2016/17,30/04/17,Everton,Chelsea,0,3,A,0,0,D,12,11,4,5,2,4,13,11,3,4,0,0,3.5,3.6,2.0,Football-Data.co.uk,2017-04-30,2016/17|2017-04-30|Everton|Chelsea
2016/17,30/04/17,Man United,Swansea,1,1,D,1,0,H,12,12,6,4,5,2,11,13,2,2,0,0,1.36,4.75,8.0,Football-Data.co.uk,2017-04-30,2016/17|2017-04-30|Man United|Swansea
2016/17,30/04/17,Middlesbrough,Man City,2,2,D,1,0,H,14,22,6,4,4,11,9,9,4,4,0,0,13.0,5.25,1.25,Football-Data.co.uk,2017-04-30,2016/17|2017-04-30|Middlesbrough|Man City
2016/17,30/04/17,Tottenham,Arsenal,2,0,H,0,0,D,20,12,11,4,14,5,7,15,1,3,0,0,1.85,3.75,4.0,Football-Data.co.uk,2017-04-30,2016/17|2017-04-30|Tottenham|Arsenal
2016/17,01/05/17,Watford,Liverpool,0,1,A,0,1,A,9,12,2,8,3,5,11,9,3,1,0,0,5.75,4.5,1.5,Football-Data.co.uk,2017-05-01,2016/17|2017-05-01|Watford|Liverpool
2016/17,05/05/17,West Ham,Tottenham,1,0,H,0,0,D,13,11,5,5,3,7,8,9,4,2,0,0,8.5,5.25,1.4,Football-Data.co.uk,2017-05-05,2016/17|2017-05-05|West Ham|Tottenham
2016/17,06/05/17,Bournemouth,Stoke,2,2,D,0,1,A,12,14,2,3,0,7,10,15,2,0,0,0,2.25,3.6,3.3,Football-Data.co.uk,2017-05-06,2016/17|2017-05-06|Bournemouth|Stoke
2016/17,06/05/17,Burnley,West Brom,2,2,D,0,0,D,14,11,4,3,5,8,9,14,1,3,0,0,2.25,3.3,3.6,Football-Data.co.uk,2017-05-06,2016/17|2017-05-06|Burnley|West Brom
2016/17,06/05/17,Hull,Sunderland,0,2,A,0,0,D,16,12,6,5,7,4,10,8,3,1,0,0,1.44,4.75,8.0,Football-Data.co.uk,2017-05-06,2016/17|2017-05-06|Hull|Sunderland
2016/17,06/05/17,Leicester,Watford,3,0,H,1,0,H,11,14,5,7,10,1,8,10,0,0,0,0,1.57,4.2,6.5,Football-Data.co.uk,2017-05-06,2016/17|2017-05-06|Leicester|Watford
2016/17,06/05/17,Man City,Crystal Palace,5,0,H,1,0,H,26,5,12,2,9,3,12,8,1,3,0,0,1.29,6.5,11.0,Football-Data.co.uk,2017-05-06,2016/17|2017-05-06|Man City|Crystal Palace
2016/17,06/05/17,Swansea,Everton,1,0,H,1,0,H,9,8,4,2,9,5,5,13,0,0,0,0,2.8,3.5,2.63,Football-Data.co.uk,2017-05-06,2016/17|2017-05-06|Swansea|Everton
2016/17,07/05/17,Arsenal,Man United,2,0,H,0,0,D,9,10,4,4,5,9,14,10,1,0,0,0,1.91,3.7,4.33,Football-Data.co.uk,2017-05-07,2016/17|2017-05-07|Arsenal|Man United
2016/17,07/05/17,Liverpool,Southampton,0,0,D,0,0,D,17,4,8,0,3,6,9,4,1,3,0,0,1.62,4.2,6.0,Football-Data.co.uk,2017-05-07,2016/17|2017-05-07|Liverpool|Southampton
2016/17,08/05/17,Chelsea,Middlesbrough,3,0,H,2,0,H,21,2,7,1,8,1,8,21,0,2,0,0,1.17,9.0,19.0,Football-Data.co.uk,2017-05-08,2016/17|2017-05-08|Chelsea|Middlesbrough
2016/17,10/05/17,Southampton,Arsenal,0,2,A,0,0,D,14,11,3,4,8,5,5,5,1,2,0,0,3.6,3.8,2.05,Football-Data.co.uk,2017-05-10,2016/17|2017-05-10|Southampton|Arsenal
2016/17,12/05/17,Everton,Watford,1,0,H,0,0,D,15,14,6,2,9,8,7,11,0,3,0,0,1.5,4.5,7.5,Football-Data.co.uk,2017-05-12,2016/17|2017-05-12|Everton|Watford
2016/17,12/05/17,West Brom,Chelsea,0,1,A,0,0,D,7,24,2,5,5,8,13,8,3,0,0,0,10.0,5.25,1.36,Football-Data.co.uk,2017-05-12,2016/17|2017-05-12|West Brom|Chelsea
2016/17,13/05/17,Bournemouth,Burnley,2,1,H,1,0,H,18,14,6,3,7,1,6,11,0,1,0,0,1.91,3.75,4.2,Football-Data.co.uk,2017-05-13,2016/17|2017-05-13|Bournemouth|Burnley
2016/17,13/05/17,Man City,Leicester,2,1,H,2,1,H,17,9,5,4,9,3,12,16,3,3,0,0,1.25,7.0,12.0,Football-Data.co.uk,2017-05-13,2016/17|2017-05-13|Man City|Leicester
2016/17,13/05/17,Middlesbrough,Southampton,1,2,A,0,1,A,14,14,3,4,6,3,19,11,3,0,0,0,4.0,3.6,2.0,Football-Data.co.uk,2017-05-13,2016/17|2017-05-13|Middlesbrough|Southampton
2016/17,13/05/17,Stoke,Arsenal,1,4,A,0,1,A,10,10,4,6,7,6,13,7,1,2,0,0,4.75,4.1,1.75,Football-Data.co.uk,2017-05-13,2016/17|2017-05-13|Stoke|Arsenal
2016/17,13/05/17,Sunderland,Swansea,0,2,A,0,2,A,13,3,4,3,8,4,13,6,4,0,0,0,4.2,3.8,1.91,Football-Data.co.uk,2017-05-13,2016/17|2017-05-13|Sunderland|Swansea
2016/17,14/05/17,Crystal Palace,Hull,4,0,H,2,0,H,12,9,4,0,3,7,13,14,3,5,0,0,2.1,3.6,3.75,Football-Data.co.uk,2017-05-14,2016/17|2017-05-14|Crystal Palace|Hull
2016/17,14/05/17,Tottenham,Man United,2,1,H,1,0,H,14,8,7,2,8,3,14,15,1,2,0,0,1.73,3.9,5.25,Football-Data.co.uk,2017-05-14,2016/17|2017-05-14|Tottenham|Man United
2016/17,14/05/17,West Ham,Liverpool,0,4,A,0,1,A,10,26,3,11,4,6,5,10,2,0,0,0,5.25,4.0,1.7,Football-Data.co.uk,2017-05-14,2016/17|2017-05-14|West Ham|Liverpool
2016/17,15/05/17,Chelsea,Watford,4,3,H,2,1,H,24,9,9,3,8,3,7,12,2,4,0,1,1.25,6.75,13.0,Football-Data.co.uk,2017-05-15,2016/17|2017-05-15|Chelsea|Watford
2016/17,16/05/17,Arsenal,Sunderland,2,0,H,0,0,D,36,6,13,2,17,3,15,10,4,2,0,0,1.09,13.0,29.0,Football-Data.co.uk,2017-05-16,2016/17|2017-05-16|Arsenal|Sunderland
2016/17,16/05/17,Man City,West Brom,3,1,H,2,0,H,21,5,10,2,7,1,8,11,1,2,0,0,1.14,9.0,23.0,Football-Data.co.uk,2017-05-16,2016/17|2017-05-16|Man City|West Brom
2016/17,17/05/17,Southampton,Man United,0,0,D,0,0,D,17,11,6,1,7,3,7,10,2,1,0,0,2.75,3.3,2.8,Football-Data.co.uk,2017-05-17,2016/17|2017-05-17|Southampton|Man United
2016/17,18/05/17,Leicester,Tottenham,1,6,A,0,2,A,12,26,5,12,4,4,11,8,3,1,0,0,4.5,3.8,1.85,Football-Data.co.uk,2017-05-18,2016/17|2017-05-18|Leicester|Tottenham
2016/17,21/05/17,Arsenal,Everton,3,1,H,2,0,H,17,22,9,7,4,6,10,15,2,4,1,0,1.45,5.0,7.5,Football-Data.co.uk,2017-05-21,2016/17|2017-05-21|Arsenal|Everton
2016/17,21/05/17,Burnley,West Ham,1,2,A,1,1,D,9,14,1,4,2,5,11,14,2,2,0,0,2.45,3.5,3.0,Football-Data.co.uk,2017-05-21,2016/17|2017-05-21|Burnley|West Ham
2016/17,21/05/17,Chelsea,Sunderland,5,1,H,1,1,D,28,7,8,3,11,1,8,15,1,1,0,0,1.14,9.0,23.0,Football-Data.co.uk,2017-05-21,2016/17|2017-05-21|Chelsea|Sunderland
2016/17,21/05/17,Hull,Tottenham,1,7,A,0,3,A,10,19,4,14,2,3,14,5,0,0,0,0,7.0,4.75,1.5,Football-Data.co.uk,2017-05-21,2016/17|2017-05-21|Hull|Tottenham
2016/17,21/05/17,Leicester,Bournemouth,1,1,D,0,1,A,21,10,5,4,9,1,11,10,4,1,0,0,2.0,3.6,4.0,Football-Data.co.uk,2017-05-21,2016/17|2017-05-21|Leicester|Bournemouth
2016/17,21/05/17,Liverpool,Middlesbrough,3,0,H,1,0,H,25,9,10,3,3,3,13,8,0,1,0,0,1.14,9.0,23.0,Football-Data.co.uk,2017-05-21,2016/17|2017-05-21|Liverpool|Middlesbrough
2016/17,21/05/17,Man United,Crystal Palace,2,0,H,2,0,H,9,6,2,1,3,6,16,10,2,0,0,0,2.5,3.3,3.1,Football-Data.co.uk,2017-05-21,2016/17|2017-05-21|Man United|Crystal Palace
2016/17,21/05/17,Southampton,Stoke,0,1,A,0,0,D,14,14,6,3,4,10,12,10,2,4,0,0,1.8,3.8,4.75,Football-Data.co.uk,2017-05-21,2016/17|2017-05-21|Southampton|Stoke
2016/17,21/05/17,Swansea,West Brom,2,1,H,0,1,A,12,16,2,5,7,4,8,10,1,1,0,0,2.1,3.5,3.75,Football-Data.co.uk,2017-05-21,2016/17|2017-05-21|Swansea|West Brom
2016/17,21/05/17,Watford,Man City,0,5,A,0,4,A,6,15,3,9,4,5,12,10,1,0,0,0,11.0,6.0,1.3,Football-Data.co.uk,2017-05-21,2016/17|2017-05-21|Watford|Man City
2017/18,11/08/2017,Arsenal,Leicester,4,3,H,2,2,D,27,6,10,3,9,4,9,12,0,1,0,0,1.53,4.5,6.5,Football-Data.co.uk,2017-08-11,2017/18|2017-08-11|Arsenal|Leicester
2017/18,12/08/2017,Brighton,Man City,0,2,A,0,0,D,6,14,2,4,3,10,6,9,0,2,0,0,11.0,5.5,1.33,Football-Data.co.uk,2017-08-12,2017/18|2017-08-12|Brighton|Man City
2017/18,12/08/2017,Chelsea,Burnley,2,3,A,0,3,A,19,10,6,5,8,5,16,11,3,3,2,0,1.25,6.5,15.0,Football-Data.co.uk,2017-08-12,2017/18|2017-08-12|Chelsea|Burnley
2017/18,12/08/2017,Crystal Palace,Huddersfield,0,3,A,0,2,A,14,8,4,6,12,9,7,19,1,3,0,0,1.83,3.6,5.0,Football-Data.co.uk,2017-08-12,2017/18|2017-08-12|Crystal Palace|Huddersfield
2017/18,12/08/2017,Everton,Stoke,1,0,H,1,0,H,9,9,4,1,6,7,13,10,1,1,0,0,1.7,3.8,5.75,Football-Data.co.uk,2017-08-12,2017/18|2017-08-12|Everton|Stoke
2017/18,12/08/2017,Southampton,Swansea,0,0,D,0,0,D,29,4,2,0,13,0,10,13,2,1,0,0,1.62,4.0,6.5,Football-Data.co.uk,2017-08-12,2017/18|2017-08-12|Southampton|Swansea
2017/18,12/08/2017,Watford,Liverpool,3,3,D,2,1,H,9,14,4,5,3,3,14,8,0,3,0,0,6.0,4.2,1.62,Football-Data.co.uk,2017-08-12,2017/18|2017-08-12|Watford|Liverpool
2017/18,12/08/2017,West Brom,Bournemouth,1,0,H,1,0,H,16,9,6,2,8,2,15,3,3,1,0,0,2.4,3.3,3.3,Football-Data.co.uk,2017-08-12,2017/18|2017-08-12|West Brom|Bournemouth
2017/18,13/08/2017,Man United,West Ham,4,0,H,1,0,H,22,9,6,1,11,1,19,7,2,2,0,0,1.3,5.75,12.0,Football-Data.co.uk,2017-08-13,2017/18|2017-08-13|Man United|West Ham
2017/18,13/08/2017,Newcastle,Tottenham,0,2,A,0,0,D,6,18,3,6,5,7,6,10,1,2,1,0,5.5,4.0,1.7,Football-Data.co.uk,2017-08-13,2017/18|2017-08-13|Newcastle|Tottenham
2017/18,19/08/2017,Bournemouth,Watford,0,2,A,0,0,D,6,19,2,7,8,5,6,14,1,3,0,0,2.0,3.6,4.0,Football-Data.co.uk,2017-08-19,2017/18|2017-08-19|Bournemouth|Watford
2017/18,19/08/2017,Burnley,West Brom,0,1,A,0,0,D,20,8,0,1,5,5,11,11,1,0,0,1,2.63,3.2,3.0,Football-Data.co.uk,2017-08-19,2017/18|2017-08-19|Burnley|West Brom
2017/18,19/08/2017,Leicester,Brighton,2,0,H,1,0,H,14,5,4,2,6,2,8,10,1,0,0,0,1.73,3.8,5.5,Football-Data.co.uk,2017-08-19,2017/18|2017-08-19|Leicester|Brighton
2017/18,19/08/2017,Liverpool,Crystal Palace,1,0,H,0,0,D,23,4,13,1,4,2,12,13,1,3,0,0,1.36,5.25,9.5,Football-Data.co.uk,2017-08-19,2017/18|2017-08-19|Liverpool|Crystal Palace
2017/18,19/08/2017,Southampton,West Ham,3,2,H,2,1,H,14,16,5,8,7,2,18,10,1,1,0,1,1.75,3.8,5.25,Football-Data.co.uk,2017-08-19,2017/18|2017-08-19|Southampton|West Ham
2017/18,19/08/2017,Stoke,Arsenal,1,0,H,0,0,D,11,18,4,6,2,9,6,11,0,0,0,0,4.5,3.8,1.85,Football-Data.co.uk,2017-08-19,2017/18|2017-08-19|Stoke|Arsenal
2017/18,19/08/2017,Swansea,Man United,0,4,A,0,1,A,6,17,1,8,3,5,12,11,1,1,0,0,11.0,5.0,1.36,Football-Data.co.uk,2017-08-19,2017/18|2017-08-19|Swansea|Man United
2017/18,20/08/2017,Huddersfield,Newcastle,1,0,H,0,0,D,7,13,3,5,7,3,13,10,3,4,0,0,2.5,3.25,3.2,Football-Data.co.uk,2017-08-20,2017/18|2017-08-20|Huddersfield|Newcastle
2017/18,20/08/2017,Tottenham,Chelsea,1,2,A,0,1,A,18,9,6,2,14,3,14,21,3,3,0,0,2.1,3.6,3.75,Football-Data.co.uk,2017-08-20,2017/18|2017-08-20|Tottenham|Chelsea
2017/18,21/08/2017,Man City,Everton,1,1,D,0,1,A,19,7,6,2,7,1,7,9,1,2,1,1,1.33,5.75,10.0,Football-Data.co.uk,2017-08-21,2017/18|2017-08-21|Man City|Everton
2017/18,26/08/2017,Bournemouth,Man City,1,2,A,1,1,D,9,19,3,8,2,5,13,14,5,4,0,1,11.0,6.0,1.3,Football-Data.co.uk,2017-08-26,2017/18|2017-08-26|Bournemouth|Man City
2017/18,26/08/2017,Crystal Palace,Swansea,0,2,A,0,1,A,16,7,3,3,1,1,9,6,4,1,0,0,1.95,3.5,4.33,Football-Data.co.uk,2017-08-26,2017/18|2017-08-26|Crystal Palace|Swansea
2017/18,26/08/2017,Huddersfield,Southampton,0,0,D,0,0,D,16,6,6,3,5,4,10,10,0,1,0,0,3.9,3.4,2.1,Football-Data.co.uk,2017-08-26,2017/18|2017-08-26|Huddersfield|Southampton
2017/18,26/08/2017,Man United,Leicester,2,0,H,0,0,D,22,11,7,4,9,3,8,7,1,2,0,0,1.33,5.5,11.0,Football-Data.co.uk,2017-08-26,2017/18|2017-08-26|Man United|Leicester
2017/18,26/08/2017,Newcastle,West Ham,3,0,H,1,0,H,16,8,8,3,7,5,17,11,1,3,0,0,2.3,3.4,3.4,Football-Data.co.uk,2017-08-26,2017/18|2017-08-26|Newcastle|West Ham
2017/18,26/08/2017,Watford,Brighton,0,0,D,0,0,D,8,16,0,2,3,11,7,18,0,1,1,0,1.91,3.4,4.0,Football-Data.co.uk,2017-08-26,2017/18|2017-08-26|Watford|Brighton
2017/18,27/08/2017,Chelsea,Everton,2,0,H,2,0,H,18,7,7,0,6,3,12,7,2,2,0,0,1.45,4.5,8.5,Football-Data.co.uk,2017-08-27,2017/18|2017-08-27|Chelsea|Everton
2017/18,27/08/2017,Liverpool,Arsenal,4,0,H,2,0,H,18,8,10,0,4,3,6,9,2,4,0,0,2.15,3.7,3.5,Football-Data.co.uk,2017-08-27,2017/18|2017-08-27|Liverpool|Arsenal
2017/18,27/08/2017,Tottenham,Burnley,1,1,D,0,0,D,28,13,5,3,10,7,9,9,0,0,0,0,1.25,6.5,15.0,Football-Data.co.uk,2017-08-27,2017/18|2017-08-27|Tottenham|Burnley
2017/18,27/08/2017,West Brom,Stoke,1,1,D,0,0,D,10,16,2,2,10,4,10,9,2,2,0,0,2.4,3.1,3.5,Football-Data.co.uk,2017-08-27,2017/18|2017-08-27|West Brom|Stoke
2017/18,09/09/2017,Arsenal,Bournemouth,3,0,H,2,0,H,17,7,9,2,10,3,14,10,0,1,0,0,1.36,5.5,9.0,Football-Data.co.uk,2017-09-09,2017/18|2017-09-09|Arsenal|Bournemouth
2017/18,09/09/2017,Brighton,West Brom,3,1,H,1,0,H,12,12,6,3,2,6,9,4,2,0,0,0,2.7,3.1,3.0,Football-Data.co.uk,2017-09-09,2017/18|2017-09-09|Brighton|West Brom
2017/18,09/09/2017,Everton,Tottenham,0,3,A,0,2,A,12,15,1,6,7,3,14,14,3,1,0,0,3.8,3.5,2.1,Football-Data.co.uk,2017-09-09,2017/18|2017-09-09|Everton|Tottenham
2017/18,09/09/2017,Leicester,Chelsea,1,2,A,0,1,A,8,16,2,6,2,9,11,8,1,0,0,0,4.75,3.9,1.8,Football-Data.co.uk,2017-09-09,2017/18|2017-09-09|Leicester|Chelsea
2017/18,09/09/2017,Man City,Liverpool,5,0,H,2,0,H,13,10,7,3,8,3,10,9,2,2,0,1,1.85,4.0,4.2,Football-Data.co.uk,2017-09-09,2017/18|2017-09-09|Man City|Liverpool
2017/18,09/09/2017,Southampton,Watford,0,2,A,0,1,A,9,12,1,3,7,4,8,11,0,0,0,0,1.65,4.0,6.0,Football-Data.co.uk,2017-09-09,2017/18|2017-09-09|Southampton|Watford
2017/18,09/09/2017,Stoke,Man United,2,2,D,1,1,D,10,18,5,8,5,11,10,10,0,0,0,0,7.5,4.5,1.5,Football-Data.co.uk,2017-09-09,2017/18|2017-09-09|Stoke|Man United
2017/18,10/09/2017,Burnley,Crystal Palace,1,0,H,1,0,H,4,23,2,5,3,13,7,14,1,1,0,0,2.3,3.25,3.5,Football-Data.co.uk,2017-09-10,2017/18|2017-09-10|Burnley|Crystal Palace
2017/18,10/09/2017,Swansea,Newcastle,0,1,A,0,0,D,10,16,4,8,7,5,11,15,2,3,0,0,2.4,3.25,3.3,Football-Data.co.uk,2017-09-10,2017/18|2017-09-10|Swansea|Newcastle
2017/18,11/09/2017,West Ham,Huddersfield,2,0,H,0,0,D,19,10,3,2,10,3,11,14,1,2,0,0,1.95,3.5,4.5,Football-Data.co.uk,2017-09-11,2017/18|2017-09-11|West Ham|Huddersfield
2017/18,15/09/2017,Bournemouth,Brighton,2,1,H,0,0,D,15,9,3,2,6,4,5,12,0,0,0,0,2.15,3.4,3.8,Football-Data.co.uk,2017-09-15,2017/18|2017-09-15|Bournemouth|Brighton
2017/18,16/09/2017,Crystal Palace,Southampton,0,1,A,0,1,A,14,13,3,4,5,5,14,13,5,1,0,0,3.0,3.3,2.6,Football-Data.co.uk,2017-09-16,2017/18|2017-09-16|Crystal Palace|Southampton
2017/18,16/09/2017,Huddersfield,Leicester,1,1,D,0,0,D,15,10,3,1,8,4,6,6,1,1,0,0,3.5,3.4,2.25,Football-Data.co.uk,2017-09-16,2017/18|2017-09-16|Huddersfield|Leicester
2017/18,16/09/2017,Liverpool,Burnley,1,1,D,1,1,D,35,5,9,4,12,2,7,9,1,2,0,0,1.29,6.0,13.0,Football-Data.co.uk,2017-09-16,2017/18|2017-09-16|Liverpool|Burnley
2017/18,16/09/2017,Newcastle,Stoke,2,1,H,1,0,H,14,13,3,4,7,5,13,11,3,1,0,0,2.38,3.25,3.4,Football-Data.co.uk,2017-09-16,2017/18|2017-09-16|Newcastle|Stoke
2017/18,16/09/2017,Tottenham,Swansea,0,0,D,0,0,D,26,4,8,0,11,1,11,9,1,3,0,0,1.22,7.0,15.0,Football-Data.co.uk,2017-09-16,2017/18|2017-09-16|Tottenham|Swansea
2017/18,16/09/2017,Watford,Man City,0,6,A,0,3,A,7,28,1,10,3,11,8,6,2,0,0,0,9.0,6.0,1.33,Football-Data.co.uk,2017-09-16,2017/18|2017-09-16|Watford|Man City
2017/18,16/09/2017,West Brom,West Ham,0,0,D,0,0,D,6,9,1,1,2,3,15,7,2,2,0,0,2.38,3.25,3.4,Football-Data.co.uk,2017-09-16,2017/18|2017-09-16|West Brom|West Ham
2017/18,17/09/2017,Chelsea,Arsenal,0,0,D,0,0,D,13,11,4,2,5,1,11,15,1,3,1,0,1.8,4.0,4.5,Football-Data.co.uk,2017-09-17,2017/18|2017-09-17|Chelsea|Arsenal
2017/18,17/09/2017,Man United,Everton,4,0,H,1,0,H,16,7,7,3,4,1,15,14,1,1,0,0,1.36,5.25,10.0,Football-Data.co.uk,2017-09-17,2017/18|2017-09-17|Man United|Everton
2017/18,23/09/2017,Burnley,Huddersfield,0,0,D,0,0,D,5,9,3,2,3,4,9,13,3,2,0,0,2.15,3.25,3.9,Football-Data.co.uk,2017-09-23,2017/18|2017-09-23|Burnley|Huddersfield
2017/18,23/09/2017,Everton,Bournemouth,2,1,H,0,0,D,12,8,4,4,4,6,12,11,3,1,0,0,1.65,4.0,5.75,Football-Data.co.uk,2017-09-23,2017/18|2017-09-23|Everton|Bournemouth
2017/18,23/09/2017,Leicester,Liverpool,2,3,A,1,2,A,12,23,7,6,3,6,13,14,3,3,0,0,4.1,3.9,1.91,Football-Data.co.uk,2017-09-23,2017/18|2017-09-23|Leicester|Liverpool
2017/18,23/09/2017,Man City,Crystal Palace,5,0,H,1,0,H,25,5,9,0,8,2,6,7,3,1,0,0,1.14,10.0,21.0,Football-Data.co.uk,2017-09-23,2017/18|2017-09-23|Man City|Crystal Palace
2017/18,23/09/2017,Southampton,Man United,0,1,A,0,1,A,14,9,4,4,8,4,12,9,1,4,0,0,5.5,3.8,1.73,Football-Data.co.uk,2017-09-23,2017/18|2017-09-23|Southampton|Man United
2017/18,23/09/2017,Stoke,Chelsea,0,4,A,0,2,A,13,7,2,4,5,0,5,14,2,2,0,0,6.0,4.1,1.62,Football-Data.co.uk,2017-09-23,2017/18|2017-09-23|Stoke|Chelsea
2017/18,23/09/2017,Swansea,Watford,1,2,A,0,1,A,10,8,3,4,5,4,9,16,1,3,0,0,2.4,3.3,3.25,Football-Data.co.uk,2017-09-23,2017/18|2017-09-23|Swansea|Watford
2017/18,23/09/2017,West Ham,Tottenham,2,3,A,0,2,A,10,15,4,5,4,3,10,20,4,2,0,1,6.0,4.33,1.6,Football-Data.co.uk,2017-09-23,2017/18|2017-09-23|West Ham|Tottenham
2017/18,24/09/2017,Brighton,Newcastle,1,0,H,0,0,D,7,17,3,5,2,8,6,8,2,1,0,0,2.8,3.1,2.9,Football-Data.co.uk,2017-09-24,2017/18|2017-09-24|Brighton|Newcastle
2017/18,25/09/2017,Arsenal,West Brom,2,0,H,1,0,H,16,7,6,3,7,4,8,17,1,4,0,0,1.33,5.5,11.0,Football-Data.co.uk,2017-09-25,2017/18|2017-09-25|Arsenal|West Brom
2017/18,30/09/2017,Bournemouth,Leicester,0,0,D,0,0,D,19,8,4,1,7,5,6,10,1,0,0,0,2.8,3.25,2.5,Football-Data.co.uk,2017-09-30,2017/18|2017-09-30|Bournemouth|Leicester
2017/18,30/09/2017,Chelsea,Man City,0,1,A,0,0,D,4,17,2,6,4,8,8,13,0,2,0,0,2.75,3.3,2.5,Football-Data.co.uk,2017-09-30,2017/18|2017-09-30|Chelsea|Man City
2017/18,30/09/2017,Huddersfield,Tottenham,0,4,A,0,3,A,6,14,1,7,4,7,7,4,1,1,0,0,8.5,4.75,1.36,Football-Data.co.uk,2017-09-30,2017/18|2017-09-30|Huddersfield|Tottenham
2017/18,30/09/2017,Man United,Crystal Palace,4,0,H,2,0,H,18,6,7,1,6,5,6,9,0,0,0,0,1.17,7.0,15.0,Football-Data.co.uk,2017-09-30,2017/18|2017-09-30|Man United|Crystal Palace
2017/18,30/09/2017,Stoke,Southampton,2,1,H,1,0,H,17,21,6,3,5,6,11,10,1,2,0,0,2.88,3.2,2.45,Football-Data.co.uk,2017-09-30,2017/18|2017-09-30|Stoke|Southampton
2017/18,30/09/2017,West Brom,Watford,2,2,D,2,1,H,9,15,4,3,7,6,12,11,3,0,0,0,2.15,3.2,3.5,Football-Data.co.uk,2017-09-30,2017/18|2017-09-30|West Brom|Watford
2017/18,30/09/2017,West Ham,Swansea,1,0,H,0,0,D,9,6,4,1,2,1,15,13,3,2,0,0,1.8,3.5,4.5,Football-Data.co.uk,2017-09-30,2017/18|2017-09-30|West Ham|Swansea
2017/18,01/10/2017,Arsenal,Brighton,2,0,H,1,0,H,25,9,12,1,6,5,7,8,0,2,0,0,1.2,6.5,13.0,Football-Data.co.uk,2017-10-01,2017/18|2017-10-01|Arsenal|Brighton
2017/18,01/10/2017,Everton,Burnley,0,1,A,0,1,A,23,5,4,2,9,3,14,7,2,2,0,0,1.67,3.6,5.75,Football-Data.co.uk,2017-10-01,2017/18|2017-10-01|Everton|Burnley
2017/18,01/10/2017,Newcastle,Liverpool,1,1,D,1,1,D,8,17,5,2,1,5,11,6,1,1,0,0,5.0,3.8,1.67,Football-Data.co.uk,2017-10-01,2017/18|2017-10-01|Newcastle|Liverpool
2017/18,14/10/2017,Burnley,West Ham,1,1,D,0,1,A,20,8,5,6,7,4,11,14,2,2,0,1,2.75,3.25,2.8,Football-Data.co.uk,2017-10-14,2017/18|2017-10-14|Burnley|West Ham
2017/18,14/10/2017,Crystal Palace,Chelsea,2,1,H,2,1,H,14,15,5,5,5,8,7,6,2,1,0,0,9.0,5.0,1.4,Football-Data.co.uk,2017-10-14,2017/18|2017-10-14|Crystal Palace|Chelsea
2017/18,14/10/2017,Liverpool,Man United,0,0,D,0,0,D,19,6,5,1,7,3,7,13,0,2,0,0,2.8,3.25,2.8,Football-Data.co.uk,2017-10-14,2017/18|2017-10-14|Liverpool|Man United
2017/18,14/10/2017,Man City,Stoke,7,2,H,3,1,H,20,5,11,1,5,0,5,8,0,1,0,0,1.14,9.5,21.0,Football-Data.co.uk,2017-10-14,2017/18|2017-10-14|Man City|Stoke
2017/18,14/10/2017,Swansea,Huddersfield,2,0,H,1,0,H,7,7,3,2,5,3,12,16,1,5,0,0,2.2,3.25,3.75,Football-Data.co.uk,2017-10-14,2017/18|2017-10-14|Swansea|Huddersfield
2017/18,14/10/2017,Tottenham,Bournemouth,1,0,H,0,0,D,18,5,6,1,9,5,9,7,1,3,0,0,1.2,8.0,15.0,Football-Data.co.uk,2017-10-14,2017/18|2017-10-14|Tottenham|Bournemouth
2017/18,14/10/2017,Watford,Arsenal,2,1,H,0,1,A,11,9,2,6,2,5,8,10,1,0,0,0,5.25,4.33,1.65,Football-Data.co.uk,2017-10-14,2017/18|2017-10-14|Watford|Arsenal
2017/18,15/10/2017,Brighton,Everton,1,1,D,0,0,D,12,13,3,6,7,1,12,10,4,1,0,0,3.25,3.3,2.4,Football-Data.co.uk,2017-10-15,2017/18|2017-10-15|Brighton|Everton
2017/18,15/10/2017,Southampton,Newcastle,2,2,D,0,1,A,12,19,2,5,3,8,11,12,1,2,0,0,1.91,3.6,4.5,Football-Data.co.uk,2017-10-15,2017/18|2017-10-15|Southampton|Newcastle
2017/18,16/10/2017,Leicester,West Brom,1,1,D,0,0,D,11,5,3,1,4,1,13,6,2,2,0,0,2.05,3.4,4.2,Football-Data.co.uk,2017-10-16,2017/18|2017-10-16|Leicester|West Brom
2017/18,20/10/2017,West Ham,Brighton,0,3,A,0,2,A,16,7,2,5,10,3,5,13,1,0,0,0,1.83,3.5,5.25,Football-Data.co.uk,2017-10-20,2017/18|2017-10-20|West Ham|Brighton
2017/18,21/10/2017,Chelsea,Watford,4,2,H,1,1,D,14,16,8,5,6,6,13,16,2,3,0,0,1.36,5.25,10.0,Football-Data.co.uk,2017-10-21,2017/18|2017-10-21|Chelsea|Watford
2017/18,21/10/2017,Huddersfield,Man United,2,1,H,2,0,H,5,9,3,3,4,7,10,12,4,2,0,0,11.0,5.0,1.36,Football-Data.co.uk,2017-10-21,2017/18|2017-10-21|Huddersfield|Man United
2017/18,21/10/2017,Man City,Burnley,3,0,H,1,0,H,15,6,10,0,4,5,10,6,2,3,0,0,1.11,12.0,26.0,Football-Data.co.uk,2017-10-21,2017/18|2017-10-21|Man City|Burnley
2017/18,21/10/2017,Newcastle,Crystal Palace,1,0,H,0,0,D,7,10,3,0,3,5,12,14,4,2,0,0,2.0,3.5,4.2,Football-Data.co.uk,2017-10-21,2017/18|2017-10-21|Newcastle|Crystal Palace
2017/18,21/10/2017,Southampton,West Brom,1,0,H,0,0,D,20,7,6,2,8,3,10,8,0,1,0,0,1.85,3.39,5.25,Football-Data.co.uk,2017-10-21,2017/18|2017-10-21|Southampton|West Brom
2017/18,21/10/2017,Stoke,Bournemouth,1,2,A,0,2,A,10,7,2,3,8,3,17,10,0,1,0,0,2.14,3.5,3.6,Football-Data.co.uk,2017-10-21,2017/18|2017-10-21|Stoke|Bournemouth
2017/18,21/10/2017,Swansea,Leicester,1,2,A,0,1,A,19,11,4,6,7,6,6,9,0,1,0,0,2.79,3.25,2.75,Football-Data.co.uk,2017-10-21,2017/18|2017-10-21|Swansea|Leicester
2017/18,22/10/2017,Everton,Arsenal,2,5,A,1,1,D,8,30,3,14,0,7,14,14,1,1,1,0,3.79,3.6,2.04,Football-Data.co.uk,2017-10-22,2017/18|2017-10-22|Everton|Arsenal
2017/18,22/10/2017,Tottenham,Liverpool,4,1,H,3,1,H,14,12,6,7,3,5,2,8,0,1,0,0,2.25,3.5,3.39,Football-Data.co.uk,2017-10-22,2017/18|2017-10-22|Tottenham|Liverpool
2017/18,28/10/2017,Arsenal,Swansea,2,1,H,0,1,A,17,4,5,2,5,2,9,9,0,0,0,0,1.25,7.0,12.0,Football-Data.co.uk,2017-10-28,2017/18|2017-10-28|Arsenal|Swansea
2017/18,28/10/2017,Bournemouth,Chelsea,0,1,A,0,0,D,7,18,1,5,5,5,5,5,2,0,0,0,6.0,4.2,1.61,Football-Data.co.uk,2017-10-28,2017/18|2017-10-28|Bournemouth|Chelsea
2017/18,28/10/2017,Crystal Palace,West Ham,2,2,D,0,2,A,19,6,9,2,11,2,18,15,1,2,0,0,2.39,3.29,3.29,Football-Data.co.uk,2017-10-28,2017/18|2017-10-28|Crystal Palace|West Ham
2017/18,28/10/2017,Liverpool,Huddersfield,3,0,H,0,0,D,16,1,8,0,9,2,10,8,0,1,0,0,1.25,6.75,13.0,Football-Data.co.uk,2017-10-28,2017/18|2017-10-28|Liverpool|Huddersfield
2017/18,28/10/2017,Man United,Tottenham,1,0,H,0,0,D,11,13,3,4,6,3,12,14,1,0,0,0,2.14,3.39,3.79,Football-Data.co.uk,2017-10-28,2017/18|2017-10-28|Man United|Tottenham
2017/18,28/10/2017,Watford,Stoke,0,1,A,0,1,A,13,6,0,2,8,1,10,9,4,4,0,0,2.04,3.6,3.79,Football-Data.co.uk,2017-10-28,2017/18|2017-10-28|Watford|Stoke
2017/18,28/10/2017,West Brom,Man City,2,3,A,1,2,A,6,15,4,5,1,2,10,7,2,3,0,0,11.0,6.5,1.28,Football-Data.co.uk,2017-10-28,2017/18|2017-10-28|West Brom|Man City
2017/18,29/10/2017,Brighton,Southampton,1,1,D,0,1,A,7,6,2,1,2,7,9,10,3,1,0,0,3.29,3.2,2.45,Football-Data.co.uk,2017-10-29,2017/18|2017-10-29|Brighton|Southampton
2017/18,29/10/2017,Leicester,Everton,2,0,H,2,0,H,9,16,3,2,3,10,6,10,0,2,0,0,2.14,3.39,3.75,Football-Data.co.uk,2017-10-29,2017/18|2017-10-29|Leicester|Everton
2017/18,30/10/2017,Burnley,Newcastle,1,0,H,0,0,D,12,12,5,5,5,3,9,10,3,0,0,0,2.89,3.2,2.7,Football-Data.co.uk,2017-10-30,2017/18|2017-10-30|Burnley|Newcastle
2017/18,04/11/2017,Huddersfield,West Brom,1,0,H,1,0,H,7,9,3,3,3,5,8,15,1,4,1,0,2.79,3.0,3.0,Football-Data.co.uk,2017-11-04,2017/18|2017-11-04|Huddersfield|West Brom
2017/18,04/11/2017,Newcastle,Bournemouth,0,1,A,0,0,D,16,16,4,6,11,9,11,12,2,2,0,0,2.0,3.5,4.2,Football-Data.co.uk,2017-11-04,2017/18|2017-11-04|Newcastle|Bournemouth
2017/18,04/11/2017,Southampton,Burnley,0,1,A,0,0,D,13,5,3,1,9,1,4,4,0,0,0,0,1.66,3.75,6.5,Football-Data.co.uk,2017-11-04,2017/18|2017-11-04|Southampton|Burnley
2017/18,04/11/2017,Stoke,Leicester,2,2,D,1,1,D,11,14,7,4,4,10,12,8,0,0,0,0,2.7,3.29,2.87,Football-Data.co.uk,2017-11-04,2017/18|2017-11-04|Stoke|Leicester
2017/18,04/11/2017,Swansea,Brighton,0,1,A,0,1,A,12,5,2,2,8,7,13,12,2,1,0,0,2.39,3.2,3.39,Football-Data.co.uk,2017-11-04,2017/18|2017-11-04|Swansea|Brighton
2017/18,04/11/2017,West Ham,Liverpool,1,4,A,0,2,A,6,15,1,7,2,3,9,13,3,0,0,0,5.25,4.33,1.66,Football-Data.co.uk,2017-11-04,2017/18|2017-11-04|West Ham|Liverpool
2017/18,05/11/2017,Chelsea,Man United,1,0,H,0,0,D,18,10,8,2,4,7,16,20,1,3,0,0,2.5,3.2,3.2,Football-Data.co.uk,2017-11-05,2017/18|2017-11-05|Chelsea|Man United
2017/18,05/11/2017,Everton,Watford,3,2,H,0,0,D,10,11,5,3,2,5,14,12,0,2,0,0,2.2,3.39,3.6,Football-Data.co.uk,2017-11-05,2017/18|2017-11-05|Everton|Watford
2017/18,05/11/2017,Man City,Arsenal,3,1,H,1,0,H,9,6,5,3,5,5,15,15,1,6,0,0,1.39,5.5,7.5,Football-Data.co.uk,2017-11-05,2017/18|2017-11-05|Man City|Arsenal
2017/18,05/11/2017,Tottenham,Crystal Palace,1,0,H,0,0,D,12,11,2,3,10,9,6,7,0,2,0,0,1.28,6.0,12.0,Football-Data.co.uk,2017-11-05,2017/18|2017-11-05|Tottenham|Crystal Palace
2017/18,18/11/2017,Arsenal,Tottenham,2,0,H,2,0,H,14,14,5,4,7,4,11,16,4,1,0,0,2.5,3.6,2.89,Football-Data.co.uk,2017-11-18,2017/18|2017-11-18|Arsenal|Tottenham
2017/18,18/11/2017,Bournemouth,Huddersfield,4,0,H,2,0,H,11,20,5,3,8,11,13,10,3,2,1,0,1.83,3.5,5.25,Football-Data.co.uk,2017-11-18,2017/18|2017-11-18|Bournemouth|Huddersfield
2017/18,18/11/2017,Burnley,Swansea,2,0,H,2,0,H,16,13,7,1,8,6,12,12,1,1,0,0,2.14,3.2,4.0,Football-Data.co.uk,2017-11-18,2017/18|2017-11-18|Burnley|Swansea
2017/18,18/11/2017,Crystal Palace,Everton,2,2,D,2,2,D,16,8,7,5,9,4,9,26,2,3,0,0,2.39,3.25,3.29,Football-Data.co.uk,2017-11-18,2017/18|2017-11-18|Crystal Palace|Everton
2017/18,18/11/2017,Leicester,Man City,0,2,A,0,1,A,2,12,0,4,1,7,8,10,1,1,0,0,9.5,5.75,1.33,Football-Data.co.uk,2017-11-18,2017/18|2017-11-18|Leicester|Man City
2017/18,18/11/2017,Liverpool,Southampton,3,0,H,2,0,H,21,5,8,0,10,2,15,9,1,1,0,0,1.39,5.0,9.0,Football-Data.co.uk,2017-11-18,2017/18|2017-11-18|Liverpool|Southampton
2017/18,18/11/2017,Man United,Newcastle,4,1,H,2,1,H,16,12,7,5,11,4,10,9,1,1,0,0,1.28,5.75,13.0,Football-Data.co.uk,2017-11-18,2017/18|2017-11-18|Man United|Newcastle
2017/18,18/11/2017,West Brom,Chelsea,0,4,A,0,3,A,7,11,2,7,3,4,13,12,2,3,0,0,6.5,4.0,1.61,Football-Data.co.uk,2017-11-18,2017/18|2017-11-18|West Brom|Chelsea
2017/18,19/11/2017,Watford,West Ham,2,0,H,1,0,H,17,10,7,6,3,1,13,10,1,4,0,0,2.1,3.5,3.75,Football-Data.co.uk,2017-11-19,2017/18|2017-11-19|Watford|West Ham
2017/18,20/11/2017,Brighton,Stoke,2,2,D,1,2,A,9,13,3,6,6,7,13,5,1,0,0,0,2.39,3.2,3.39,Football-Data.co.uk,2017-11-20,2017/18|2017-11-20|Brighton|Stoke
2017/18,24/11/2017,West Ham,Leicester,1,1,D,1,1,D,8,7,4,2,5,5,9,12,1,1,0,0,2.7,3.39,2.75,Football-Data.co.uk,2017-11-24,2017/18|2017-11-24|West Ham|Leicester
2017/18,25/11/2017,Crystal Palace,Stoke,2,1,H,0,0,D,10,9,5,3,5,2,9,5,1,1,0,0,2.04,3.5,4.0,Football-Data.co.uk,2017-11-25,2017/18|2017-11-25|Crystal Palace|Stoke
2017/18,25/11/2017,Liverpool,Chelsea,1,1,D,0,0,D,16,11,4,3,7,8,10,7,0,0,0,0,2.14,3.6,3.5,Football-Data.co.uk,2017-11-25,2017/18|2017-11-25|Liverpool|Chelsea
2017/18,25/11/2017,Man United,Brighton,1,0,H,0,0,D,15,8,4,2,5,0,9,9,0,2,0,0,1.19,7.0,19.0,Football-Data.co.uk,2017-11-25,2017/18|2017-11-25|Man United|Brighton
2017/18,25/11/2017,Newcastle,Watford,0,3,A,0,2,A,12,12,2,4,6,3,8,13,1,2,0,0,2.2,3.5,3.5,Football-Data.co.uk,2017-11-25,2017/18|2017-11-25|Newcastle|Watford
2017/18,25/11/2017,Swansea,Bournemouth,0,0,D,0,0,D,10,9,1,5,4,5,18,6,4,2,0,0,2.79,3.25,2.79,Football-Data.co.uk,2017-11-25,2017/18|2017-11-25|Swansea|Bournemouth
2017/18,25/11/2017,Tottenham,West Brom,1,1,D,0,1,A,24,5,5,2,8,0,10,13,1,4,0,0,1.25,6.0,16.0,Football-Data.co.uk,2017-11-25,2017/18|2017-11-25|Tottenham|West Brom
2017/18,26/11/2017,Burnley,Arsenal,0,1,A,0,0,D,8,17,2,2,5,5,8,14,2,0,0,0,6.5,4.5,1.53,Football-Data.co.uk,2017-11-26,2017/18|2017-11-26|Burnley|Arsenal
2017/18,26/11/2017,Huddersfield,Man City,1,2,A,1,0,H,4,14,0,5,3,7,10,10,2,3,1,0,17.0,8.0,1.18,Football-Data.co.uk,2017-11-26,2017/18|2017-11-26|Huddersfield|Man City
2017/18,26/11/2017,Southampton,Everton,4,1,H,1,1,D,17,5,5,2,7,2,6,13,0,0,0,0,1.9,3.39,4.75,Football-Data.co.uk,2017-11-26,2017/18|2017-11-26|Southampton|Everton
2017/18,28/11/2017,Brighton,Crystal Palace,0,0,D,0,0,D,10,10,4,4,10,5,13,8,2,0,0,0,2.7,3.1,3.0,Football-Data.co.uk,2017-11-28,2017/18|2017-11-28|Brighton|Crystal Palace
2017/18,28/11/2017,Leicester,Tottenham,2,1,H,2,0,H,7,18,4,6,4,9,7,10,1,2,0,0,5.0,3.89,1.75,Football-Data.co.uk,2017-11-28,2017/18|2017-11-28|Leicester|Tottenham
2017/18,28/11/2017,Watford,Man United,2,4,A,0,3,A,12,15,3,7,5,5,12,10,2,1,0,0,5.25,3.89,1.72,Football-Data.co.uk,2017-11-28,2017/18|2017-11-28|Watford|Man United
2017/18,28/11/2017,West Brom,Newcastle,2,2,D,1,0,H,8,14,4,4,1,6,13,12,0,0,0,0,2.37,3.1,3.5,Football-Data.co.uk,2017-11-28,2017/18|2017-11-28|West Brom|Newcastle
2017/18,29/11/2017,Arsenal,Huddersfield,5,0,H,1,0,H,21,7,7,2,7,2,10,12,0,1,0,0,1.19,7.5,17.0,Football-Data.co.uk,2017-11-29,2017/18|2017-11-29|Arsenal|Huddersfield
2017/18,29/11/2017,Bournemouth,Burnley,1,2,A,0,1,A,10,10,2,4,4,6,9,11,0,1,0,0,2.0,3.39,4.33,Football-Data.co.uk,2017-11-29,2017/18|2017-11-29|Bournemouth|Burnley
2017/18,29/11/2017,Chelsea,Swansea,1,0,H,0,0,D,21,2,10,0,15,1,10,7,1,0,0,0,1.18,8.0,17.0,Football-Data.co.uk,2017-11-29,2017/18|2017-11-29|Chelsea|Swansea
2017/18,29/11/2017,Everton,West Ham,4,0,H,2,0,H,8,7,5,3,2,6,16,6,2,1,0,0,2.37,3.29,3.29,Football-Data.co.uk,2017-11-29,2017/18|2017-11-29|Everton|West Ham
2017/18,29/11/2017,Man City,Southampton,2,1,H,0,0,D,26,7,12,2,6,5,12,11,1,1,0,0,1.19,8.0,15.0,Football-Data.co.uk,2017-11-29,2017/18|2017-11-29|Man City|Southampton
2017/18,29/11/2017,Stoke,Liverpool,0,3,A,0,1,A,10,14,1,7,5,9,8,10,1,5,0,0,6.5,4.5,1.55,Football-Data.co.uk,2017-11-29,2017/18|2017-11-29|Stoke|Liverpool
2017/18,02/12/2017,Arsenal,Man United,1,3,A,0,2,A,33,8,15,4,12,1,11,10,3,2,0,1,2.5,3.39,3.0,Football-Data.co.uk,2017-12-02,2017/18|2017-12-02|Arsenal|Man United
2017/18,02/12/2017,Brighton,Liverpool,1,5,A,0,2,A,6,12,2,6,2,2,8,7,1,0,0,0,7.5,4.5,1.5,Football-Data.co.uk,2017-12-02,2017/18|2017-12-02|Brighton|Liverpool
2017/18,02/12/2017,Chelsea,Newcastle,3,1,H,2,1,H,23,8,9,2,11,4,8,13,0,1,0,0,1.25,6.5,15.0,Football-Data.co.uk,2017-12-02,2017/18|2017-12-02|Chelsea|Newcastle
2017/18,02/12/2017,Everton,Huddersfield,2,0,H,0,0,D,6,5,4,3,2,5,12,9,2,1,0,0,1.72,3.79,5.5,Football-Data.co.uk,2017-12-02,2017/18|2017-12-02|Everton|Huddersfield
2017/18,02/12/2017,Leicester,Burnley,1,0,H,1,0,H,16,14,3,4,10,7,3,11,0,2,0,0,1.83,3.6,5.0,Football-Data.co.uk,2017-12-02,2017/18|2017-12-02|Leicester|Burnley
2017/18,02/12/2017,Stoke,Swansea,2,1,H,2,1,H,10,10,3,3,2,6,12,10,2,0,0,0,1.95,3.39,4.5,Football-Data.co.uk,2017-12-02,2017/18|2017-12-02|Stoke|Swansea
2017/18,02/12/2017,Watford,Tottenham,1,1,D,1,1,D,6,8,2,2,7,2,16,8,4,1,0,1,5.0,4.0,1.72,Football-Data.co.uk,2017-12-02,2017/18|2017-12-02|Watford|Tottenham
2017/18,02/12/2017,West Brom,Crystal Palace,0,0,D,0,0,D,20,10,6,2,3,7,11,10,3,1,0,0,2.5,3.2,3.2,Football-Data.co.uk,2017-12-02,2017/18|2017-12-02|West Brom|Crystal Palace
2017/18,03/12/2017,Bournemouth,Southampton,1,1,D,1,0,H,16,15,5,4,5,4,6,12,2,1,0,0,2.89,3.25,2.39,Football-Data.co.uk,2017-12-03,2017/18|2017-12-03|Bournemouth|Southampton
2017/18,03/12/2017,Man City,West Ham,2,1,H,0,1,A,24,7,8,4,10,4,5,7,2,2,0,0,1.08,11.0,21.0,Football-Data.co.uk,2017-12-03,2017/18|2017-12-03|Man City|West Ham
2017/18,09/12/2017,Burnley,Watford,1,0,H,1,0,H,8,11,5,2,3,5,10,12,1,0,0,1,2.6,3.25,3.0,Football-Data.co.uk,2017-12-09,2017/18|2017-12-09|Burnley|Watford
2017/18,09/12/2017,Crystal Palace,Bournemouth,2,2,D,2,2,D,24,11,8,5,6,3,14,14,5,2,0,0,2.04,3.5,4.0,Football-Data.co.uk,2017-12-09,2017/18|2017-12-09|Crystal Palace|Bournemouth
2017/18,09/12/2017,Huddersfield,Brighton,2,0,H,2,0,H,19,7,6,2,8,1,6,10,0,0,0,0,2.7,3.1,3.0,Football-Data.co.uk,2017-12-09,2017/18|2017-12-09|Huddersfield|Brighton
2017/18,09/12/2017,Newcastle,Leicester,2,3,A,1,1,D,10,13,4,5,6,5,10,9,2,1,0,0,2.62,3.29,2.89,Football-Data.co.uk,2017-12-09,2017/18|2017-12-09|Newcastle|Leicester
2017/18,09/12/2017,Swansea,West Brom,1,0,H,0,0,D,18,7,3,1,6,3,8,18,2,5,0,0,2.7,3.1,3.0,Football-Data.co.uk,2017-12-09,2017/18|2017-12-09|Swansea|West Brom
2017/18,09/12/2017,Tottenham,Stoke,5,1,H,1,0,H,20,4,11,3,12,6,12,9,1,0,0,0,1.28,6.5,11.0,Football-Data.co.uk,2017-12-09,2017/18|2017-12-09|Tottenham|Stoke
2017/18,09/12/2017,West Ham,Chelsea,1,0,H,1,0,H,5,19,2,2,4,3,10,10,6,1,0,0,7.5,4.5,1.5,Football-Data.co.uk,2017-12-09,2017/18|2017-12-09|West Ham|Chelsea
2017/18,10/12/2017,Liverpool,Everton,1,1,D,1,0,H,23,3,3,2,12,1,8,11,1,3,0,0,1.3,6.0,11.0,Football-Data.co.uk,2017-12-10,2017/18|2017-12-10|Liverpool|Everton
2017/18,10/12/2017,Man United,Man City,1,2,A,1,1,D,8,14,5,7,2,8,16,10,4,2,0,0,3.39,3.5,2.25,Football-Data.co.uk,2017-12-10,2017/18|2017-12-10|Man United|Man City
2017/18,10/12/2017,Southampton,Arsenal,1,1,D,1,0,H,6,11,3,6,4,5,12,10,2,2,0,0,4.0,3.75,1.95,Football-Data.co.uk,2017-12-10,2017/18|2017-12-10|Southampton|Arsenal
2017/18,12/12/2017,Burnley,Stoke,1,0,H,0,0,D,10,14,2,7,6,4,6,14,0,0,0,0,2.29,3.2,3.6,Football-Data.co.uk,2017-12-12,2017/18|2017-12-12|Burnley|Stoke
2017/18,12/12/2017,Crystal Palace,Watford,2,1,H,0,1,A,14,7,4,2,4,6,14,18,2,1,0,1,2.29,3.5,3.25,Football-Data.co.uk,2017-12-12,2017/18|2017-12-12|Crystal Palace|Watford
2017/18,12/12/2017,Huddersfield,Chelsea,1,3,A,0,2,A,7,12,2,5,1,3,11,4,0,0,0,0,9.0,4.5,1.44,Football-Data.co.uk,2017-12-12,2017/18|2017-12-12|Huddersfield|Chelsea
2017/18,13/12/2017,Liverpool,West Brom,0,0,D,0,0,D,14,6,5,1,5,7,16,6,1,0,0,0,1.22,7.0,15.0,Football-Data.co.uk,2017-12-13,2017/18|2017-12-13|Liverpool|West Brom
2017/18,13/12/2017,Man United,Bournemouth,1,0,H,1,0,H,9,14,2,7,4,9,14,12,1,2,0,0,1.28,6.0,12.0,Football-Data.co.uk,2017-12-13,2017/18|2017-12-13|Man United|Bournemouth
2017/18,13/12/2017,Newcastle,Everton,0,1,A,0,1,A,16,7,4,4,4,1,10,11,1,2,1,0,2.39,3.29,3.25,Football-Data.co.uk,2017-12-13,2017/18|2017-12-13|Newcastle|Everton
2017/18,13/12/2017,Southampton,Leicester,1,4,A,0,3,A,12,16,4,11,9,9,13,9,1,0,0,0,2.1,3.39,3.89,Football-Data.co.uk,2017-12-13,2017/18|2017-12-13|Southampton|Leicester
2017/18,13/12/2017,Swansea,Man City,0,4,A,0,2,A,7,23,3,10,2,5,12,6,0,0,0,0,15.0,6.5,1.25,Football-Data.co.uk,2017-12-13,2017/18|2017-12-13|Swansea|Man City
2017/18,13/12/2017,Tottenham,Brighton,2,0,H,1,0,H,25,7,8,4,10,2,5,10,1,1,0,0,1.25,6.5,15.0,Football-Data.co.uk,2017-12-13,2017/18|2017-12-13|Tottenham|Brighton
2017/18,13/12/2017,West Ham,Arsenal,0,0,D,0,0,D,6,22,0,3,1,7,9,9,1,0,0,0,5.25,4.2,1.66,Football-Data.co.uk,2017-12-13,2017/18|2017-12-13|West Ham|Arsenal
2017/18,16/12/2017,Arsenal,Newcastle,1,0,H,1,0,H,23,10,5,2,7,5,13,9,2,1,0,0,1.25,6.5,14.0,Football-Data.co.uk,2017-12-16,2017/18|2017-12-16|Arsenal|Newcastle
2017/18,16/12/2017,Brighton,Burnley,0,0,D,0,0,D,12,11,2,6,8,2,13,13,4,2,0,0,2.62,3.0,3.2,Football-Data.co.uk,2017-12-16,2017/18|2017-12-16|Brighton|Burnley
2017/18,16/12/2017,Chelsea,Southampton,1,0,H,1,0,H,24,6,8,2,8,4,8,16,1,3,0,0,1.39,5.0,9.0,Football-Data.co.uk,2017-12-16,2017/18|2017-12-16|Chelsea|Southampton
2017/18,16/12/2017,Leicester,Crystal Palace,0,3,A,0,2,A,11,13,2,6,6,4,12,13,2,2,1,0,1.89,3.6,4.5,Football-Data.co.uk,2017-12-16,2017/18|2017-12-16|Leicester|Crystal Palace
2017/18,16/12/2017,Man City,Tottenham,4,1,H,1,0,H,20,7,11,2,5,1,13,20,2,4,0,0,1.55,4.59,6.0,Football-Data.co.uk,2017-12-16,2017/18|2017-12-16|Man City|Tottenham
2017/18,16/12/2017,Stoke,West Ham,0,3,A,0,1,A,17,14,0,7,7,9,12,13,2,1,0,0,2.29,3.29,3.5,Football-Data.co.uk,2017-12-16,2017/18|2017-12-16|Stoke|West Ham
2017/18,16/12/2017,Watford,Huddersfield,1,4,A,0,2,A,13,15,3,9,8,7,12,17,2,1,1,1,1.8,3.75,5.0,Football-Data.co.uk,2017-12-16,2017/18|2017-12-16|Watford|Huddersfield
2017/18,17/12/2017,Bournemouth,Liverpool,0,4,A,0,3,A,6,21,2,7,2,3,5,10,1,1,0,0,6.5,4.5,1.53,Football-Data.co.uk,2017-12-17,2017/18|2017-12-17|Bournemouth|Liverpool
2017/18,17/12/2017,West Brom,Man United,1,2,A,0,2,A,12,8,5,3,6,3,14,7,1,3,0,0,6.5,4.0,1.6,Football-Data.co.uk,2017-12-17,2017/18|2017-12-17|West Brom|Man United
2017/18,18/12/2017,Everton,Swansea,3,1,H,1,1,D,12,8,7,3,6,3,12,12,2,3,0,0,1.72,3.75,5.5,Football-Data.co.uk,2017-12-18,2017/18|2017-12-18|Everton|Swansea
2017/18,22/12/2017,Arsenal,Liverpool,3,3,D,0,1,A,11,14,4,9,7,8,9,11,1,0,0,0,2.54,3.6,2.79,Football-Data.co.uk,2017-12-22,2017/18|2017-12-22|Arsenal|Liverpool
2017/18,23/12/2017,Brighton,Watford,1,0,H,0,0,D,14,13,3,1,6,4,8,11,0,0,0,0,2.62,3.2,3.0,Football-Data.co.uk,2017-12-23,2017/18|2017-12-23|Brighton|Watford
2017/18,23/12/2017,Burnley,Tottenham,0,3,A,0,1,A,5,18,2,8,4,4,10,10,1,2,0,0,7.0,4.2,1.55,Football-Data.co.uk,2017-12-23,2017/18|2017-12-23|Burnley|Tottenham
2017/18,23/12/2017,Everton,Chelsea,0,0,D,0,0,D,5,25,0,8,2,7,8,4,3,0,0,0,6.0,3.89,1.66,Football-Data.co.uk,2017-12-23,2017/18|2017-12-23|Everton|Chelsea
2017/18,23/12/2017,Leicester,Man United,2,2,D,1,1,D,11,19,3,6,4,6,19,8,2,2,1,0,4.5,3.6,1.9,Football-Data.co.uk,2017-12-23,2017/18|2017-12-23|Leicester|Man United
2017/18,23/12/2017,Man City,Bournemouth,4,0,H,1,0,H,14,5,5,1,4,6,8,7,0,1,0,0,1.12,11.0,23.0,Football-Data.co.uk,2017-12-23,2017/18|2017-12-23|Man City|Bournemouth
2017/18,23/12/2017,Southampton,Huddersfield,1,1,D,1,0,H,12,10,6,3,9,1,16,9,2,1,0,0,1.61,3.89,6.5,Football-Data.co.uk,2017-12-23,2017/18|2017-12-23|Southampton|Huddersfield
2017/18,23/12/2017,Stoke,West Brom,3,1,H,2,0,H,9,17,5,7,1,11,9,11,1,0,0,0,2.29,3.25,3.5,Football-Data.co.uk,2017-12-23,2017/18|2017-12-23|Stoke|West Brom
2017/18,23/12/2017,Swansea,Crystal Palace,1,1,D,0,0,D,7,13,2,5,6,3,13,11,2,3,0,0,3.29,3.2,2.45,Football-Data.co.uk,2017-12-23,2017/18|2017-12-23|Swansea|Crystal Palace
2017/18,23/12/2017,West Ham,Newcastle,2,3,A,1,1,D,19,11,6,4,6,3,9,12,1,1,0,0,2.1,3.39,3.89,Football-Data.co.uk,2017-12-23,2017/18|2017-12-23|West Ham|Newcastle
2017/18,26/12/2017,Bournemouth,West Ham,3,3,D,1,1,D,26,10,10,5,7,4,12,14,3,4,0,0,2.79,3.29,2.75,Football-Data.co.uk,2017-12-26,2017/18|2017-12-26|Bournemouth|West Ham
2017/18,26/12/2017,Chelsea,Brighton,2,0,H,0,0,D,25,8,8,1,13,1,8,8,0,1,0,0,1.19,7.5,17.0,Football-Data.co.uk,2017-12-26,2017/18|2017-12-26|Chelsea|Brighton
2017/18,26/12/2017,Huddersfield,Stoke,1,1,D,1,0,H,18,15,8,7,8,5,9,12,2,4,0,0,2.5,3.2,3.2,Football-Data.co.uk,2017-12-26,2017/18|2017-12-26|Huddersfield|Stoke
2017/18,26/12/2017,Liverpool,Swansea,5,0,H,1,0,H,22,7,9,4,4,2,5,8,0,1,0,0,1.16,9.0,19.0,Football-Data.co.uk,2017-12-26,2017/18|2017-12-26|Liverpool|Swansea
2017/18,26/12/2017,Man United,Burnley,2,2,D,0,2,A,23,3,6,2,12,2,10,14,3,7,0,0,1.25,6.5,15.0,Football-Data.co.uk,2017-12-26,2017/18|2017-12-26|Man United|Burnley
2017/18,26/12/2017,Tottenham,Southampton,5,2,H,2,0,H,16,16,7,6,3,8,8,15,0,2,0,0,1.36,5.25,10.0,Football-Data.co.uk,2017-12-26,2017/18|2017-12-26|Tottenham|Southampton
2017/18,26/12/2017,Watford,Leicester,2,1,H,1,1,D,11,11,1,5,8,8,7,13,3,3,0,0,2.54,3.5,2.87,Football-Data.co.uk,2017-12-26,2017/18|2017-12-26|Watford|Leicester
2017/18,26/12/2017,West Brom,Everton,0,0,D,0,0,D,17,7,3,3,10,2,14,13,2,0,0,0,2.54,3.2,3.1,Football-Data.co.uk,2017-12-26,2017/18|2017-12-26|West Brom|Everton
2017/18,27/12/2017,Newcastle,Man City,0,1,A,0,1,A,6,22,2,6,3,8,11,6,1,0,0,0,13.0,6.75,1.25,Football-Data.co.uk,2017-12-27,2017/18|2017-12-27|Newcastle|Man City
2017/18,28/12/2017,Crystal Palace,Arsenal,2,3,A,0,1,A,16,16,2,9,5,4,12,7,0,1,0,0,4.5,4.0,1.8,Football-Data.co.uk,2017-12-28,2017/18|2017-12-28|Crystal Palace|Arsenal
2017/18,30/12/2017,Bournemouth,Everton,2,1,H,1,0,H,19,6,7,1,4,4,8,13,0,0,0,0,2.37,3.29,3.29,Football-Data.co.uk,2017-12-30,2017/18|2017-12-30|Bournemouth|Everton
2017/18,30/12/2017,Chelsea,Stoke,5,0,H,3,0,H,21,1,12,1,7,0,5,10,1,1,0,0,1.16,8.5,19.0,Football-Data.co.uk,2017-12-30,2017/18|2017-12-30|Chelsea|Stoke
2017/18,30/12/2017,Huddersfield,Burnley,0,0,D,0,0,D,3,11,1,4,5,4,14,14,2,1,0,0,2.37,3.1,3.5,Football-Data.co.uk,2017-12-30,2017/18|2017-12-30|Huddersfield|Burnley
2017/18,30/12/2017,Liverpool,Leicester,2,1,H,0,1,A,17,7,6,1,7,1,7,3,3,2,0,0,1.3,6.0,11.0,Football-Data.co.uk,2017-12-30,2017/18|2017-12-30|Liverpool|Leicester
2017/18,30/12/2017,Man United,Southampton,0,0,D,0,0,D,15,8,3,3,10,7,12,13,2,4,0,0,1.36,5.5,9.0,Football-Data.co.uk,2017-12-30,2017/18|2017-12-30|Man United|Southampton
2017/18,30/12/2017,Newcastle,Brighton,0,0,D,0,0,D,11,10,2,3,3,6,11,10,2,2,0,0,2.14,3.2,4.0,Football-Data.co.uk,2017-12-30,2017/18|2017-12-30|Newcastle|Brighton
2017/18,30/12/2017,Watford,Swansea,1,2,A,1,0,H,9,9,4,4,1,8,14,13,4,2,0,0,1.66,3.79,6.0,Football-Data.co.uk,2017-12-30,2017/18|2017-12-30|Watford|Swansea
2017/18,31/12/2017,Crystal Palace,Man City,0,0,D,0,0,D,10,15,1,4,7,8,14,11,5,4,0,0,11.0,6.5,1.28,Football-Data.co.uk,2017-12-31,2017/18|2017-12-31|Crystal Palace|Man City
2017/18,31/12/2017,West Brom,Arsenal,1,1,D,0,0,D,14,14,3,4,5,6,14,9,3,3,0,0,5.0,4.0,1.72,Football-Data.co.uk,2017-12-31,2017/18|2017-12-31|West Brom|Arsenal
2017/18,01/01/2018,Brighton,Bournemouth,2,2,D,1,1,D,15,26,6,8,5,12,13,9,2,1,0,0,2.37,3.2,3.39,Football-Data.co.uk,2018-01-01,2017/18|2018-01-01|Brighton|Bournemouth
2017/18,01/01/2018,Burnley,Liverpool,1,2,A,0,0,D,13,19,4,5,3,9,4,12,0,0,0,0,7.5,4.5,1.5,Football-Data.co.uk,2018-01-01,2017/18|2018-01-01|Burnley|Liverpool
2017/18,01/01/2018,Everton,Man United,0,2,A,0,0,D,12,21,0,6,6,6,11,10,2,0,0,0,5.5,3.5,1.8,Football-Data.co.uk,2018-01-01,2017/18|2018-01-01|Everton|Man United
2017/18,01/01/2018,Leicester,Huddersfield,3,0,H,0,0,D,11,6,5,1,4,1,7,9,1,1,0,0,1.66,3.79,6.0,Football-Data.co.uk,2018-01-01,2017/18|2018-01-01|Leicester|Huddersfield
2017/18,01/01/2018,Stoke,Newcastle,0,1,A,0,0,D,11,14,4,6,10,5,10,11,3,1,0,0,2.29,3.29,3.5,Football-Data.co.uk,2018-01-01,2017/18|2018-01-01|Stoke|Newcastle
2017/18,02/01/2018,Man City,Watford,3,1,H,2,0,H,17,7,7,4,9,1,8,12,1,1,0,0,1.12,8.5,19.0,Football-Data.co.uk,2018-01-02,2017/18|2018-01-02|Man City|Watford
2017/18,02/01/2018,Southampton,Crystal Palace,1,2,A,1,0,H,10,11,3,4,4,7,8,11,0,1,0,0,1.9,3.39,4.0,Football-Data.co.uk,2018-01-02,2017/18|2018-01-02|Southampton|Crystal Palace
2017/18,02/01/2018,Swansea,Tottenham,0,2,A,0,1,A,8,12,1,5,6,5,12,9,2,2,0,0,12.0,4.75,1.3,Football-Data.co.uk,2018-01-02,2017/18|2018-01-02|Swansea|Tottenham
2017/18,02/01/2018,West Ham,West Brom,2,1,H,0,1,A,13,10,5,3,3,4,12,12,3,2,0,0,1.9,3.39,4.09,Football-Data.co.uk,2018-01-02,2017/18|2018-01-02|West Ham|West Brom
2017/18,03/01/2018,Arsenal,Chelsea,2,2,D,0,0,D,14,19,6,6,10,8,11,11,3,2,0,0,2.6,3.39,2.6,Football-Data.co.uk,2018-01-03,2017/18|2018-01-03|Arsenal|Chelsea
2017/18,04/01/2018,Tottenham,West Ham,1,1,D,0,0,D,31,3,8,1,7,1,10,6,0,2,0,0,1.25,6.0,10.0,Football-Data.co.uk,2018-01-04,2017/18|2018-01-04|Tottenham|West Ham
2017/18,13/01/2018,Chelsea,Leicester,0,0,D,0,0,D,17,14,7,1,6,3,14,13,2,2,0,1,1.3,5.75,12.0,Football-Data.co.uk,2018-01-13,2017/18|2018-01-13|Chelsea|Leicester
2017/18,13/01/2018,Crystal Palace,Burnley,1,0,H,1,0,H,17,8,2,2,3,2,16,10,0,3,0,0,2.0,3.29,4.5,Football-Data.co.uk,2018-01-13,2017/18|2018-01-13|Crystal Palace|Burnley
2017/18,13/01/2018,Huddersfield,West Ham,1,4,A,1,1,D,8,8,2,6,7,3,7,9,1,1,0,0,2.62,3.1,3.1,Football-Data.co.uk,2018-01-13,2017/18|2018-01-13|Huddersfield|West Ham
2017/18,13/01/2018,Newcastle,Swansea,1,1,D,0,0,D,12,8,4,5,4,5,11,10,0,3,0,0,1.95,3.39,4.5,Football-Data.co.uk,2018-01-13,2017/18|2018-01-13|Newcastle|Swansea
2017/18,13/01/2018,Tottenham,Everton,4,0,H,1,0,H,20,7,10,0,3,3,11,15,0,2,0,0,1.28,6.0,13.0,Football-Data.co.uk,2018-01-13,2017/18|2018-01-13|Tottenham|Everton
2017/18,13/01/2018,Watford,Southampton,2,2,D,0,2,A,16,10,4,4,5,4,11,13,0,5,0,0,2.5,3.39,3.0,Football-Data.co.uk,2018-01-13,2017/18|2018-01-13|Watford|Southampton
2017/18,13/01/2018,West Brom,Brighton,2,0,H,1,0,H,15,13,4,1,9,6,8,15,0,0,0,0,2.14,3.0,4.33,Football-Data.co.uk,2018-01-13,2017/18|2018-01-13|West Brom|Brighton
2017/18,14/01/2018,Bournemouth,Arsenal,2,1,H,0,0,D,13,12,5,3,4,5,8,10,2,2,0,0,4.75,4.2,1.75,Football-Data.co.uk,2018-01-14,2017/18|2018-01-14|Bournemouth|Arsenal
2017/18,14/01/2018,Liverpool,Man City,4,3,H,1,1,D,16,11,7,4,5,6,10,7,2,3,0,0,3.1,3.75,2.29,Football-Data.co.uk,2018-01-14,2017/18|2018-01-14|Liverpool|Man City
2017/18,15/01/2018,Man United,Stoke,3,0,H,2,0,H,20,11,9,5,6,1,14,10,2,1,0,0,1.22,7.0,15.0,Football-Data.co.uk,2018-01-15,2017/18|2018-01-15|Man United|Stoke
2017/18,20/01/2018,Arsenal,Crystal Palace,4,1,H,4,0,H,16,9,10,5,5,10,6,8,0,0,0,0,1.5,4.75,7.0,Football-Data.co.uk,2018-01-20,2017/18|2018-01-20|Arsenal|Crystal Palace
2017/18,20/01/2018,Brighton,Chelsea,0,4,A,0,2,A,10,14,3,10,5,3,12,5,3,0,0,0,6.5,3.89,1.61,Football-Data.co.uk,2018-01-20,2017/18|2018-01-20|Brighton|Chelsea
2017/18,20/01/2018,Burnley,Man United,0,1,A,0,0,D,13,12,2,2,5,4,7,12,3,3,0,0,7.5,3.89,1.57,Football-Data.co.uk,2018-01-20,2017/18|2018-01-20|Burnley|Man United
2017/18,20/01/2018,Everton,West Brom,1,1,D,0,1,A,9,15,4,5,0,3,15,10,2,1,0,0,2.14,3.2,4.0,Football-Data.co.uk,2018-01-20,2017/18|2018-01-20|Everton|West Brom
2017/18,20/01/2018,Leicester,Watford,2,0,H,1,0,H,9,11,5,3,4,5,11,10,0,0,0,0,1.85,3.89,4.33,Football-Data.co.uk,2018-01-20,2017/18|2018-01-20|Leicester|Watford
2017/18,20/01/2018,Man City,Newcastle,3,1,H,1,0,H,21,6,9,4,18,0,5,10,0,1,0,0,1.12,10.0,26.0,Football-Data.co.uk,2018-01-20,2017/18|2018-01-20|Man City|Newcastle
2017/18,20/01/2018,Stoke,Huddersfield,2,0,H,0,0,D,11,6,6,3,3,2,18,13,1,1,0,0,2.04,3.39,4.09,Football-Data.co.uk,2018-01-20,2017/18|2018-01-20|Stoke|Huddersfield
2017/18,20/01/2018,West Ham,Bournemouth,1,1,D,0,0,D,12,8,4,3,6,3,8,7,3,1,0,0,2.0,3.6,4.0,Football-Data.co.uk,2018-01-20,2017/18|2018-01-20|West Ham|Bournemouth
2017/18,21/01/2018,Southampton,Tottenham,1,1,D,1,1,D,10,17,4,2,2,9,8,15,2,3,0,0,5.75,4.09,1.64,Football-Data.co.uk,2018-01-21,2017/18|2018-01-21|Southampton|Tottenham
2017/18,22/01/2018,Swansea,Liverpool,1,0,H,1,0,H,3,21,2,4,3,9,5,9,0,2,0,0,12.0,5.75,1.3,Football-Data.co.uk,2018-01-22,2017/18|2018-01-22|Swansea|Liverpool
2017/18,30/01/2018,Huddersfield,Liverpool,0,3,A,0,2,A,5,14,1,7,1,4,8,8,0,0,0,0,12.0,5.75,1.3,Football-Data.co.uk,2018-01-30,2017/18|2018-01-30|Huddersfield|Liverpool
2017/18,30/01/2018,Swansea,Arsenal,3,1,H,1,1,D,12,9,4,4,4,3,4,8,0,3,0,0,7.0,4.59,1.5,Football-Data.co.uk,2018-01-30,2017/18|2018-01-30|Swansea|Arsenal
2017/18,30/01/2018,West Ham,Crystal Palace,1,1,D,1,1,D,8,9,3,3,5,3,11,15,1,3,0,0,3.1,3.25,2.54,Football-Data.co.uk,2018-01-30,2017/18|2018-01-30|West Ham|Crystal Palace
2017/18,31/01/2018,Chelsea,Bournemouth,0,3,A,0,0,D,21,11,5,5,8,5,5,12,1,0,0,0,1.28,6.5,11.0,Football-Data.co.uk,2018-01-31,2017/18|2018-01-31|Chelsea|Bournemouth
2017/18,31/01/2018,Everton,Leicester,2,1,H,2,0,H,9,8,4,1,5,5,9,10,0,2,0,0,3.0,3.2,2.62,Football-Data.co.uk,2018-01-31,2017/18|2018-01-31|Everton|Leicester
2017/18,31/01/2018,Man City,West Brom,3,0,H,1,0,H,19,3,10,1,9,1,10,10,1,3,0,0,1.14,10.0,21.0,Football-Data.co.uk,2018-01-31,2017/18|2018-01-31|Man City|West Brom
2017/18,31/01/2018,Newcastle,Burnley,1,1,D,0,0,D,14,11,4,2,7,4,15,15,1,2,0,0,2.2,3.2,3.89,Football-Data.co.uk,2018-01-31,2017/18|2018-01-31|Newcastle|Burnley
2017/18,31/01/2018,Southampton,Brighton,1,1,D,0,1,A,18,9,3,2,7,2,8,10,3,1,0,0,1.75,3.5,6.0,Football-Data.co.uk,2018-01-31,2017/18|2018-01-31|Southampton|Brighton
2017/18,31/01/2018,Stoke,Watford,0,0,D,0,0,D,11,12,4,2,2,6,12,12,4,3,0,0,2.25,3.5,3.39,Football-Data.co.uk,2018-01-31,2017/18|2018-01-31|Stoke|Watford
2017/18,31/01/2018,Tottenham,Man United,2,0,H,2,0,H,22,6,6,3,6,3,10,13,2,2,0,0,2.35,3.29,3.39,Football-Data.co.uk,2018-01-31,2017/18|2018-01-31|Tottenham|Man United
2017/18,03/02/2018,Arsenal,Everton,5,1,H,4,0,H,15,11,7,2,4,6,8,8,2,0,0,0,1.3,5.75,12.0,Football-Data.co.uk,2018-02-03,2017/18|2018-02-03|Arsenal|Everton
2017/18,03/02/2018,Bournemouth,Stoke,2,1,H,0,1,A,15,13,8,4,8,1,14,19,2,3,0,0,1.9,3.7,4.33,Football-Data.co.uk,2018-02-03,2017/18|2018-02-03|Bournemouth|Stoke
2017/18,03/02/2018,Brighton,West Ham,3,1,H,1,1,D,21,4,5,1,4,1,11,7,3,1,0,0,2.35,3.0,3.7,Football-Data.co.uk,2018-02-03,2017/18|2018-02-03|Brighton|West Ham
2017/18,03/02/2018,Burnley,Man City,1,1,D,0,1,A,8,20,3,7,3,13,9,6,4,1,0,0,13.0,6.0,1.28,Football-Data.co.uk,2018-02-03,2017/18|2018-02-03|Burnley|Man City
2017/18,03/02/2018,Leicester,Swansea,1,1,D,1,0,H,13,3,5,1,3,3,9,8,1,0,0,0,1.8,3.6,5.25,Football-Data.co.uk,2018-02-03,2017/18|2018-02-03|Leicester|Swansea
2017/18,03/02/2018,Man United,Huddersfield,2,0,H,0,0,D,16,4,7,0,5,2,5,19,2,4,0,0,1.16,8.5,19.0,Football-Data.co.uk,2018-02-03,2017/18|2018-02-03|Man United|Huddersfield
2017/18,03/02/2018,West Brom,Southampton,2,3,A,1,2,A,9,13,3,5,5,7,12,10,2,1,0,0,2.54,3.2,3.1,Football-Data.co.uk,2018-02-03,2017/18|2018-02-03|West Brom|Southampton
2017/18,04/02/2018,Crystal Palace,Newcastle,1,1,D,0,1,A,21,11,6,8,5,6,11,8,1,1,0,0,2.04,3.39,4.2,Football-Data.co.uk,2018-02-04,2017/18|2018-02-04|Crystal Palace|Newcastle
2017/18,04/02/2018,Liverpool,Tottenham,2,2,D,1,0,H,9,13,3,6,3,7,15,9,3,1,0,0,2.1,3.75,3.6,Football-Data.co.uk,2018-02-04,2017/18|2018-02-04|Liverpool|Tottenham
2017/18,05/02/2018,Watford,Chelsea,4,1,H,1,0,H,21,7,8,3,6,2,11,8,2,2,0,1,6.25,4.0,1.61,Football-Data.co.uk,2018-02-05,2017/18|2018-02-05|Watford|Chelsea
2017/18,10/02/2018,Everton,Crystal Palace,3,1,H,0,0,D,11,16,5,4,8,7,14,15,1,1,0,0,2.25,3.25,3.2,Football-Data.co.uk,2018-02-10,2017/18|2018-02-10|Everton|Crystal Palace
2017/18,10/02/2018,Man City,Leicester,5,1,H,1,1,D,19,2,11,2,8,2,10,12,2,3,0,0,1.19,6.5,13.0,Football-Data.co.uk,2018-02-10,2017/18|2018-02-10|Man City|Leicester
2017/18,10/02/2018,Stoke,Brighton,1,1,D,0,1,A,15,14,3,6,7,4,6,10,0,0,0,0,2.2,3.2,3.39,Football-Data.co.uk,2018-02-10,2017/18|2018-02-10|Stoke|Brighton
2017/18,10/02/2018,Swansea,Burnley,1,0,H,0,0,D,12,13,4,1,5,2,10,9,2,1,0,0,2.37,3.0,3.25,Football-Data.co.uk,2018-02-10,2017/18|2018-02-10|Swansea|Burnley
2017/18,10/02/2018,Tottenham,Arsenal,1,0,H,0,0,D,18,6,6,1,10,2,13,9,2,1,0,0,2.0,3.6,3.5,Football-Data.co.uk,2018-02-10,2017/18|2018-02-10|Tottenham|Arsenal
2017/18,10/02/2018,West Ham,Watford,2,0,H,1,0,H,8,11,4,4,8,7,11,7,1,1,0,0,2.5,3.29,2.79,Football-Data.co.uk,2018-02-10,2017/18|2018-02-10|West Ham|Watford
2017/18,11/02/2018,Huddersfield,Bournemouth,4,1,H,2,1,H,15,7,4,2,2,6,12,12,0,3,0,0,3.25,3.2,2.25,Football-Data.co.uk,2018-02-11,2017/18|2018-02-11|Huddersfield|Bournemouth
2017/18,11/02/2018,Newcastle,Man United,1,0,H,0,0,D,10,13,3,6,0,10,12,15,0,2,0,0,5.5,3.75,1.61,Football-Data.co.uk,2018-02-11,2017/18|2018-02-11|Newcastle|Man United
2017/18,11/02/2018,Southampton,Liverpool,0,2,A,0,2,A,6,16,4,4,3,1,5,8,1,2,0,0,4.2,3.79,1.8,Football-Data.co.uk,2018-02-11,2017/18|2018-02-11|Southampton|Liverpool
2017/18,12/02/2018,Chelsea,West Brom,3,0,H,1,0,H,20,8,8,1,8,7,11,11,0,2,0,0,1.36,4.75,8.0,Football-Data.co.uk,2018-02-12,2017/18|2018-02-12|Chelsea|West Brom
2017/18,24/02/2018,Bournemouth,Newcastle,2,2,D,0,2,A,18,15,5,4,8,1,12,10,1,4,0,0,2.1,3.5,3.79,Football-Data.co.uk,2018-02-24,2017/18|2018-02-24|Bournemouth|Newcastle
2017/18,24/02/2018,Brighton,Swansea,4,1,H,1,0,H,16,11,5,1,3,5,17,6,1,0,0,0,2.14,3.25,4.0,Football-Data.co.uk,2018-02-24,2017/18|2018-02-24|Brighton|Swansea
2017/18,24/02/2018,Burnley,Southampton,1,1,D,0,0,D,9,13,3,6,7,5,8,14,1,0,0,0,2.89,3.1,2.79,Football-Data.co.uk,2018-02-24,2017/18|2018-02-24|Burnley|Southampton
2017/18,24/02/2018,Leicester,Stoke,1,1,D,0,1,A,19,6,9,2,13,1,10,16,1,3,0,0,1.72,3.89,5.25,Football-Data.co.uk,2018-02-24,2017/18|2018-02-24|Leicester|Stoke
2017/18,24/02/2018,Liverpool,West Ham,4,1,H,1,0,H,21,7,12,4,8,2,7,7,0,2,0,0,1.22,7.5,13.0,Football-Data.co.uk,2018-02-24,2017/18|2018-02-24|Liverpool|West Ham
2017/18,24/02/2018,Watford,Everton,1,0,H,0,0,D,13,7,5,2,6,5,10,9,3,1,0,0,2.25,3.39,3.5,Football-Data.co.uk,2018-02-24,2017/18|2018-02-24|Watford|Everton
2017/18,24/02/2018,West Brom,Huddersfield,1,2,A,0,0,D,10,16,3,7,6,3,11,9,1,1,0,0,1.95,3.29,4.75,Football-Data.co.uk,2018-02-24,2017/18|2018-02-24|West Brom|Huddersfield
2017/18,25/02/2018,Crystal Palace,Tottenham,0,1,A,0,0,D,5,14,3,4,2,13,12,5,0,1,0,0,7.5,4.5,1.5,Football-Data.co.uk,2018-02-25,2017/18|2018-02-25|Crystal Palace|Tottenham
2017/18,25/02/2018,Man United,Chelsea,2,1,H,1,1,D,10,14,5,7,3,4,13,12,2,2,0,0,2.29,3.25,3.5,Football-Data.co.uk,2018-02-25,2017/18|2018-02-25|Man United|Chelsea
2017/18,01/03/2018,Arsenal,Man City,0,3,A,0,3,A,10,9,5,5,6,1,11,11,1,1,0,0,4.5,4.0,1.72,Football-Data.co.uk,2018-03-01,2017/18|2018-03-01|Arsenal|Man City
2017/18,03/03/2018,Burnley,Everton,2,1,H,0,1,A,21,10,8,4,10,4,9,12,1,1,0,1,2.5,3.1,3.29,Football-Data.co.uk,2018-03-03,2017/18|2018-03-03|Burnley|Everton
2017/18,03/03/2018,Leicester,Bournemouth,1,1,D,0,1,A,23,8,4,3,13,1,11,7,2,1,0,0,1.85,3.75,4.5,Football-Data.co.uk,2018-03-03,2017/18|2018-03-03|Leicester|Bournemouth
2017/18,03/03/2018,Liverpool,Newcastle,2,0,H,1,0,H,14,7,3,2,8,3,7,9,0,0,0,0,1.22,7.0,15.0,Football-Data.co.uk,2018-03-03,2017/18|2018-03-03|Liverpool|Newcastle
2017/18,03/03/2018,Southampton,Stoke,0,0,D,0,0,D,18,12,6,3,15,4,8,13,0,1,0,0,1.75,3.75,5.25,Football-Data.co.uk,2018-03-03,2017/18|2018-03-03|Southampton|Stoke
2017/18,03/03/2018,Swansea,West Ham,4,1,H,2,0,H,9,7,8,2,4,5,9,14,0,3,0,0,2.6,3.25,3.0,Football-Data.co.uk,2018-03-03,2017/18|2018-03-03|Swansea|West Ham
2017/18,03/03/2018,Tottenham,Huddersfield,2,0,H,1,0,H,15,3,7,3,8,1,6,8,1,1,0,0,1.19,7.5,17.0,Football-Data.co.uk,2018-03-03,2017/18|2018-03-03|Tottenham|Huddersfield
2017/18,03/03/2018,Watford,West Brom,1,0,H,0,0,D,15,9,4,2,4,6,11,12,2,0,0,0,2.14,3.29,3.89,Football-Data.co.uk,2018-03-03,2017/18|2018-03-03|Watford|West Brom
2017/18,04/03/2018,Brighton,Arsenal,2,1,H,2,1,H,13,15,6,7,6,11,13,12,3,3,0,0,4.2,3.79,1.9,Football-Data.co.uk,2018-03-04,2017/18|2018-03-04|Brighton|Arsenal
2017/18,04/03/2018,Man City,Chelsea,1,0,H,0,0,D,13,3,3,0,5,2,8,9,2,1,0,0,1.61,4.2,6.0,Football-Data.co.uk,2018-03-04,2017/18|2018-03-04|Man City|Chelsea
2017/18,05/03/2018,Crystal Palace,Man United,2,3,A,1,0,H,10,17,4,8,3,7,10,8,1,3,0,0,7.0,4.0,1.57,Football-Data.co.uk,2018-03-05,2017/18|2018-03-05|Crystal Palace|Man United
2017/18,10/03/2018,Chelsea,Crystal Palace,2,1,H,2,0,H,27,9,11,2,12,3,8,9,1,2,0,0,1.3,5.75,12.0,Football-Data.co.uk,2018-03-10,2017/18|2018-03-10|Chelsea|Crystal Palace
2017/18,10/03/2018,Everton,Brighton,2,0,H,0,0,D,13,10,3,4,10,3,10,14,0,1,0,1,2.2,3.2,3.89,Football-Data.co.uk,2018-03-10,2017/18|2018-03-10|Everton|Brighton
2017/18,10/03/2018,Huddersfield,Swansea,0,0,D,0,0,D,30,0,4,0,12,0,9,9,2,3,0,1,2.54,3.1,3.2,Football-Data.co.uk,2018-03-10,2017/18|2018-03-10|Huddersfield|Swansea
2017/18,10/03/2018,Man United,Liverpool,2,1,H,2,0,H,5,14,2,2,1,13,10,16,2,1,0,0,2.75,3.39,2.75,Football-Data.co.uk,2018-03-10,2017/18|2018-03-10|Man United|Liverpool
2017/18,10/03/2018,Newcastle,Southampton,3,0,H,2,0,H,7,6,5,2,2,6,10,10,0,2,0,0,2.79,3.2,2.79,Football-Data.co.uk,2018-03-10,2017/18|2018-03-10|Newcastle|Southampton
2017/18,10/03/2018,West Brom,Leicester,1,4,A,1,1,D,6,14,2,6,7,6,6,7,1,3,0,0,3.0,3.25,2.6,Football-Data.co.uk,2018-03-10,2017/18|2018-03-10|West Brom|Leicester
2017/18,10/03/2018,West Ham,Burnley,0,3,A,0,0,D,13,7,4,4,5,1,13,7,2,2,0,0,2.29,3.2,3.6,Football-Data.co.uk,2018-03-10,2017/18|2018-03-10|West Ham|Burnley
2017/18,11/03/2018,Arsenal,Watford,3,0,H,1,0,H,11,11,7,4,4,9,12,9,2,1,0,0,1.44,5.0,7.5,Football-Data.co.uk,2018-03-11,2017/18|2018-03-11|Arsenal|Watford
2017/18,11/03/2018,Bournemouth,Tottenham,1,4,A,1,1,D,14,12,3,8,4,5,10,7,1,1,0,0,6.5,4.5,1.55,Football-Data.co.uk,2018-03-11,2017/18|2018-03-11|Bournemouth|Tottenham
2017/18,12/03/2018,Stoke,Man City,0,2,A,0,1,A,3,17,0,6,3,10,6,8,1,0,0,0,15.0,6.5,1.25,Football-Data.co.uk,2018-03-12,2017/18|2018-03-12|Stoke|Man City
2017/18,17/03/2018,Bournemouth,West Brom,2,1,H,0,0,D,17,11,5,6,3,2,6,9,1,2,0,0,1.83,3.6,5.0,Football-Data.co.uk,2018-03-17,2017/18|2018-03-17|Bournemouth|West Brom
2017/18,17/03/2018,Huddersfield,Crystal Palace,0,2,A,0,1,A,6,17,2,6,4,7,11,12,3,2,0,0,3.0,3.1,2.7,Football-Data.co.uk,2018-03-17,2017/18|2018-03-17|Huddersfield|Crystal Palace
2017/18,17/03/2018,Liverpool,Watford,5,0,H,2,0,H,13,4,10,1,6,1,5,4,1,0,0,0,1.19,8.0,15.0,Football-Data.co.uk,2018-03-17,2017/18|2018-03-17|Liverpool|Watford
2017/18,17/03/2018,Stoke,Everton,1,2,A,0,0,D,9,17,4,9,1,9,13,12,1,1,1,0,2.5,3.29,3.1,Football-Data.co.uk,2018-03-17,2017/18|2018-03-17|Stoke|Everton
2017/18,31/03/2018,Brighton,Leicester,0,2,A,0,0,D,15,6,3,4,6,1,11,13,2,4,0,1,2.7,3.2,2.62,Football-Data.co.uk,2018-03-31,2017/18|2018-03-31|Brighton|Leicester
2017/18,31/03/2018,Crystal Palace,Liverpool,1,2,A,1,0,H,6,16,3,6,4,6,6,8,2,2,0,0,7.0,4.33,1.44,Football-Data.co.uk,2018-03-31,2017/18|2018-03-31|Crystal Palace|Liverpool
2017/18,31/03/2018,Everton,Man City,1,3,A,0,3,A,6,18,2,4,2,11,10,8,0,0,0,0,9.0,5.0,1.33,Football-Data.co.uk,2018-03-31,2017/18|2018-03-31|Everton|Man City
2017/18,31/03/2018,Man United,Swansea,2,0,H,2,0,H,11,3,5,2,3,3,5,13,0,0,0,0,1.25,6.0,10.0,Football-Data.co.uk,2018-03-31,2017/18|2018-03-31|Man United|Swansea
2017/18,31/03/2018,Newcastle,Huddersfield,1,0,H,0,0,D,18,4,3,0,3,3,9,10,1,4,0,0,1.75,3.39,5.0,Football-Data.co.uk,2018-03-31,2017/18|2018-03-31|Newcastle|Huddersfield
2017/18,31/03/2018,Watford,Bournemouth,2,2,D,1,1,D,16,13,5,6,7,4,16,6,4,0,0,0,2.29,3.29,3.1,Football-Data.co.uk,2018-03-31,2017/18|2018-03-31|Watford|Bournemouth
2017/18,31/03/2018,West Brom,Burnley,1,2,A,0,1,A,8,11,3,4,1,6,12,9,1,3,0,0,2.5,3.0,3.1,Football-Data.co.uk,2018-03-31,2017/18|2018-03-31|West Brom|Burnley
2017/18,31/03/2018,West Ham,Southampton,3,0,H,3,0,H,13,9,5,0,5,9,9,16,0,3,0,0,2.7,3.25,2.6,Football-Data.co.uk,2018-03-31,2017/18|2018-03-31|West Ham|Southampton
2017/18,01/04/2018,Arsenal,Stoke,3,0,H,0,0,D,24,8,11,2,6,5,9,13,1,2,0,0,1.28,5.5,10.0,Football-Data.co.uk,2018-04-01,2017/18|2018-04-01|Arsenal|Stoke
2017/18,01/04/2018,Chelsea,Tottenham,1,3,A,1,1,D,14,12,4,7,5,5,4,11,0,1,0,0,2.29,3.29,3.1,Football-Data.co.uk,2018-04-01,2017/18|2018-04-01|Chelsea|Tottenham
2017/18,07/04/2018,Bournemouth,Crystal Palace,2,2,D,0,0,D,20,13,5,6,11,3,8,9,2,2,0,0,2.5,3.39,3.0,Football-Data.co.uk,2018-04-07,2017/18|2018-04-07|Bournemouth|Crystal Palace
2017/18,07/04/2018,Brighton,Huddersfield,1,1,D,1,1,D,13,14,4,5,5,3,13,7,1,0,1,0,1.85,3.5,5.0,Football-Data.co.uk,2018-04-07,2017/18|2018-04-07|Brighton|Huddersfield
2017/18,07/04/2018,Everton,Liverpool,0,0,D,0,0,D,6,10,1,3,3,2,12,7,0,0,0,0,4.2,3.75,1.9,Football-Data.co.uk,2018-04-07,2017/18|2018-04-07|Everton|Liverpool
2017/18,07/04/2018,Leicester,Newcastle,1,2,A,0,1,A,8,8,1,4,7,5,7,14,1,3,0,0,1.95,3.6,4.2,Football-Data.co.uk,2018-04-07,2017/18|2018-04-07|Leicester|Newcastle
2017/18,07/04/2018,Man City,Man United,2,3,A,2,0,H,20,5,6,4,8,4,17,9,6,3,0,0,1.89,3.79,4.2,Football-Data.co.uk,2018-04-07,2017/18|2018-04-07|Man City|Man United
2017/18,07/04/2018,Stoke,Tottenham,1,2,A,0,0,D,10,15,4,4,6,3,19,8,4,3,0,0,11.0,5.5,1.33,Football-Data.co.uk,2018-04-07,2017/18|2018-04-07|Stoke|Tottenham
2017/18,07/04/2018,Watford,Burnley,1,2,A,0,0,D,14,7,5,4,11,1,18,12,2,2,0,0,2.39,3.2,3.39,Football-Data.co.uk,2018-04-07,2017/18|2018-04-07|Watford|Burnley
2017/18,07/04/2018,West Brom,Swansea,1,1,D,0,0,D,15,7,3,1,5,1,15,5,3,2,0,0,2.37,3.2,3.39,Football-Data.co.uk,2018-04-07,2017/18|2018-04-07|West Brom|Swansea
2017/18,08/04/2018,Arsenal,Southampton,3,2,H,2,1,H,13,15,7,8,8,6,11,7,2,1,1,1,1.57,4.5,6.0,Football-Data.co.uk,2018-04-08,2017/18|2018-04-08|Arsenal|Southampton
2017/18,08/04/2018,Chelsea,West Ham,1,1,D,1,0,H,23,5,6,2,10,6,7,11,0,1,0,0,1.28,6.0,12.0,Football-Data.co.uk,2018-04-08,2017/18|2018-04-08|Chelsea|West Ham
2017/18,14/04/2018,Burnley,Leicester,2,1,H,2,0,H,8,15,3,6,4,8,9,10,2,1,0,0,2.62,3.2,3.0,Football-Data.co.uk,2018-04-14,2017/18|2018-04-14|Burnley|Leicester
2017/18,14/04/2018,Crystal Palace,Brighton,3,2,H,3,2,H,15,12,8,3,5,6,12,16,3,2,0,0,1.9,3.5,4.75,Football-Data.co.uk,2018-04-14,2017/18|2018-04-14|Crystal Palace|Brighton
2017/18,14/04/2018,Huddersfield,Watford,1,0,H,0,0,D,9,4,1,2,9,6,9,8,2,2,0,0,2.62,3.25,3.0,Football-Data.co.uk,2018-04-14,2017/18|2018-04-14|Huddersfield|Watford
2017/18,14/04/2018,Liverpool,Bournemouth,3,0,H,1,0,H,20,6,7,1,7,5,9,9,1,1,0,0,1.25,7.0,12.0,Football-Data.co.uk,2018-04-14,2017/18|2018-04-14|Liverpool|Bournemouth
2017/18,14/04/2018,Southampton,Chelsea,2,3,A,1,0,H,10,17,7,5,4,7,13,14,5,3,0,0,4.5,3.75,1.85,Football-Data.co.uk,2018-04-14,2017/18|2018-04-14|Southampton|Chelsea
2017/18,14/04/2018,Swansea,Everton,1,1,D,0,1,A,17,12,7,3,6,3,10,11,1,1,0,0,2.54,3.25,3.1,Football-Data.co.uk,2018-04-14,2017/18|2018-04-14|Swansea|Everton
2017/18,14/04/2018,Tottenham,Man City,1,3,A,1,2,A,8,17,3,6,5,7,11,12,3,4,0,0,2.62,3.6,2.7,Football-Data.co.uk,2018-04-14,2017/18|2018-04-14|Tottenham|Man City
2017/18,15/04/2018,Man United,West Brom,0,1,A,0,0,D,14,10,4,4,4,4,8,13,1,1,0,0,1.18,8.0,19.0,Football-Data.co.uk,2018-04-15,2017/18|2018-04-15|Man United|West Brom
2017/18,15/04/2018,Newcastle,Arsenal,2,1,H,1,1,D,8,15,4,3,2,5,11,9,1,0,0,0,3.29,3.6,2.25,Football-Data.co.uk,2018-04-15,2017/18|2018-04-15|Newcastle|Arsenal
2017/18,16/04/2018,West Ham,Stoke,1,1,D,0,0,D,18,11,6,7,10,1,15,21,2,3,0,0,2.0,3.6,4.0,Football-Data.co.uk,2018-04-16,2017/18|2018-04-16|West Ham|Stoke
2017/18,17/04/2018,Brighton,Tottenham,1,1,D,0,0,D,8,16,5,6,3,4,6,5,1,0,0,0,6.5,4.33,1.55,Football-Data.co.uk,2018-04-17,2017/18|2018-04-17|Brighton|Tottenham
2017/18,18/04/2018,Bournemouth,Man United,0,2,A,0,1,A,13,13,2,4,8,5,9,8,3,1,0,0,5.0,3.89,1.75,Football-Data.co.uk,2018-04-18,2017/18|2018-04-18|Bournemouth|Man United
2017/18,19/04/2018,Burnley,Chelsea,1,2,A,0,1,A,5,16,2,5,3,2,9,11,1,0,0,0,4.0,3.39,1.9,Football-Data.co.uk,2018-04-19,2017/18|2018-04-19|Burnley|Chelsea
2017/18,19/04/2018,Leicester,Southampton,0,0,D,0,0,D,11,6,3,2,11,3,10,10,0,0,0,0,2.25,3.29,3.2,Football-Data.co.uk,2018-04-19,2017/18|2018-04-19|Leicester|Southampton
2017/18,21/04/2018,Watford,Crystal Palace,0,0,D,0,0,D,14,6,4,1,4,3,17,13,3,5,0,0,2.89,3.39,2.54,Football-Data.co.uk,2018-04-21,2017/18|2018-04-21|Watford|Crystal Palace
2017/18,21/04/2018,West Brom,Liverpool,2,2,D,0,1,A,13,9,6,3,7,4,12,5,0,1,0,0,7.5,4.5,1.5,Football-Data.co.uk,2018-04-21,2017/18|2018-04-21|West Brom|Liverpool
2017/18,22/04/2018,Arsenal,West Ham,4,1,H,0,0,D,20,11,8,4,8,6,11,9,3,2,0,0,1.55,4.59,6.0,Football-Data.co.uk,2018-04-22,2017/18|2018-04-22|Arsenal|West Ham
2017/18,22/04/2018,Man City,Swansea,5,0,H,2,0,H,19,4,12,1,5,1,6,8,0,1,0,0,1.14,9.0,23.0,Football-Data.co.uk,2018-04-22,2017/18|2018-04-22|Man City|Swansea
2017/18,22/04/2018,Stoke,Burnley,1,1,D,1,0,H,8,16,3,7,3,8,15,5,2,1,0,0,2.29,3.29,3.5,Football-Data.co.uk,2018-04-22,2017/18|2018-04-22|Stoke|Burnley
2017/18,23/04/2018,Everton,Newcastle,1,0,H,0,0,D,9,9,1,2,4,6,10,11,2,1,0,0,2.29,3.39,3.39,Football-Data.co.uk,2018-04-23,2017/18|2018-04-23|Everton|Newcastle
2017/18,28/04/2018,Burnley,Brighton,0,0,D,0,0,D,10,9,4,1,3,4,5,17,0,2,0,0,2.25,3.2,3.7,Football-Data.co.uk,2018-04-28,2017/18|2018-04-28|Burnley|Brighton
2017/18,28/04/2018,Crystal Palace,Leicester,5,0,H,2,0,H,15,6,9,1,8,2,11,9,1,1,0,1,2.04,3.6,3.79,Football-Data.co.uk,2018-04-28,2017/18|2018-04-28|Crystal Palace|Leicester
2017/18,28/04/2018,Huddersfield,Everton,0,2,A,0,1,A,9,7,2,5,4,3,9,8,1,0,0,0,2.62,3.1,3.1,Football-Data.co.uk,2018-04-28,2017/18|2018-04-28|Huddersfield|Everton
2017/18,28/04/2018,Liverpool,Stoke,0,0,D,0,0,D,20,5,2,1,9,2,7,14,1,2,0,0,1.33,5.75,10.0,Football-Data.co.uk,2018-04-28,2017/18|2018-04-28|Liverpool|Stoke
2017/18,28/04/2018,Newcastle,West Brom,0,1,A,0,1,A,17,9,2,2,5,1,8,13,1,3,0,0,1.85,3.6,4.75,Football-Data.co.uk,2018-04-28,2017/18|2018-04-28|Newcastle|West Brom
2017/18,28/04/2018,Southampton,Bournemouth,2,1,H,1,1,D,14,14,6,7,5,8,12,11,5,1,0,0,1.72,4.0,5.0,Football-Data.co.uk,2018-04-28,2017/18|2018-04-28|Southampton|Bournemouth
2017/18,28/04/2018,Swansea,Chelsea,0,1,A,0,1,A,10,11,3,3,1,2,13,9,1,1,0,0,7.0,4.33,1.53,Football-Data.co.uk,2018-04-28,2017/18|2018-04-28|Swansea|Chelsea
2017/18,29/04/2018,Man United,Arsenal,2,1,H,1,0,H,17,8,3,3,9,0,12,7,0,1,0,0,1.44,4.75,8.0,Football-Data.co.uk,2018-04-29,2017/18|2018-04-29|Man United|Arsenal
2017/18,29/04/2018,West Ham,Man City,1,4,A,1,2,A,4,19,1,7,0,7,5,11,0,1,0,0,10.0,5.75,1.33,Football-Data.co.uk,2018-04-29,2017/18|2018-04-29|West Ham|Man City
2017/18,30/04/2018,Tottenham,Watford,2,0,H,1,0,H,13,13,3,5,4,0,11,10,1,0,0,0,1.16,8.5,21.0,Football-Data.co.uk,2018-04-30,2017/18|2018-04-30|Tottenham|Watford
2017/18,04/05/2018,Brighton,Man United,1,0,H,0,0,D,11,16,4,3,5,6,5,3,2,0,0,0,4.75,3.6,1.85,Football-Data.co.uk,2018-05-04,2017/18|2018-05-04|Brighton|Man United
2017/18,05/05/2018,Bournemouth,Swansea,1,0,H,1,0,H,13,12,5,3,11,6,10,10,1,4,0,0,2.1,3.6,3.7,Football-Data.co.uk,2018-05-05,2017/18|2018-05-05|Bournemouth|Swansea
2017/18,05/05/2018,Everton,Southampton,1,1,D,0,0,D,9,11,3,5,3,4,14,12,2,4,0,1,2.89,3.29,2.62,Football-Data.co.uk,2018-05-05,2017/18|2018-05-05|Everton|Southampton
2017/18,05/05/2018,Leicester,West Ham,0,2,A,0,1,A,13,13,2,3,8,3,8,9,1,2,0,0,2.25,3.5,3.39,Football-Data.co.uk,2018-05-05,2017/18|2018-05-05|Leicester|West Ham
2017/18,05/05/2018,Stoke,Crystal Palace,1,2,A,1,0,H,7,13,2,2,1,7,18,12,5,2,0,0,2.7,3.39,2.79,Football-Data.co.uk,2018-05-05,2017/18|2018-05-05|Stoke|Crystal Palace
2017/18,05/05/2018,Watford,Newcastle,2,1,H,2,0,H,11,9,8,1,2,5,9,11,2,1,0,0,2.37,3.39,3.2,Football-Data.co.uk,2018-05-05,2017/18|2018-05-05|Watford|Newcastle
2017/18,05/05/2018,West Brom,Tottenham,1,0,H,0,0,D,9,18,1,5,5,9,13,12,4,1,0,0,8.0,4.75,1.44,Football-Data.co.uk,2018-05-05,2017/18|2018-05-05|West Brom|Tottenham
2017/18,06/05/2018,Arsenal,Burnley,5,0,H,2,0,H,16,6,8,2,4,5,6,7,0,1,0,0,1.57,4.2,6.5,Football-Data.co.uk,2018-05-06,2017/18|2018-05-06|Arsenal|Burnley
2017/18,06/05/2018,Chelsea,Liverpool,1,0,H,1,0,H,12,10,4,5,3,1,12,9,3,2,0,0,2.25,3.6,3.29,Football-Data.co.uk,2018-05-06,2017/18|2018-05-06|Chelsea|Liverpool
2017/18,06/05/2018,Man City,Huddersfield,0,0,D,0,0,D,15,5,2,3,10,1,9,4,0,3,0,0,1.08,13.0,34.0,Football-Data.co.uk,2018-05-06,2017/18|2018-05-06|Man City|Huddersfield
2017/18,08/05/2018,Swansea,Southampton,0,1,A,0,0,D,11,13,3,8,7,6,7,15,2,1,0,0,3.1,3.25,2.54,Football-Data.co.uk,2018-05-08,2017/18|2018-05-08|Swansea|Southampton
2017/18,09/05/2018,Chelsea,Huddersfield,1,1,D,0,0,D,22,3,5,2,9,0,7,10,0,1,0,0,1.16,8.5,19.0,Football-Data.co.uk,2018-05-09,2017/18|2018-05-09|Chelsea|Huddersfield
2017/18,09/05/2018,Leicester,Arsenal,3,1,H,1,0,H,19,14,10,7,6,6,7,12,2,2,0,1,3.75,3.79,2.0,Football-Data.co.uk,2018-05-09,2017/18|2018-05-09|Leicester|Arsenal
2017/18,09/05/2018,Man City,Brighton,3,1,H,2,1,H,19,6,7,3,4,3,5,7,0,1,0,0,1.12,10.0,27.0,Football-Data.co.uk,2018-05-09,2017/18|2018-05-09|Man City|Brighton
2017/18,09/05/2018,Tottenham,Newcastle,1,0,H,0,0,D,11,14,7,3,6,4,10,8,2,3,0,0,1.18,8.5,17.0,Football-Data.co.uk,2018-05-09,2017/18|2018-05-09|Tottenham|Newcastle
2017/18,10/05/2018,West Ham,Man United,0,0,D,0,0,D,9,16,2,6,1,6,12,12,1,1,0,0,4.75,3.79,1.8,Football-Data.co.uk,2018-05-10,2017/18|2018-05-10|West Ham|Man United
2017/18,13/05/2018,Burnley,Bournemouth,1,2,A,1,0,H,12,16,4,5,7,8,14,9,0,0,0,0,2.14,3.5,3.6,Football-Data.co.uk,2018-05-13,2017/18|2018-05-13|Burnley|Bournemouth
2017/18,13/05/2018,Crystal Palace,West Brom,2,0,H,0,0,D,11,7,5,1,4,2,10,11,2,3,0,0,1.8,3.79,4.75,Football-Data.co.uk,2018-05-13,2017/18|2018-05-13|Crystal Palace|West Brom
2017/18,13/05/2018,Huddersfield,Arsenal,0,1,A,0,1,A,18,9,3,4,7,4,11,7,1,0,0,0,6.0,4.33,1.6,Football-Data.co.uk,2018-05-13,2017/18|2018-05-13|Huddersfield|Arsenal
2017/18,13/05/2018,Liverpool,Brighton,4,0,H,2,0,H,22,2,11,1,7,3,3,6,0,0,0,0,1.19,8.0,15.0,Football-Data.co.uk,2018-05-13,2017/18|2018-05-13|Liverpool|Brighton
2017/18,13/05/2018,Man United,Watford,1,0,H,1,0,H,7,7,1,3,6,5,6,11,4,0,0,0,1.39,5.25,8.5,Football-Data.co.uk,2018-05-13,2017/18|2018-05-13|Man United|Watford
2017/18,13/05/2018,Newcastle,Chelsea,3,0,H,1,0,H,16,6,6,2,4,2,11,10,0,1,0,0,6.5,4.2,1.6,Football-Data.co.uk,2018-05-13,2017/18|2018-05-13|Newcastle|Chelsea
2017/18,13/05/2018,Southampton,Man City,0,1,A,0,0,D,8,13,3,2,1,12,8,10,3,1,0,0,9.0,5.0,1.39,Football-Data.co.uk,2018-05-13,2017/18|2018-05-13|Southampton|Man City
2017/18,13/05/2018,Swansea,Stoke,1,2,A,1,2,A,26,8,11,5,6,0,12,9,1,2,0,0,1.9,3.79,4.2,Football-Data.co.uk,2018-05-13,2017/18|2018-05-13|Swansea|Stoke
2017/18,13/05/2018,Tottenham,Leicester,5,4,H,1,2,A,14,16,6,9,4,4,9,13,1,2,0,0,1.33,6.0,9.0,Football-Data.co.uk,2018-05-13,2017/18|2018-05-13|Tottenham|Leicester
2017/18,13/05/2018,West Ham,Everton,3,1,H,1,0,H,15,14,4,7,6,6,10,13,0,1,0,0,2.45,3.5,3.0,Football-Data.co.uk,2018-05-13,2017/18|2018-05-13|West Ham|Everton
2018/19,10/08/2018,Man United,Leicester,2,1,H,1,0,H,8,13,6,4,2,5,11,8,2,1,0,0,1.57,3.9,7.5,Football-Data.co.uk,2018-08-10,2018/19|2018-08-10|Man United|Leicester
2018/19,11/08/2018,Bournemouth,Cardiff,2,0,H,1,0,H,12,10,4,1,7,4,11,9,1,1,0,0,1.9,3.6,4.5,Football-Data.co.uk,2018-08-11,2018/19|2018-08-11|Bournemouth|Cardiff
2018/19,11/08/2018,Fulham,Crystal Palace,0,2,A,0,1,A,15,10,6,9,5,5,9,11,1,2,0,0,2.5,3.4,3.0,Football-Data.co.uk,2018-08-11,2018/19|2018-08-11|Fulham|Crystal Palace
2018/19,11/08/2018,Huddersfield,Chelsea,0,3,A,0,2,A,6,13,1,4,2,5,9,8,2,1,0,0,6.5,4.0,1.61,Football-Data.co.uk,2018-08-11,2018/19|2018-08-11|Huddersfield|Chelsea
2018/19,11/08/2018,Newcastle,Tottenham,1,2,A,1,2,A,15,15,2,5,3,5,11,12,2,2,0,0,3.9,3.5,2.04,Football-Data.co.uk,2018-08-11,2018/19|2018-08-11|Newcastle|Tottenham
2018/19,11/08/2018,Watford,Brighton,2,0,H,1,0,H,19,6,5,0,8,2,10,16,2,2,0,0,2.37,3.2,3.4,Football-Data.co.uk,2018-08-11,2018/19|2018-08-11|Watford|Brighton
2018/19,11/08/2018,Wolves,Everton,2,2,D,1,1,D,11,6,4,5,3,6,8,7,0,1,0,1,2.37,3.3,3.3,Football-Data.co.uk,2018-08-11,2018/19|2018-08-11|Wolves|Everton
2018/19,12/08/2018,Arsenal,Man City,0,2,A,0,1,A,9,17,3,8,2,9,11,14,2,2,0,0,4.0,3.8,1.95,Football-Data.co.uk,2018-08-12,2018/19|2018-08-12|Arsenal|Man City
2018/19,12/08/2018,Liverpool,West Ham,4,0,H,2,0,H,18,5,8,2,5,4,14,9,1,2,0,0,1.25,6.5,14.0,Football-Data.co.uk,2018-08-12,2018/19|2018-08-12|Liverpool|West Ham
2018/19,12/08/2018,Southampton,Burnley,0,0,D,0,0,D,18,16,3,6,8,5,10,9,0,1,0,0,1.85,3.5,5.0,Football-Data.co.uk,2018-08-12,2018/19|2018-08-12|Southampton|Burnley
2018/19,18/08/2018,Cardiff,Newcastle,0,0,D,0,0,D,12,12,1,6,5,5,14,16,2,2,0,1,3.25,3.1,2.54,Football-Data.co.uk,2018-08-18,2018/19|2018-08-18|Cardiff|Newcastle
2018/19,18/08/2018,Chelsea,Arsenal,3,2,H,2,2,D,24,15,11,6,5,1,12,9,0,2,0,0,1.8,4.0,4.5,Football-Data.co.uk,2018-08-18,2018/19|2018-08-18|Chelsea|Arsenal
2018/19,18/08/2018,Everton,Southampton,2,1,H,2,0,H,13,15,7,4,2,5,8,20,0,5,0,0,1.9,3.5,4.75,Football-Data.co.uk,2018-08-18,2018/19|2018-08-18|Everton|Southampton
2018/19,18/08/2018,Leicester,Wolves,2,0,H,2,0,H,6,11,2,3,1,9,10,8,2,1,1,0,2.04,3.5,3.9,Football-Data.co.uk,2018-08-18,2018/19|2018-08-18|Leicester|Wolves
2018/19,18/08/2018,Tottenham,Fulham,3,1,H,1,0,H,25,10,11,3,5,2,9,5,0,0,0,0,1.28,6.0,12.0,Football-Data.co.uk,2018-08-18,2018/19|2018-08-18|Tottenham|Fulham
2018/19,18/08/2018,West Ham,Bournemouth,1,2,A,1,0,H,11,12,5,5,6,4,14,10,6,2,0,0,2.1,3.6,3.7,Football-Data.co.uk,2018-08-18,2018/19|2018-08-18|West Ham|Bournemouth
2018/19,19/08/2018,Brighton,Man United,3,2,H,3,1,H,6,9,3,3,3,5,16,13,1,1,0,0,5.5,3.6,1.75,Football-Data.co.uk,2018-08-19,2018/19|2018-08-19|Brighton|Man United
2018/19,19/08/2018,Burnley,Watford,1,3,A,1,1,D,8,9,3,6,5,2,8,19,1,2,0,0,2.45,3.1,3.4,Football-Data.co.uk,2018-08-19,2018/19|2018-08-19|Burnley|Watford
2018/19,19/08/2018,Man City,Huddersfield,6,1,H,3,1,H,32,5,14,1,10,3,9,4,0,2,0,0,1.1,13.0,26.0,Football-Data.co.uk,2018-08-19,2018/19|2018-08-19|Man City|Huddersfield
2018/19,20/08/2018,Crystal Palace,Liverpool,0,2,A,0,1,A,8,16,2,6,6,7,6,13,1,1,1,0,7.0,5.0,1.44,Football-Data.co.uk,2018-08-20,2018/19|2018-08-20|Crystal Palace|Liverpool
2018/19,25/08/2018,Arsenal,West Ham,3,1,H,1,1,D,17,13,10,5,10,2,16,13,1,3,0,0,1.36,5.5,9.0,Football-Data.co.uk,2018-08-25,2018/19|2018-08-25|Arsenal|West Ham
2018/19,25/08/2018,Bournemouth,Everton,2,2,D,0,0,D,17,11,5,3,6,2,12,10,0,3,1,1,2.62,3.6,2.75,Football-Data.co.uk,2018-08-25,2018/19|2018-08-25|Bournemouth|Everton
2018/19,25/08/2018,Huddersfield,Cardiff,0,0,D,0,0,D,5,14,1,4,7,7,8,10,0,1,1,0,2.37,3.0,3.7,Football-Data.co.uk,2018-08-25,2018/19|2018-08-25|Huddersfield|Cardiff
2018/19,25/08/2018,Liverpool,Brighton,1,0,H,1,0,H,22,6,8,2,8,5,8,14,1,1,0,0,1.16,8.5,19.0,Football-Data.co.uk,2018-08-25,2018/19|2018-08-25|Liverpool|Brighton
2018/19,25/08/2018,Southampton,Leicester,1,2,A,0,0,D,11,8,5,5,10,3,13,11,1,1,1,0,2.45,3.2,3.25,Football-Data.co.uk,2018-08-25,2018/19|2018-08-25|Southampton|Leicester
2018/19,25/08/2018,Wolves,Man City,1,1,D,0,0,D,11,18,2,6,5,9,13,8,1,2,0,0,11.0,6.5,1.28,Football-Data.co.uk,2018-08-25,2018/19|2018-08-25|Wolves|Man City
2018/19,26/08/2018,Fulham,Burnley,4,2,H,3,2,H,25,12,12,2,6,4,11,8,2,1,0,0,2.0,3.4,4.33,Football-Data.co.uk,2018-08-26,2018/19|2018-08-26|Fulham|Burnley
2018/19,26/08/2018,Newcastle,Chelsea,1,2,A,0,0,D,6,15,2,3,4,5,16,8,3,1,0,0,5.75,4.0,1.66,Football-Data.co.uk,2018-08-26,2018/19|2018-08-26|Newcastle|Chelsea
2018/19,26/08/2018,Watford,Crystal Palace,2,1,H,0,0,D,13,9,5,3,6,3,14,11,4,2,0,0,2.6,3.25,3.0,Football-Data.co.uk,2018-08-26,2018/19|2018-08-26|Watford|Crystal Palace
2018/19,27/08/2018,Man United,Tottenham,0,3,A,0,0,D,23,9,5,5,5,2,11,16,2,4,0,0,2.62,3.3,2.9,Football-Data.co.uk,2018-08-27,2018/19|2018-08-27|Man United|Tottenham
2018/19,01/09/2018,Brighton,Fulham,2,2,D,0,1,A,15,10,5,5,7,1,12,14,3,3,0,0,2.3,3.4,3.4,Football-Data.co.uk,2018-09-01,2018/19|2018-09-01|Brighton|Fulham
2018/19,01/09/2018,Chelsea,Bournemouth,2,0,H,0,0,D,24,8,6,1,7,6,10,7,2,2,0,0,1.3,6.0,11.0,Football-Data.co.uk,2018-09-01,2018/19|2018-09-01|Chelsea|Bournemouth
2018/19,01/09/2018,Crystal Palace,Southampton,0,2,A,0,0,D,20,19,6,6,7,4,11,12,1,1,0,0,2.0,3.5,4.2,Football-Data.co.uk,2018-09-01,2018/19|2018-09-01|Crystal Palace|Southampton
2018/19,01/09/2018,Everton,Huddersfield,1,1,D,1,1,D,11,9,1,6,4,3,13,14,3,3,0,0,1.53,4.2,7.5,Football-Data.co.uk,2018-09-01,2018/19|2018-09-01|Everton|Huddersfield
2018/19,01/09/2018,Leicester,Liverpool,1,2,A,0,2,A,12,10,5,4,4,4,9,12,3,2,0,0,7.5,5.0,1.44,Football-Data.co.uk,2018-09-01,2018/19|2018-09-01|Leicester|Liverpool
2018/19,01/09/2018,Man City,Newcastle,2,1,H,1,1,D,24,3,8,2,4,0,5,13,0,0,0,0,1.11,11.0,26.0,Football-Data.co.uk,2018-09-01,2018/19|2018-09-01|Man City|Newcastle
2018/19,01/09/2018,West Ham,Wolves,0,1,A,0,0,D,13,15,3,6,4,4,10,11,2,1,0,0,2.6,3.4,2.87,Football-Data.co.uk,2018-09-01,2018/19|2018-09-01|West Ham|Wolves
2018/19,02/09/2018,Burnley,Man United,0,2,A,0,2,A,9,21,2,9,2,5,7,13,2,3,0,1,6.0,3.75,1.7,Football-Data.co.uk,2018-09-02,2018/19|2018-09-02|Burnley|Man United
2018/19,02/09/2018,Cardiff,Arsenal,2,3,A,1,1,D,14,17,3,11,3,9,12,14,3,4,0,0,6.5,4.33,1.57,Football-Data.co.uk,2018-09-02,2018/19|2018-09-02|Cardiff|Arsenal
2018/19,02/09/2018,Watford,Tottenham,2,1,H,0,0,D,7,11,3,2,3,10,9,8,2,1,0,0,5.5,4.2,1.64,Football-Data.co.uk,2018-09-02,2018/19|2018-09-02|Watford|Tottenham
2018/19,15/09/2018,Bournemouth,Leicester,4,2,H,3,0,H,10,14,5,8,4,6,13,15,3,2,0,1,2.45,3.5,3.0,Football-Data.co.uk,2018-09-15,2018/19|2018-09-15|Bournemouth|Leicester
2018/19,15/09/2018,Chelsea,Cardiff,4,1,H,2,1,H,18,6,7,2,5,4,8,10,0,0,0,0,1.18,8.0,19.0,Football-Data.co.uk,2018-09-15,2018/19|2018-09-15|Chelsea|Cardiff
2018/19,15/09/2018,Huddersfield,Crystal Palace,0,1,A,0,1,A,15,7,2,2,5,3,11,17,1,2,0,0,3.3,3.1,2.5,Football-Data.co.uk,2018-09-15,2018/19|2018-09-15|Huddersfield|Crystal Palace
2018/19,15/09/2018,Man City,Fulham,3,0,H,2,0,H,28,9,9,3,10,4,7,7,0,0,0,0,1.12,10.0,26.0,Football-Data.co.uk,2018-09-15,2018/19|2018-09-15|Man City|Fulham
2018/19,15/09/2018,Newcastle,Arsenal,1,2,A,0,0,D,4,12,2,2,10,4,13,11,0,0,0,0,4.2,3.8,1.9,Football-Data.co.uk,2018-09-15,2018/19|2018-09-15|Newcastle|Arsenal
2018/19,15/09/2018,Tottenham,Liverpool,1,2,A,0,1,A,11,17,3,10,5,4,17,16,0,0,0,0,3.0,3.6,2.4,Football-Data.co.uk,2018-09-15,2018/19|2018-09-15|Tottenham|Liverpool
2018/19,15/09/2018,Watford,Man United,1,2,A,0,2,A,14,9,5,6,6,8,9,11,2,1,0,1,4.33,3.6,1.95,Football-Data.co.uk,2018-09-15,2018/19|2018-09-15|Watford|Man United
2018/19,16/09/2018,Everton,West Ham,1,3,A,1,2,A,16,9,4,4,4,2,15,12,2,5,0,0,2.0,3.75,3.9,Football-Data.co.uk,2018-09-16,2018/19|2018-09-16|Everton|West Ham
2018/19,16/09/2018,Wolves,Burnley,1,0,H,0,0,D,30,7,7,2,8,2,10,9,2,4,0,0,1.75,3.6,5.75,Football-Data.co.uk,2018-09-16,2018/19|2018-09-16|Wolves|Burnley
2018/19,17/09/2018,Southampton,Brighton,2,2,D,1,0,H,14,12,5,4,1,4,10,13,2,3,0,0,2.1,3.4,3.9,Football-Data.co.uk,2018-09-17,2018/19|2018-09-17|Southampton|Brighton
2018/19,22/09/2018,Brighton,Tottenham,1,2,A,0,1,A,8,16,4,7,5,7,15,9,2,1,0,0,5.0,4.0,1.75,Football-Data.co.uk,2018-09-22,2018/19|2018-09-22|Brighton|Tottenham
2018/19,22/09/2018,Burnley,Bournemouth,4,0,H,2,0,H,12,19,5,5,3,8,17,6,2,0,0,0,3.0,3.4,2.5,Football-Data.co.uk,2018-09-22,2018/19|2018-09-22|Burnley|Bournemouth
2018/19,22/09/2018,Cardiff,Man City,0,5,A,0,3,A,2,21,2,10,1,9,6,4,1,1,0,0,23.0,8.0,1.16,Football-Data.co.uk,2018-09-22,2018/19|2018-09-22|Cardiff|Man City
2018/19,22/09/2018,Crystal Palace,Newcastle,0,0,D,0,0,D,16,6,4,3,9,5,8,11,1,1,0,0,2.14,3.4,3.75,Football-Data.co.uk,2018-09-22,2018/19|2018-09-22|Crystal Palace|Newcastle
2018/19,22/09/2018,Fulham,Watford,1,1,D,0,1,A,15,11,3,6,8,8,11,9,2,1,0,0,2.54,3.5,2.9,Football-Data.co.uk,2018-09-22,2018/19|2018-09-22|Fulham|Watford
2018/19,22/09/2018,Leicester,Huddersfield,3,1,H,1,1,D,18,9,8,2,3,1,10,16,2,1,0,0,1.61,4.0,6.5,Football-Data.co.uk,2018-09-22,2018/19|2018-09-22|Leicester|Huddersfield
2018/19,22/09/2018,Liverpool,Southampton,3,0,H,3,0,H,12,7,4,1,5,4,7,10,0,2,0,0,1.2,7.5,17.0,Football-Data.co.uk,2018-09-22,2018/19|2018-09-22|Liverpool|Southampton
2018/19,22/09/2018,Man United,Wolves,1,1,D,1,0,H,15,11,6,8,5,4,5,17,1,1,0,0,1.57,4.33,6.5,Football-Data.co.uk,2018-09-22,2018/19|2018-09-22|Man United|Wolves
2018/19,23/09/2018,Arsenal,Everton,2,0,H,0,0,D,9,9,5,6,5,9,17,12,2,1,0,0,1.44,5.0,7.5,Football-Data.co.uk,2018-09-23,2018/19|2018-09-23|Arsenal|Everton
2018/19,23/09/2018,West Ham,Chelsea,0,0,D,0,0,D,6,17,1,6,1,8,11,9,2,1,0,0,6.0,4.5,1.57,Football-Data.co.uk,2018-09-23,2018/19|2018-09-23|West Ham|Chelsea
2018/19,29/09/2018,Arsenal,Watford,2,0,H,0,0,D,9,13,2,4,6,6,11,17,2,2,0,0,1.44,5.1,7.0,Football-Data.co.uk,2018-09-29,2018/19|2018-09-29|Arsenal|Watford
2018/19,29/09/2018,Chelsea,Liverpool,1,1,D,1,0,H,10,13,4,6,4,4,7,9,0,2,0,0,2.8,3.6,2.54,Football-Data.co.uk,2018-09-29,2018/19|2018-09-29|Chelsea|Liverpool
2018/19,29/09/2018,Everton,Fulham,3,0,H,0,0,D,19,6,6,0,12,1,13,13,0,3,0,0,1.75,4.2,4.75,Football-Data.co.uk,2018-09-29,2018/19|2018-09-29|Everton|Fulham
2018/19,29/09/2018,Huddersfield,Tottenham,0,2,A,0,2,A,9,10,5,6,3,0,17,16,2,2,0,0,8.5,4.5,1.44,Football-Data.co.uk,2018-09-29,2018/19|2018-09-29|Huddersfield|Tottenham
2018/19,29/09/2018,Man City,Brighton,2,0,H,1,0,H,28,4,8,1,10,3,4,10,0,3,0,0,1.1,12.0,34.0,Football-Data.co.uk,2018-09-29,2018/19|2018-09-29|Man City|Brighton
2018/19,29/09/2018,Newcastle,Leicester,0,2,A,0,1,A,6,12,1,5,5,9,11,5,0,0,0,0,2.6,3.3,3.0,Football-Data.co.uk,2018-09-29,2018/19|2018-09-29|Newcastle|Leicester
2018/19,29/09/2018,West Ham,Man United,3,1,H,2,0,H,8,9,3,4,4,9,12,12,0,1,0,0,4.5,3.8,1.85,Football-Data.co.uk,2018-09-29,2018/19|2018-09-29|West Ham|Man United
2018/19,29/09/2018,Wolves,Southampton,2,0,H,0,0,D,14,17,6,6,8,6,11,7,3,1,0,0,1.8,3.6,5.25,Football-Data.co.uk,2018-09-29,2018/19|2018-09-29|Wolves|Southampton
2018/19,30/09/2018,Cardiff,Burnley,1,2,A,0,0,D,19,3,5,2,10,2,11,15,1,3,0,0,2.62,3.0,3.2,Football-Data.co.uk,2018-09-30,2018/19|2018-09-30|Cardiff|Burnley
2018/19,01/10/2018,Bournemouth,Crystal Palace,2,1,H,1,0,H,11,10,5,2,3,3,9,12,3,4,0,0,2.25,3.5,3.4,Football-Data.co.uk,2018-10-01,2018/19|2018-10-01|Bournemouth|Crystal Palace
2018/19,05/10/2018,Brighton,West Ham,1,0,H,1,0,H,9,17,4,4,2,9,12,8,3,2,0,0,2.7,3.3,2.87,Football-Data.co.uk,2018-10-05,2018/19|2018-10-05|Brighton|West Ham
2018/19,06/10/2018,Burnley,Huddersfield,1,1,D,1,0,H,6,19,3,2,1,10,8,11,2,2,0,0,2.14,3.1,4.2,Football-Data.co.uk,2018-10-06,2018/19|2018-10-06|Burnley|Huddersfield
2018/19,06/10/2018,Crystal Palace,Wolves,0,1,A,0,0,D,11,7,4,2,6,3,11,13,3,4,0,0,3.0,3.2,2.62,Football-Data.co.uk,2018-10-06,2018/19|2018-10-06|Crystal Palace|Wolves
2018/19,06/10/2018,Leicester,Everton,1,2,A,1,1,D,8,17,2,8,2,10,10,11,2,1,1,0,2.2,3.4,3.6,Football-Data.co.uk,2018-10-06,2018/19|2018-10-06|Leicester|Everton
2018/19,06/10/2018,Man United,Newcastle,3,2,H,0,2,A,18,13,10,8,10,6,16,8,2,2,0,0,1.44,4.5,9.0,Football-Data.co.uk,2018-10-06,2018/19|2018-10-06|Man United|Newcastle
2018/19,06/10/2018,Tottenham,Cardiff,1,0,H,1,0,H,19,8,7,6,6,2,7,11,2,1,0,1,1.22,7.0,15.0,Football-Data.co.uk,2018-10-06,2018/19|2018-10-06|Tottenham|Cardiff
2018/19,06/10/2018,Watford,Bournemouth,0,4,A,0,3,A,14,10,2,7,10,7,11,9,3,1,1,0,2.14,3.6,3.5,Football-Data.co.uk,2018-10-06,2018/19|2018-10-06|Watford|Bournemouth
2018/19,07/10/2018,Fulham,Arsenal,1,5,A,1,1,D,21,9,4,7,4,2,11,12,2,0,0,0,5.25,4.33,1.66,Football-Data.co.uk,2018-10-07,2018/19|2018-10-07|Fulham|Arsenal
2018/19,07/10/2018,Liverpool,Man City,0,0,D,0,0,D,7,6,2,2,2,6,10,10,1,3,0,0,2.54,3.6,2.8,Football-Data.co.uk,2018-10-07,2018/19|2018-10-07|Liverpool|Man City
2018/19,07/10/2018,Southampton,Chelsea,0,3,A,0,1,A,15,21,6,6,4,12,13,11,6,0,0,0,6.0,4.1,1.61,Football-Data.co.uk,2018-10-07,2018/19|2018-10-07|Southampton|Chelsea
2018/19,20/10/2018,Bournemouth,Southampton,0,0,D,0,0,D,10,8,2,4,6,4,10,14,1,2,0,0,2.04,3.7,3.75,Football-Data.co.uk,2018-10-20,2018/19|2018-10-20|Bournemouth|Southampton
2018/19,20/10/2018,Cardiff,Fulham,4,2,H,2,2,D,22,9,5,4,4,4,15,16,3,3,0,0,2.5,3.5,2.95,Football-Data.co.uk,2018-10-20,2018/19|2018-10-20|Cardiff|Fulham
2018/19,20/10/2018,Chelsea,Man United,2,2,D,1,0,H,21,7,6,4,5,3,9,17,2,5,0,0,1.75,3.8,5.25,Football-Data.co.uk,2018-10-20,2018/19|2018-10-20|Chelsea|Man United
2018/19,20/10/2018,Huddersfield,Liverpool,0,1,A,0,1,A,13,11,1,2,2,4,9,6,0,2,0,0,11.0,5.5,1.33,Football-Data.co.uk,2018-10-20,2018/19|2018-10-20|Huddersfield|Liverpool
2018/19,20/10/2018,Man City,Burnley,5,0,H,1,0,H,24,5,10,0,10,1,11,5,2,2,0,0,1.08,13.0,34.0,Football-Data.co.uk,2018-10-20,2018/19|2018-10-20|Man City|Burnley
2018/19,20/10/2018,Newcastle,Brighton,0,1,A,0,1,A,27,8,6,2,10,2,13,17,0,2,0,0,2.2,3.25,3.8,Football-Data.co.uk,2018-10-20,2018/19|2018-10-20|Newcastle|Brighton
2018/19,20/10/2018,West Ham,Tottenham,0,1,A,0,1,A,13,10,4,2,10,6,8,10,3,0,0,0,4.1,3.9,1.9,Football-Data.co.uk,2018-10-20,2018/19|2018-10-20|West Ham|Tottenham
2018/19,20/10/2018,Wolves,Watford,0,2,A,0,2,A,10,9,1,3,8,2,23,13,3,1,0,0,1.75,3.75,5.25,Football-Data.co.uk,2018-10-20,2018/19|2018-10-20|Wolves|Watford
2018/19,21/10/2018,Everton,Crystal Palace,2,0,H,0,0,D,20,7,4,3,10,5,13,17,2,1,0,0,1.85,3.6,4.75,Football-Data.co.uk,2018-10-21,2018/19|2018-10-21|Everton|Crystal Palace
2018/19,22/10/2018,Arsenal,Leicester,3,1,H,1,1,D,19,8,6,2,6,4,10,10,2,2,0,0,1.53,4.5,6.5,Football-Data.co.uk,2018-10-22,2018/19|2018-10-22|Arsenal|Leicester
2018/19,27/10/2018,Brighton,Wolves,1,0,H,0,0,D,2,25,1,7,1,10,11,8,3,0,0,0,3.2,3.2,2.5,Football-Data.co.uk,2018-10-27,2018/19|2018-10-27|Brighton|Wolves
2018/19,27/10/2018,Fulham,Bournemouth,0,3,A,0,1,A,11,12,1,5,5,5,16,3,2,1,1,0,2.9,3.75,2.4,Football-Data.co.uk,2018-10-27,2018/19|2018-10-27|Fulham|Bournemouth
2018/19,27/10/2018,Leicester,West Ham,1,1,D,0,1,A,21,11,7,3,8,0,17,5,1,1,0,1,2.1,3.5,3.8,Football-Data.co.uk,2018-10-27,2018/19|2018-10-27|Leicester|West Ham
2018/19,27/10/2018,Liverpool,Cardiff,4,1,H,1,0,H,19,2,7,1,8,0,6,4,0,0,0,0,1.11,11.0,26.0,Football-Data.co.uk,2018-10-27,2018/19|2018-10-27|Liverpool|Cardiff
2018/19,27/10/2018,Southampton,Newcastle,0,0,D,0,0,D,22,6,4,0,7,2,9,12,0,1,0,0,2.1,3.4,3.9,Football-Data.co.uk,2018-10-27,2018/19|2018-10-27|Southampton|Newcastle
2018/19,27/10/2018,Watford,Huddersfield,3,0,H,2,0,H,12,13,6,7,3,3,9,13,1,2,0,0,1.75,3.75,5.25,Football-Data.co.uk,2018-10-27,2018/19|2018-10-27|Watford|Huddersfield
2018/19,28/10/2018,Burnley,Chelsea,0,4,A,0,1,A,7,24,1,8,4,4,14,10,4,2,0,0,11.0,5.0,1.36,Football-Data.co.uk,2018-10-28,2018/19|2018-10-28|Burnley|Chelsea
2018/19,28/10/2018,Crystal Palace,Arsenal,2,2,D,1,0,H,16,7,3,2,6,4,10,16,1,2,0,0,4.75,4.1,1.75,Football-Data.co.uk,2018-10-28,2018/19|2018-10-28|Crystal Palace|Arsenal
2018/19,28/10/2018,Man United,Everton,2,1,H,1,0,H,14,14,10,6,8,4,15,12,2,1,0,0,1.72,3.9,5.25,Football-Data.co.uk,2018-10-28,2018/19|2018-10-28|Man United|Everton
2018/19,29/10/2018,Tottenham,Man City,0,1,A,0,1,A,4,13,1,6,3,6,13,13,2,2,0,0,4.75,4.1,1.75,Football-Data.co.uk,2018-10-29,2018/19|2018-10-29|Tottenham|Man City
2018/19,03/11/2018,Arsenal,Liverpool,1,1,D,0,0,D,12,13,4,4,5,8,7,7,1,1,0,0,3.9,3.9,1.95,Football-Data.co.uk,2018-11-03,2018/19|2018-11-03|Arsenal|Liverpool
2018/19,03/11/2018,Bournemouth,Man United,1,2,A,1,1,D,18,18,7,8,9,5,12,12,4,3,0,0,3.6,3.7,2.1,Football-Data.co.uk,2018-11-03,2018/19|2018-11-03|Bournemouth|Man United
2018/19,03/11/2018,Cardiff,Leicester,0,1,A,0,0,D,11,13,2,5,6,12,13,12,2,2,0,0,3.8,3.4,2.14,Football-Data.co.uk,2018-11-03,2018/19|2018-11-03|Cardiff|Leicester
2018/19,03/11/2018,Everton,Brighton,3,1,H,1,1,D,14,5,3,3,6,4,9,17,0,1,0,0,1.61,4.0,6.5,Football-Data.co.uk,2018-11-03,2018/19|2018-11-03|Everton|Brighton
2018/19,03/11/2018,Newcastle,Watford,1,0,H,0,0,D,10,16,2,1,8,9,12,11,1,5,0,0,2.75,3.25,2.8,Football-Data.co.uk,2018-11-03,2018/19|2018-11-03|Newcastle|Watford
2018/19,03/11/2018,West Ham,Burnley,4,2,H,1,1,D,22,6,10,3,10,4,7,9,1,4,0,0,1.75,3.75,5.25,Football-Data.co.uk,2018-11-03,2018/19|2018-11-03|West Ham|Burnley
2018/19,03/11/2018,Wolves,Tottenham,2,3,A,0,2,A,16,10,7,8,5,1,11,8,1,2,0,0,3.1,3.4,2.45,Football-Data.co.uk,2018-11-03,2018/19|2018-11-03|Wolves|Tottenham
2018/19,04/11/2018,Chelsea,Crystal Palace,3,1,H,1,0,H,15,7,6,2,4,2,6,13,0,1,0,0,1.25,6.75,13.0,Football-Data.co.uk,2018-11-04,2018/19|2018-11-04|Chelsea|Crystal Palace
2018/19,04/11/2018,Man City,Southampton,6,1,H,4,1,H,18,12,8,6,4,4,14,9,1,1,0,0,1.11,11.0,29.0,Football-Data.co.uk,2018-11-04,2018/19|2018-11-04|Man City|Southampton
2018/19,05/11/2018,Huddersfield,Fulham,1,0,H,1,0,H,10,7,2,1,5,4,11,8,1,2,0,0,2.3,3.5,3.3,Football-Data.co.uk,2018-11-05,2018/19|2018-11-05|Huddersfield|Fulham
2018/19,10/11/2018,Cardiff,Brighton,2,1,H,1,1,D,20,7,6,3,4,1,7,21,2,1,0,1,2.6,3.1,3.1,Football-Data.co.uk,2018-11-10,2018/19|2018-11-10|Cardiff|Brighton
2018/19,10/11/2018,Crystal Palace,Tottenham,0,1,A,0,0,D,11,11,4,2,10,6,12,9,1,1,0,0,4.5,3.75,1.85,Football-Data.co.uk,2018-11-10,2018/19|2018-11-10|Crystal Palace|Tottenham
2018/19,10/11/2018,Huddersfield,West Ham,1,1,D,1,0,H,15,12,7,5,5,6,9,8,1,1,0,0,3.4,3.25,2.35,Football-Data.co.uk,2018-11-10,2018/19|2018-11-10|Huddersfield|West Ham
2018/19,10/11/2018,Leicester,Burnley,0,0,D,0,0,D,22,6,5,1,12,1,13,10,2,0,0,0,1.5,4.33,8.0,Football-Data.co.uk,2018-11-10,2018/19|2018-11-10|Leicester|Burnley
2018/19,10/11/2018,Newcastle,Bournemouth,2,1,H,2,1,H,18,14,6,4,7,10,9,11,2,1,0,0,2.9,3.4,2.6,Football-Data.co.uk,2018-11-10,2018/19|2018-11-10|Newcastle|Bournemouth
2018/19,10/11/2018,Southampton,Watford,1,1,D,1,0,H,14,12,4,6,7,6,13,13,3,2,0,0,2.5,3.3,3.1,Football-Data.co.uk,2018-11-10,2018/19|2018-11-10|Southampton|Watford
2018/19,11/11/2018,Arsenal,Wolves,1,1,D,0,1,A,10,12,3,5,11,2,9,16,2,2,0,0,1.66,4.2,5.25,Football-Data.co.uk,2018-11-11,2018/19|2018-11-11|Arsenal|Wolves
2018/19,11/11/2018,Chelsea,Everton,0,0,D,0,0,D,15,6,4,1,5,5,7,11,4,3,0,0,1.4,5.25,8.5,Football-Data.co.uk,2018-11-11,2018/19|2018-11-11|Chelsea|Everton
2018/19,11/11/2018,Liverpool,Fulham,2,0,H,1,0,H,20,8,7,3,6,3,11,9,1,1,0,0,1.11,11.0,26.0,Football-Data.co.uk,2018-11-11,2018/19|2018-11-11|Liverpool|Fulham
2018/19,11/11/2018,Man City,Man United,3,1,H,1,0,H,17,6,5,1,5,1,12,12,1,1,0,0,1.4,5.25,8.5,Football-Data.co.uk,2018-11-11,2018/19|2018-11-11|Man City|Man United
2018/19,24/11/2018,Brighton,Leicester,1,1,D,1,0,H,14,8,3,3,6,1,10,7,3,1,0,1,2.9,3.4,2.6,Football-Data.co.uk,2018-11-24,2018/19|2018-11-24|Brighton|Leicester
2018/19,24/11/2018,Everton,Cardiff,1,0,H,0,0,D,16,7,8,1,7,3,12,13,0,3,0,0,1.4,5.0,9.0,Football-Data.co.uk,2018-11-24,2018/19|2018-11-24|Everton|Cardiff
2018/19,24/11/2018,Fulham,Southampton,3,2,H,2,1,H,10,19,5,8,2,5,10,6,2,3,0,0,2.62,3.5,2.8,Football-Data.co.uk,2018-11-24,2018/19|2018-11-24|Fulham|Southampton
2018/19,24/11/2018,Man United,Crystal Palace,0,0,D,0,0,D,12,13,5,2,10,3,13,12,1,2,0,0,1.4,5.25,8.0,Football-Data.co.uk,2018-11-24,2018/19|2018-11-24|Man United|Crystal Palace
2018/19,24/11/2018,Tottenham,Chelsea,3,1,H,2,0,H,18,13,9,2,4,4,19,12,0,3,0,0,2.8,3.5,2.6,Football-Data.co.uk,2018-11-24,2018/19|2018-11-24|Tottenham|Chelsea
2018/19,24/11/2018,Watford,Liverpool,0,3,A,0,0,D,5,10,1,7,5,5,12,13,0,0,0,1,6.5,4.33,1.55,Football-Data.co.uk,2018-11-24,2018/19|2018-11-24|Watford|Liverpool
2018/19,24/11/2018,West Ham,Man City,0,4,A,0,3,A,9,9,1,6,8,1,6,3,0,0,0,0,13.0,6.5,1.25,Football-Data.co.uk,2018-11-24,2018/19|2018-11-24|West Ham|Man City
2018/19,25/11/2018,Bournemouth,Arsenal,1,2,A,1,1,D,11,20,5,4,5,8,6,9,2,1,0,0,3.5,3.75,1.95,Football-Data.co.uk,2018-11-25,2018/19|2018-11-25|Bournemouth|Arsenal
2018/19,25/11/2018,Wolves,Huddersfield,0,2,A,0,1,A,12,14,3,6,3,5,9,8,1,2,0,0,1.5,4.33,8.0,Football-Data.co.uk,2018-11-25,2018/19|2018-11-25|Wolves|Huddersfield
2018/19,26/11/2018,Burnley,Newcastle,1,2,A,1,2,A,14,17,4,3,5,5,6,11,0,1,0,0,2.9,3.2,2.75,Football-Data.co.uk,2018-11-26,2018/19|2018-11-26|Burnley|Newcastle
2018/19,30/11/2018,Cardiff,Wolves,2,1,H,0,1,A,17,15,3,4,7,6,3,12,1,2,0,0,3.8,3.25,2.2,Football-Data.co.uk,2018-11-30,2018/19|2018-11-30|Cardiff|Wolves
2018/19,01/12/2018,Crystal Palace,Burnley,2,0,H,1,0,H,29,4,9,0,10,2,9,10,1,1,0,0,1.61,3.9,6.5,Football-Data.co.uk,2018-12-01,2018/19|2018-12-01|Crystal Palace|Burnley
2018/19,01/12/2018,Huddersfield,Brighton,1,2,A,1,1,D,7,14,2,6,2,6,10,12,0,2,1,0,2.5,3.0,3.4,Football-Data.co.uk,2018-12-01,2018/19|2018-12-01|Huddersfield|Brighton
2018/19,01/12/2018,Leicester,Watford,2,0,H,2,0,H,7,8,3,0,4,8,7,6,2,1,0,1,2.25,3.3,3.6,Football-Data.co.uk,2018-12-01,2018/19|2018-12-01|Leicester|Watford
2018/19,01/12/2018,Man City,Bournemouth,3,1,H,1,1,D,16,4,6,1,8,4,9,3,0,0,0,0,1.11,11.0,26.0,Football-Data.co.uk,2018-12-01,2018/19|2018-12-01|Man City|Bournemouth
2018/19,01/12/2018,Newcastle,West Ham,0,3,A,0,1,A,16,7,4,4,7,3,10,10,3,3,0,0,2.5,3.3,3.1,Football-Data.co.uk,2018-12-01,2018/19|2018-12-01|Newcastle|West Ham
2018/19,01/12/2018,Southampton,Man United,2,2,D,2,2,D,16,11,6,5,3,5,12,13,4,4,0,0,4.33,3.6,1.95,Football-Data.co.uk,2018-12-01,2018/19|2018-12-01|Southampton|Man United
2018/19,02/12/2018,Arsenal,Tottenham,4,2,H,1,2,A,22,11,7,6,8,5,15,17,3,3,0,1,2.62,3.6,2.75,Football-Data.co.uk,2018-12-02,2018/19|2018-12-02|Arsenal|Tottenham
2018/19,02/12/2018,Chelsea,Fulham,2,0,H,1,0,H,16,9,9,4,4,6,8,17,2,1,0,0,1.18,8.0,17.0,Football-Data.co.uk,2018-12-02,2018/19|2018-12-02|Chelsea|Fulham
2018/19,02/12/2018,Liverpool,Everton,1,0,H,0,0,D,16,9,3,3,8,1,12,7,3,2,0,0,1.4,5.0,9.0,Football-Data.co.uk,2018-12-02,2018/19|2018-12-02|Liverpool|Everton
2018/19,04/12/2018,Bournemouth,Huddersfield,2,1,H,2,1,H,6,23,2,6,4,8,14,11,4,2,0,0,1.66,3.8,6.0,Football-Data.co.uk,2018-12-04,2018/19|2018-12-04|Bournemouth|Huddersfield
2018/19,04/12/2018,Brighton,Crystal Palace,3,1,H,3,0,H,9,18,3,5,4,5,14,12,2,3,1,0,3.0,3.1,2.7,Football-Data.co.uk,2018-12-04,2018/19|2018-12-04|Brighton|Crystal Palace
2018/19,04/12/2018,Watford,Man City,1,2,A,0,1,A,11,15,7,7,3,11,4,8,0,1,0,0,11.0,6.0,1.3,Football-Data.co.uk,2018-12-04,2018/19|2018-12-04|Watford|Man City
2018/19,04/12/2018,West Ham,Cardiff,3,1,H,0,0,D,17,9,11,5,10,4,10,10,1,2,0,0,1.66,4.0,5.75,Football-Data.co.uk,2018-12-04,2018/19|2018-12-04|West Ham|Cardiff
2018/19,05/12/2018,Burnley,Liverpool,1,3,A,0,0,D,10,18,6,12,5,9,10,3,1,0,0,0,14.0,5.75,1.28,Football-Data.co.uk,2018-12-05,2018/19|2018-12-05|Burnley|Liverpool
2018/19,05/12/2018,Everton,Newcastle,1,1,D,1,1,D,19,8,3,5,14,2,7,18,0,5,0,0,1.6,4.0,6.5,Football-Data.co.uk,2018-12-05,2018/19|2018-12-05|Everton|Newcastle
2018/19,05/12/2018,Fulham,Leicester,1,1,D,1,0,H,25,13,7,5,10,8,12,7,0,0,0,0,3.0,3.5,2.45,Football-Data.co.uk,2018-12-05,2018/19|2018-12-05|Fulham|Leicester
2018/19,05/12/2018,Man United,Arsenal,2,2,D,1,1,D,10,9,7,4,4,4,13,10,3,3,0,0,2.45,3.5,3.0,Football-Data.co.uk,2018-12-05,2018/19|2018-12-05|Man United|Arsenal
2018/19,05/12/2018,Tottenham,Southampton,3,1,H,1,0,H,13,18,8,5,8,6,7,5,0,0,0,0,1.36,5.25,9.5,Football-Data.co.uk,2018-12-05,2018/19|2018-12-05|Tottenham|Southampton
2018/19,05/12/2018,Wolves,Chelsea,2,1,H,0,1,A,6,17,2,3,1,5,18,10,4,4,0,0,5.0,3.75,1.8,Football-Data.co.uk,2018-12-05,2018/19|2018-12-05|Wolves|Chelsea
2018/19,08/12/2018,Arsenal,Huddersfield,1,0,H,0,0,D,14,6,2,0,7,1,13,20,5,4,0,0,1.28,6.0,12.0,Football-Data.co.uk,2018-12-08,2018/19|2018-12-08|Arsenal|Huddersfield
2018/19,08/12/2018,Bournemouth,Liverpool,0,4,A,0,1,A,8,10,2,4,6,6,9,11,2,1,0,0,5.75,4.5,1.6,Football-Data.co.uk,2018-12-08,2018/19|2018-12-08|Bournemouth|Liverpool
2018/19,08/12/2018,Burnley,Brighton,1,0,H,1,0,H,14,14,4,1,2,7,11,11,2,0,0,0,2.9,3.2,2.75,Football-Data.co.uk,2018-12-08,2018/19|2018-12-08|Burnley|Brighton
2018/19,08/12/2018,Cardiff,Southampton,1,0,H,0,0,D,13,12,4,1,7,7,9,10,2,2,0,0,2.9,3.25,2.7,Football-Data.co.uk,2018-12-08,2018/19|2018-12-08|Cardiff|Southampton
2018/19,08/12/2018,Chelsea,Man City,2,0,H,1,0,H,8,14,5,4,1,13,12,11,2,0,0,0,4.0,3.8,1.95,Football-Data.co.uk,2018-12-08,2018/19|2018-12-08|Chelsea|Man City
2018/19,08/12/2018,Leicester,Tottenham,0,2,A,0,1,A,11,7,3,2,6,5,12,7,3,1,0,0,3.8,3.75,2.0,Football-Data.co.uk,2018-12-08,2018/19|2018-12-08|Leicester|Tottenham
2018/19,08/12/2018,Man United,Fulham,4,1,H,3,0,H,20,10,11,4,10,3,11,15,1,1,0,1,1.33,5.75,10.0,Football-Data.co.uk,2018-12-08,2018/19|2018-12-08|Man United|Fulham
2018/19,08/12/2018,West Ham,Crystal Palace,3,2,H,0,1,A,13,8,6,4,5,3,10,8,1,2,0,0,2.3,3.4,3.4,Football-Data.co.uk,2018-12-08,2018/19|2018-12-08|West Ham|Crystal Palace
2018/19,09/12/2018,Newcastle,Wolves,1,2,A,1,1,D,12,13,4,6,4,6,10,17,2,5,1,0,2.9,3.2,2.7,Football-Data.co.uk,2018-12-09,2018/19|2018-12-09|Newcastle|Wolves
2018/19,10/12/2018,Everton,Watford,2,2,D,1,0,H,12,15,5,3,6,6,13,13,1,1,0,0,1.8,3.75,5.0,Football-Data.co.uk,2018-12-10,2018/19|2018-12-10|Everton|Watford
2018/19,15/12/2018,Crystal Palace,Leicester,1,0,H,1,0,H,8,12,1,2,4,4,10,8,2,1,0,0,2.62,3.2,3.0,Football-Data.co.uk,2018-12-15,2018/19|2018-12-15|Crystal Palace|Leicester
2018/19,15/12/2018,Fulham,West Ham,0,2,A,0,2,A,16,6,4,3,6,4,14,10,2,1,0,0,2.9,3.6,2.5,Football-Data.co.uk,2018-12-15,2018/19|2018-12-15|Fulham|West Ham
2018/19,15/12/2018,Huddersfield,Newcastle,0,1,A,0,0,D,15,8,5,5,10,1,5,13,1,1,0,0,2.6,3.1,3.1,Football-Data.co.uk,2018-12-15,2018/19|2018-12-15|Huddersfield|Newcastle
2018/19,15/12/2018,Man City,Everton,3,1,H,1,0,H,13,9,5,2,6,2,7,9,1,2,0,0,1.22,7.5,13.0,Football-Data.co.uk,2018-12-15,2018/19|2018-12-15|Man City|Everton
2018/19,15/12/2018,Tottenham,Burnley,1,0,H,0,0,D,15,4,3,0,8,3,7,8,0,2,0,0,1.18,8.0,19.0,Football-Data.co.uk,2018-12-15,2018/19|2018-12-15|Tottenham|Burnley
2018/19,15/12/2018,Watford,Cardiff,3,2,H,1,0,H,17,10,8,3,5,0,7,5,0,0,0,0,1.64,3.9,6.0,Football-Data.co.uk,2018-12-15,2018/19|2018-12-15|Watford|Cardiff
2018/19,15/12/2018,Wolves,Bournemouth,2,0,H,1,0,H,9,13,3,3,5,3,15,7,1,2,0,0,1.95,3.6,4.33,Football-Data.co.uk,2018-12-15,2018/19|2018-12-15|Wolves|Bournemouth
2018/19,16/12/2018,Brighton,Chelsea,1,2,A,0,2,A,6,10,2,3,4,1,14,6,2,2,0,0,7.5,4.5,1.5,Football-Data.co.uk,2018-12-16,2018/19|2018-12-16|Brighton|Chelsea
2018/19,16/12/2018,Liverpool,Man United,3,1,H,1,1,D,36,6,11,2,13,2,6,14,0,2,0,0,1.57,4.5,6.0,Football-Data.co.uk,2018-12-16,2018/19|2018-12-16|Liverpool|Man United
2018/19,16/12/2018,Southampton,Arsenal,3,2,H,2,1,H,12,13,7,4,4,5,12,10,3,1,0,0,4.1,3.9,1.9,Football-Data.co.uk,2018-12-16,2018/19|2018-12-16|Southampton|Arsenal
2018/19,21/12/2018,Wolves,Liverpool,0,2,A,0,1,A,11,15,5,6,1,10,7,3,0,0,0,0,7.0,4.0,1.57,Football-Data.co.uk,2018-12-21,2018/19|2018-12-21|Wolves|Liverpool
2018/19,22/12/2018,Arsenal,Burnley,3,1,H,1,0,H,10,7,6,2,1,3,10,14,2,5,0,0,1.25,6.5,15.0,Football-Data.co.uk,2018-12-22,2018/19|2018-12-22|Arsenal|Burnley
2018/19,22/12/2018,Bournemouth,Brighton,2,0,H,1,0,H,14,10,3,5,6,5,8,18,2,0,0,1,1.9,3.7,4.33,Football-Data.co.uk,2018-12-22,2018/19|2018-12-22|Bournemouth|Brighton
2018/19,22/12/2018,Cardiff,Man United,1,5,A,1,3,A,9,17,3,9,4,7,13,13,2,1,0,0,6.5,4.2,1.57,Football-Data.co.uk,2018-12-22,2018/19|2018-12-22|Cardiff|Man United
2018/19,22/12/2018,Chelsea,Leicester,0,1,A,0,0,D,17,8,5,3,9,5,10,9,0,2,0,0,1.33,5.5,11.0,Football-Data.co.uk,2018-12-22,2018/19|2018-12-22|Chelsea|Leicester
2018/19,22/12/2018,Huddersfield,Southampton,1,3,A,0,2,A,16,13,5,6,8,2,12,9,2,3,0,0,3.1,3.1,2.6,Football-Data.co.uk,2018-12-22,2018/19|2018-12-22|Huddersfield|Southampton
2018/19,22/12/2018,Man City,Crystal Palace,2,3,A,1,2,A,19,5,5,3,13,0,7,6,0,4,0,0,1.14,10.0,21.0,Football-Data.co.uk,2018-12-22,2018/19|2018-12-22|Man City|Crystal Palace
2018/19,22/12/2018,Newcastle,Fulham,0,0,D,0,0,D,9,4,0,2,6,0,9,12,1,2,0,0,2.0,3.6,4.0,Football-Data.co.uk,2018-12-22,2018/19|2018-12-22|Newcastle|Fulham
2018/19,22/12/2018,West Ham,Watford,0,2,A,0,1,A,18,11,7,5,10,4,9,11,3,2,0,0,2.37,3.5,3.1,Football-Data.co.uk,2018-12-22,2018/19|2018-12-22|West Ham|Watford
2018/19,23/12/2018,Everton,Tottenham,2,6,A,1,3,A,10,17,3,8,2,1,13,9,0,2,0,0,3.25,3.5,2.3,Football-Data.co.uk,2018-12-23,2018/19|2018-12-23|Everton|Tottenham
2018/19,26/12/2018,Brighton,Arsenal,1,1,D,1,1,D,12,7,3,4,4,9,10,4,2,1,0,0,5.25,3.9,1.72,Football-Data.co.uk,2018-12-26,2018/19|2018-12-26|Brighton|Arsenal
2018/19,26/12/2018,Burnley,Everton,1,5,A,1,3,A,11,13,4,6,5,7,11,19,2,4,0,0,4.33,3.5,1.95,Football-Data.co.uk,2018-12-26,2018/19|2018-12-26|Burnley|Everton
2018/19,26/12/2018,Crystal Palace,Cardiff,0,0,D,0,0,D,31,9,5,4,12,1,9,11,0,3,0,0,1.66,4.0,5.75,Football-Data.co.uk,2018-12-26,2018/19|2018-12-26|Crystal Palace|Cardiff
2018/19,26/12/2018,Fulham,Wolves,1,1,D,0,0,D,11,14,9,5,2,0,9,6,2,1,0,0,3.25,3.4,2.37,Football-Data.co.uk,2018-12-26,2018/19|2018-12-26|Fulham|Wolves
2018/19,26/12/2018,Leicester,Man City,2,1,H,1,1,D,10,11,5,4,3,7,5,8,2,2,0,1,9.5,5.25,1.36,Football-Data.co.uk,2018-12-26,2018/19|2018-12-26|Leicester|Man City
2018/19,26/12/2018,Liverpool,Newcastle,4,0,H,1,0,H,16,6,8,2,10,2,7,9,0,0,0,0,1.16,8.5,19.0,Football-Data.co.uk,2018-12-26,2018/19|2018-12-26|Liverpool|Newcastle
2018/19,26/12/2018,Man United,Huddersfield,3,1,H,1,0,H,16,10,10,2,5,3,9,13,1,1,0,0,1.25,6.5,15.0,Football-Data.co.uk,2018-12-26,2018/19|2018-12-26|Man United|Huddersfield
2018/19,26/12/2018,Tottenham,Bournemouth,5,0,H,3,0,H,10,14,7,4,3,4,4,8,2,1,0,0,1.36,5.5,9.0,Football-Data.co.uk,2018-12-26,2018/19|2018-12-26|Tottenham|Bournemouth
2018/19,26/12/2018,Watford,Chelsea,1,2,A,1,1,D,10,10,2,4,3,4,15,5,1,0,0,0,5.25,3.8,1.75,Football-Data.co.uk,2018-12-26,2018/19|2018-12-26|Watford|Chelsea
2018/19,27/12/2018,Southampton,West Ham,1,2,A,0,0,D,11,16,5,5,4,5,10,3,2,0,0,0,2.3,3.5,3.3,Football-Data.co.uk,2018-12-27,2018/19|2018-12-27|Southampton|West Ham
2018/19,29/12/2018,Brighton,Everton,1,0,H,0,0,D,11,13,3,4,6,6,10,11,0,2,0,0,3.25,3.4,2.14,Football-Data.co.uk,2018-12-29,2018/19|2018-12-29|Brighton|Everton
2018/19,29/12/2018,Fulham,Huddersfield,1,0,H,0,0,D,14,9,5,5,4,3,12,10,3,1,0,0,2.0,3.4,3.75,Football-Data.co.uk,2018-12-29,2018/19|2018-12-29|Fulham|Huddersfield
2018/19,29/12/2018,Leicester,Cardiff,0,1,A,0,0,D,16,12,7,3,10,4,14,16,0,2,0,0,1.55,4.0,6.0,Football-Data.co.uk,2018-12-29,2018/19|2018-12-29|Leicester|Cardiff
2018/19,29/12/2018,Liverpool,Arsenal,5,1,H,4,1,H,15,8,10,2,5,3,8,13,1,2,0,0,1.5,4.5,5.75,Football-Data.co.uk,2018-12-29,2018/19|2018-12-29|Liverpool|Arsenal
2018/19,29/12/2018,Tottenham,Wolves,1,3,A,1,0,H,10,11,3,4,6,7,7,7,3,2,0,0,1.33,5.0,8.5,Football-Data.co.uk,2018-12-29,2018/19|2018-12-29|Tottenham|Wolves
2018/19,29/12/2018,Watford,Newcastle,1,1,D,0,1,A,12,8,5,2,3,6,17,16,1,2,0,0,1.85,3.6,4.0,Football-Data.co.uk,2018-12-29,2018/19|2018-12-29|Watford|Newcastle
2018/19,30/12/2018,Burnley,West Ham,2,0,H,2,0,H,17,11,5,4,5,5,15,11,1,4,0,0,3.3,3.2,2.25,Football-Data.co.uk,2018-12-30,2018/19|2018-12-30|Burnley|West Ham
2018/19,30/12/2018,Crystal Palace,Chelsea,0,1,A,0,0,D,4,12,0,4,3,4,11,8,0,1,0,0,4.75,4.0,1.66,Football-Data.co.uk,2018-12-30,2018/19|2018-12-30|Crystal Palace|Chelsea
2018/19,30/12/2018,Man United,Bournemouth,4,1,H,3,1,H,11,7,8,3,4,5,10,7,2,0,1,0,1.33,4.75,10.0,Football-Data.co.uk,2018-12-30,2018/19|2018-12-30|Man United|Bournemouth
2018/19,30/12/2018,Southampton,Man City,1,3,A,1,3,A,5,14,4,6,3,8,11,10,2,3,1,0,10.0,5.25,1.3,Football-Data.co.uk,2018-12-30,2018/19|2018-12-30|Southampton|Man City
2018/19,01/01/2019,Arsenal,Fulham,4,1,H,1,0,H,16,9,9,4,8,3,7,12,0,1,0,0,1.33,5.75,9.5,Football-Data.co.uk,2019-01-01,2018/19|2019-01-01|Arsenal|Fulham
2018/19,01/01/2019,Cardiff,Tottenham,0,3,A,0,3,A,6,13,3,4,5,3,6,6,1,0,0,0,7.5,4.5,1.5,Football-Data.co.uk,2019-01-01,2018/19|2019-01-01|Cardiff|Tottenham
2018/19,01/01/2019,Everton,Leicester,0,1,A,0,0,D,17,8,2,4,6,5,5,8,3,1,0,0,2.0,3.5,4.2,Football-Data.co.uk,2019-01-01,2018/19|2019-01-01|Everton|Leicester
2018/19,02/01/2019,Bournemouth,Watford,3,3,D,3,3,D,25,11,12,3,4,2,9,15,1,4,0,0,2.6,3.6,2.75,Football-Data.co.uk,2019-01-02,2018/19|2019-01-02|Bournemouth|Watford
2018/19,02/01/2019,Chelsea,Southampton,0,0,D,0,0,D,17,6,6,2,7,2,8,11,1,2,0,0,1.28,6.5,11.0,Football-Data.co.uk,2019-01-02,2018/19|2019-01-02|Chelsea|Southampton
2018/19,02/01/2019,Huddersfield,Burnley,1,2,A,1,1,D,9,16,2,8,5,2,11,9,0,4,1,1,2.14,3.1,4.2,Football-Data.co.uk,2019-01-02,2018/19|2019-01-02|Huddersfield|Burnley
2018/19,02/01/2019,Newcastle,Man United,0,2,A,0,0,D,14,16,3,7,1,2,10,9,1,2,0,0,6.0,4.2,1.61,Football-Data.co.uk,2019-01-02,2018/19|2019-01-02|Newcastle|Man United
2018/19,02/01/2019,West Ham,Brighton,2,2,D,0,0,D,13,13,6,6,1,5,9,11,0,1,0,0,1.95,3.75,4.0,Football-Data.co.uk,2019-01-02,2018/19|2019-01-02|West Ham|Brighton
2018/19,02/01/2019,Wolves,Crystal Palace,0,2,A,0,0,D,9,17,1,4,3,10,9,7,4,1,0,0,2.0,3.4,4.33,Football-Data.co.uk,2019-01-02,2018/19|2019-01-02|Wolves|Crystal Palace
2018/19,03/01/2019,Man City,Liverpool,2,1,H,1,0,H,9,7,4,5,2,1,12,7,4,2,0,0,2.04,3.8,3.6,Football-Data.co.uk,2019-01-03,2018/19|2019-01-03|Man City|Liverpool
2018/19,12/01/2019,Brighton,Liverpool,0,1,A,0,0,D,7,10,0,3,2,7,15,5,0,0,0,0,11.0,6.0,1.3,Football-Data.co.uk,2019-01-12,2018/19|2019-01-12|Brighton|Liverpool
2018/19,12/01/2019,Burnley,Fulham,2,1,H,2,1,H,11,12,0,4,2,6,5,9,1,2,0,0,2.4,3.3,3.25,Football-Data.co.uk,2019-01-12,2018/19|2019-01-12|Burnley|Fulham
2018/19,12/01/2019,Cardiff,Huddersfield,0,0,D,0,0,D,3,14,0,2,3,10,12,14,3,1,0,0,2.25,3.25,3.6,Football-Data.co.uk,2019-01-12,2018/19|2019-01-12|Cardiff|Huddersfield
2018/19,12/01/2019,Chelsea,Newcastle,2,1,H,1,1,D,10,9,6,2,8,5,6,13,1,1,0,0,1.22,7.0,15.0,Football-Data.co.uk,2019-01-12,2018/19|2019-01-12|Chelsea|Newcastle
2018/19,12/01/2019,Crystal Palace,Watford,1,2,A,1,0,H,15,16,6,2,7,7,11,11,1,4,0,0,2.25,3.4,3.5,Football-Data.co.uk,2019-01-12,2018/19|2019-01-12|Crystal Palace|Watford
2018/19,12/01/2019,Leicester,Southampton,1,2,A,0,2,A,23,8,6,3,10,3,7,9,2,1,0,1,1.95,3.5,4.33,Football-Data.co.uk,2019-01-12,2018/19|2019-01-12|Leicester|Southampton
2018/19,12/01/2019,West Ham,Arsenal,1,0,H,0,0,D,11,11,3,2,7,3,7,10,0,2,0,0,3.5,4.0,2.05,Football-Data.co.uk,2019-01-12,2018/19|2019-01-12|West Ham|Arsenal
2018/19,13/01/2019,Everton,Bournemouth,2,0,H,0,0,D,15,16,3,7,5,9,17,8,5,0,0,0,1.75,4.0,4.8,Football-Data.co.uk,2019-01-13,2018/19|2019-01-13|Everton|Bournemouth
2018/19,13/01/2019,Tottenham,Man United,0,1,A,0,1,A,21,13,11,8,7,4,8,8,1,2,0,0,2.05,3.7,3.75,Football-Data.co.uk,2019-01-13,2018/19|2019-01-13|Tottenham|Man United
2018/19,14/01/2019,Man City,Wolves,3,0,H,2,0,H,24,3,9,0,12,1,6,3,1,0,0,1,1.18,8.0,17.0,Football-Data.co.uk,2019-01-14,2018/19|2019-01-14|Man City|Wolves
2018/19,19/01/2019,Arsenal,Chelsea,2,0,H,2,0,H,13,13,5,1,5,6,13,15,0,2,0,0,3.1,3.6,2.37,Football-Data.co.uk,2019-01-19,2018/19|2019-01-19|Arsenal|Chelsea
2018/19,19/01/2019,Bournemouth,West Ham,2,0,H,0,0,D,10,9,4,1,2,3,6,10,0,1,0,0,2.37,3.7,3.0,Football-Data.co.uk,2019-01-19,2018/19|2019-01-19|Bournemouth|West Ham
2018/19,19/01/2019,Liverpool,Crystal Palace,4,3,H,0,1,A,19,9,9,3,8,3,6,8,0,1,1,0,1.2,7.5,17.0,Football-Data.co.uk,2019-01-19,2018/19|2019-01-19|Liverpool|Crystal Palace
2018/19,19/01/2019,Man United,Brighton,2,1,H,2,0,H,20,7,5,3,6,5,11,11,1,0,0,0,1.3,5.75,12.0,Football-Data.co.uk,2019-01-19,2018/19|2019-01-19|Man United|Brighton
2018/19,19/01/2019,Newcastle,Cardiff,3,0,H,1,0,H,16,9,6,1,7,10,11,6,0,1,0,0,1.95,3.4,4.5,Football-Data.co.uk,2019-01-19,2018/19|2019-01-19|Newcastle|Cardiff
2018/19,19/01/2019,Southampton,Everton,2,1,H,0,0,D,11,7,4,2,7,6,12,11,2,1,0,0,2.75,3.4,2.7,Football-Data.co.uk,2019-01-19,2018/19|2019-01-19|Southampton|Everton
2018/19,19/01/2019,Watford,Burnley,0,0,D,0,0,D,9,11,4,3,1,7,14,9,1,2,0,0,1.65,4.0,5.75,Football-Data.co.uk,2019-01-19,2018/19|2019-01-19|Watford|Burnley
2018/19,19/01/2019,Wolves,Leicester,4,3,H,2,0,H,12,16,7,6,5,9,11,10,3,3,0,0,2.37,3.2,3.4,Football-Data.co.uk,2019-01-19,2018/19|2019-01-19|Wolves|Leicester
2018/19,20/01/2019,Fulham,Tottenham,1,2,A,1,0,H,12,14,4,5,7,10,10,8,2,3,0,0,5.25,3.8,1.75,Football-Data.co.uk,2019-01-20,2018/19|2019-01-20|Fulham|Tottenham
2018/19,20/01/2019,Huddersfield,Man City,0,3,A,0,1,A,5,12,2,4,1,4,10,9,2,2,0,0,21.0,8.5,1.16,Football-Data.co.uk,2019-01-20,2018/19|2019-01-20|Huddersfield|Man City
2018/19,29/01/2019,Arsenal,Cardiff,2,1,H,0,0,D,15,19,4,2,4,7,14,12,3,3,0,0,1.22,7.0,15.0,Football-Data.co.uk,2019-01-29,2018/19|2019-01-29|Arsenal|Cardiff
2018/19,29/01/2019,Fulham,Brighton,4,2,H,0,2,A,24,15,7,6,10,1,10,5,2,3,0,0,2.37,3.3,3.3,Football-Data.co.uk,2019-01-29,2018/19|2019-01-29|Fulham|Brighton
2018/19,29/01/2019,Huddersfield,Everton,0,1,A,0,1,A,10,10,2,5,3,4,13,10,1,4,0,1,4.0,3.3,2.1,Football-Data.co.uk,2019-01-29,2018/19|2019-01-29|Huddersfield|Everton
2018/19,29/01/2019,Man United,Burnley,2,2,D,0,0,D,28,6,9,4,11,3,10,9,1,3,0,0,1.28,6.0,12.0,Football-Data.co.uk,2019-01-29,2018/19|2019-01-29|Man United|Burnley
2018/19,29/01/2019,Newcastle,Man City,2,1,H,0,1,A,6,12,2,4,1,8,9,7,2,3,0,0,19.0,8.0,1.18,Football-Data.co.uk,2019-01-29,2018/19|2019-01-29|Newcastle|Man City
2018/19,29/01/2019,Wolves,West Ham,3,0,H,0,0,D,20,4,9,0,5,1,8,10,4,1,0,0,2.1,3.5,3.75,Football-Data.co.uk,2019-01-29,2018/19|2019-01-29|Wolves|West Ham
2018/19,30/01/2019,Bournemouth,Chelsea,4,0,H,0,0,D,12,11,7,7,3,7,8,6,1,0,0,0,5.25,4.2,1.66,Football-Data.co.uk,2019-01-30,2018/19|2019-01-30|Bournemouth|Chelsea
2018/19,30/01/2019,Liverpool,Leicester,1,1,D,1,1,D,10,5,3,2,7,1,13,6,1,3,0,0,1.22,7.0,15.0,Football-Data.co.uk,2019-01-30,2018/19|2019-01-30|Liverpool|Leicester
2018/19,30/01/2019,Southampton,Crystal Palace,1,1,D,0,1,A,13,15,4,3,3,8,11,8,2,2,0,1,2.4,3.4,3.2,Football-Data.co.uk,2019-01-30,2018/19|2019-01-30|Southampton|Crystal Palace
2018/19,30/01/2019,Tottenham,Watford,2,1,H,0,1,A,17,9,3,1,9,5,6,9,0,4,0,0,1.66,4.0,5.75,Football-Data.co.uk,2019-01-30,2018/19|2019-01-30|Tottenham|Watford
2018/19,02/02/2019,Brighton,Watford,0,0,D,0,0,D,21,5,4,0,7,0,15,10,1,0,0,0,2.55,3.3,3.0,Football-Data.co.uk,2019-02-02,2018/19|2019-02-02|Brighton|Watford
2018/19,02/02/2019,Burnley,Southampton,1,1,D,0,0,D,15,10,6,4,4,2,10,9,3,1,0,0,2.55,3.5,2.87,Football-Data.co.uk,2019-02-02,2018/19|2019-02-02|Burnley|Southampton
2018/19,02/02/2019,Cardiff,Bournemouth,2,0,H,1,0,H,12,9,5,2,6,7,17,14,1,2,0,0,3.25,3.5,2.3,Football-Data.co.uk,2019-02-02,2018/19|2019-02-02|Cardiff|Bournemouth
2018/19,02/02/2019,Chelsea,Huddersfield,5,0,H,2,0,H,23,5,7,2,11,2,8,5,0,0,0,0,1.2,7.5,19.0,Football-Data.co.uk,2019-02-02,2018/19|2019-02-02|Chelsea|Huddersfield
2018/19,02/02/2019,Crystal Palace,Fulham,2,0,H,1,0,H,17,8,6,0,11,1,9,12,2,3,0,0,2.05,3.5,4.0,Football-Data.co.uk,2019-02-02,2018/19|2019-02-02|Crystal Palace|Fulham
2018/19,02/02/2019,Everton,Wolves,1,3,A,1,2,A,13,8,4,4,3,1,12,14,3,1,0,0,2.37,3.4,3.25,Football-Data.co.uk,2019-02-02,2018/19|2019-02-02|Everton|Wolves
2018/19,02/02/2019,Tottenham,Newcastle,1,0,H,0,0,D,21,8,4,2,6,3,6,6,0,1,0,0,1.44,4.5,9.0,Football-Data.co.uk,2019-02-02,2018/19|2019-02-02|Tottenham|Newcastle
2018/19,03/02/2019,Leicester,Man United,0,1,A,0,1,A,17,10,6,6,7,2,14,9,4,4,0,0,3.6,3.5,2.15,Football-Data.co.uk,2019-02-03,2018/19|2019-02-03|Leicester|Man United
2018/19,03/02/2019,Man City,Arsenal,3,1,H,2,1,H,19,4,12,2,4,2,11,8,1,1,0,0,1.33,6.0,9.0,Football-Data.co.uk,2019-02-03,2018/19|2019-02-03|Man City|Arsenal
2018/19,04/02/2019,West Ham,Liverpool,1,1,D,1,1,D,13,11,2,6,2,5,9,11,1,1,0,0,8.0,5.25,1.4,Football-Data.co.uk,2019-02-04,2018/19|2019-02-04|West Ham|Liverpool
2018/19,06/02/2019,Everton,Man City,0,2,A,0,1,A,4,15,1,4,5,6,12,6,1,1,0,0,10.0,6.25,1.3,Football-Data.co.uk,2019-02-06,2018/19|2019-02-06|Everton|Man City
2018/19,09/02/2019,Brighton,Burnley,1,3,A,0,1,A,16,9,6,5,9,3,8,7,1,1,0,0,2.05,3.3,4.2,Football-Data.co.uk,2019-02-09,2018/19|2019-02-09|Brighton|Burnley
2018/19,09/02/2019,Crystal Palace,West Ham,1,1,D,0,1,A,25,6,5,4,10,4,12,9,3,0,0,0,2.1,3.5,3.75,Football-Data.co.uk,2019-02-09,2018/19|2019-02-09|Crystal Palace|West Ham
2018/19,09/02/2019,Fulham,Man United,0,3,A,0,2,A,15,15,3,7,5,4,14,9,3,2,0,0,5.5,4.4,1.61,Football-Data.co.uk,2019-02-09,2018/19|2019-02-09|Fulham|Man United
2018/19,09/02/2019,Huddersfield,Arsenal,1,2,A,0,2,A,15,9,6,4,5,0,17,12,3,2,0,0,5.75,4.4,1.6,Football-Data.co.uk,2019-02-09,2018/19|2019-02-09|Huddersfield|Arsenal
2018/19,09/02/2019,Liverpool,Bournemouth,3,0,H,2,0,H,20,12,9,2,8,5,14,6,2,2,0,0,1.22,7.5,14.0,Football-Data.co.uk,2019-02-09,2018/19|2019-02-09|Liverpool|Bournemouth
2018/19,09/02/2019,Southampton,Cardiff,1,2,A,0,0,D,14,6,7,3,8,2,15,12,3,3,0,0,1.75,3.9,5.0,Football-Data.co.uk,2019-02-09,2018/19|2019-02-09|Southampton|Cardiff
2018/19,09/02/2019,Watford,Everton,1,0,H,0,0,D,7,9,2,4,8,2,21,10,2,0,0,1,2.35,3.5,3.2,Football-Data.co.uk,2019-02-09,2018/19|2019-02-09|Watford|Everton
2018/19,10/02/2019,Man City,Chelsea,6,0,H,4,0,H,15,12,9,4,2,2,9,13,1,2,0,0,1.5,4.75,7.0,Football-Data.co.uk,2019-02-10,2018/19|2019-02-10|Man City|Chelsea
2018/19,10/02/2019,Tottenham,Leicester,3,1,H,1,0,H,12,20,5,9,2,9,11,4,3,1,0,0,1.7,3.9,5.5,Football-Data.co.uk,2019-02-10,2018/19|2019-02-10|Tottenham|Leicester
2018/19,11/02/2019,Wolves,Newcastle,1,1,D,0,0,D,22,9,6,3,13,1,7,9,1,3,0,0,1.7,3.75,5.75,Football-Data.co.uk,2019-02-11,2018/19|2019-02-11|Wolves|Newcastle
2018/19,22/02/2019,Cardiff,Watford,1,5,A,0,1,A,15,12,6,7,3,3,10,11,1,2,0,0,3.1,3.4,2.45,Football-Data.co.uk,2019-02-22,2018/19|2019-02-22|Cardiff|Watford
2018/19,22/02/2019,West Ham,Fulham,3,1,H,2,1,H,21,8,7,5,12,0,11,11,1,1,0,0,1.95,3.8,4.0,Football-Data.co.uk,2019-02-22,2018/19|2019-02-22|West Ham|Fulham
2018/19,23/02/2019,Bournemouth,Wolves,1,1,D,1,0,H,10,10,3,2,9,8,10,15,4,5,0,0,2.87,3.4,2.62,Football-Data.co.uk,2019-02-23,2018/19|2019-02-23|Bournemouth|Wolves
2018/19,23/02/2019,Burnley,Tottenham,2,1,H,0,0,D,10,17,4,6,7,6,9,12,1,3,0,0,5.75,3.8,1.7,Football-Data.co.uk,2019-02-23,2018/19|2019-02-23|Burnley|Tottenham
2018/19,23/02/2019,Leicester,Crystal Palace,1,4,A,0,1,A,27,7,5,5,8,3,7,14,2,1,0,0,2.25,3.4,3.5,Football-Data.co.uk,2019-02-23,2018/19|2019-02-23|Leicester|Crystal Palace
2018/19,23/02/2019,Newcastle,Huddersfield,2,0,H,0,0,D,29,3,12,1,12,0,11,7,2,0,0,1,1.83,3.5,5.25,Football-Data.co.uk,2019-02-23,2018/19|2019-02-23|Newcastle|Huddersfield
2018/19,24/02/2019,Arsenal,Southampton,2,0,H,2,0,H,12,10,4,4,6,4,7,14,0,0,0,0,1.5,4.75,7.0,Football-Data.co.uk,2019-02-24,2018/19|2019-02-24|Arsenal|Southampton
2018/19,24/02/2019,Man United,Liverpool,0,0,D,0,0,D,6,7,3,1,3,7,15,17,1,3,0,0,3.1,3.5,2.37,Football-Data.co.uk,2019-02-24,2018/19|2019-02-24|Man United|Liverpool
2018/19,26/02/2019,Cardiff,Everton,0,3,A,0,1,A,6,12,0,4,3,4,12,12,3,1,0,0,3.75,3.4,2.15,Football-Data.co.uk,2019-02-26,2018/19|2019-02-26|Cardiff|Everton
2018/19,26/02/2019,Huddersfield,Wolves,1,0,H,0,0,D,15,7,3,0,3,5,10,10,2,2,0,0,5.0,3.5,1.85,Football-Data.co.uk,2019-02-26,2018/19|2019-02-26|Huddersfield|Wolves
2018/19,26/02/2019,Leicester,Brighton,2,1,H,1,0,H,19,15,3,3,4,8,6,4,1,1,0,0,1.9,3.5,4.6,Football-Data.co.uk,2019-02-26,2018/19|2019-02-26|Leicester|Brighton
2018/19,26/02/2019,Newcastle,Burnley,2,0,H,2,0,H,12,12,3,2,4,7,8,8,1,3,0,0,2.15,3.3,3.9,Football-Data.co.uk,2019-02-26,2018/19|2019-02-26|Newcastle|Burnley
2018/19,27/02/2019,Arsenal,Bournemouth,5,1,H,2,1,H,16,13,6,5,9,4,11,9,2,2,0,0,1.44,5.0,7.5,Football-Data.co.uk,2019-02-27,2018/19|2019-02-27|Arsenal|Bournemouth
2018/19,27/02/2019,Chelsea,Tottenham,2,0,H,0,0,D,11,9,1,0,2,2,7,14,1,1,0,0,2.3,3.5,3.25,Football-Data.co.uk,2019-02-27,2018/19|2019-02-27|Chelsea|Tottenham
2018/19,27/02/2019,Crystal Palace,Man United,1,3,A,0,1,A,17,13,2,4,5,6,8,9,2,3,0,0,3.25,3.5,2.3,Football-Data.co.uk,2019-02-27,2018/19|2019-02-27|Crystal Palace|Man United
2018/19,27/02/2019,Liverpool,Watford,5,0,H,2,0,H,19,5,10,3,6,4,5,7,0,2,0,0,1.28,6.0,12.0,Football-Data.co.uk,2019-02-27,2018/19|2019-02-27|Liverpool|Watford
2018/19,27/02/2019,Man City,West Ham,1,0,H,0,0,D,20,2,7,1,12,2,2,6,0,2,0,0,1.16,9.0,19.0,Football-Data.co.uk,2019-02-27,2018/19|2019-02-27|Man City|West Ham
2018/19,27/02/2019,Southampton,Fulham,2,0,H,2,0,H,14,14,4,4,7,4,15,13,0,1,0,0,1.9,3.7,4.33,Football-Data.co.uk,2019-02-27,2018/19|2019-02-27|Southampton|Fulham
2018/19,02/03/2019,Bournemouth,Man City,0,1,A,0,0,D,0,23,0,7,0,14,7,7,1,2,0,0,13.0,7.5,1.22,Football-Data.co.uk,2019-03-02,2018/19|2019-03-02|Bournemouth|Man City
2018/19,02/03/2019,Brighton,Huddersfield,1,0,H,0,0,D,13,6,4,4,6,3,11,6,2,2,0,0,1.85,3.4,5.25,Football-Data.co.uk,2019-03-02,2018/19|2019-03-02|Brighton|Huddersfield
2018/19,02/03/2019,Burnley,Crystal Palace,1,3,A,0,1,A,18,10,4,4,8,5,9,9,1,2,0,0,2.8,3.3,2.75,Football-Data.co.uk,2019-03-02,2018/19|2019-03-02|Burnley|Crystal Palace
2018/19,02/03/2019,Man United,Southampton,3,2,H,0,1,A,16,6,6,3,9,7,7,10,2,1,0,0,1.45,4.5,8.5,Football-Data.co.uk,2019-03-02,2018/19|2019-03-02|Man United|Southampton
2018/19,02/03/2019,Tottenham,Arsenal,1,1,D,0,1,A,10,9,3,4,3,4,15,14,3,2,0,1,2.05,3.7,3.75,Football-Data.co.uk,2019-03-02,2018/19|2019-03-02|Tottenham|Arsenal
2018/19,02/03/2019,West Ham,Newcastle,2,0,H,2,0,H,10,17,4,2,1,6,8,14,3,4,0,0,2.15,3.5,3.6,Football-Data.co.uk,2019-03-02,2018/19|2019-03-02|West Ham|Newcastle
2018/19,02/03/2019,Wolves,Cardiff,2,0,H,2,0,H,13,12,6,4,7,8,11,6,1,2,0,0,1.5,4.33,8.0,Football-Data.co.uk,2019-03-02,2018/19|2019-03-02|Wolves|Cardiff
2018/19,03/03/2019,Everton,Liverpool,0,0,D,0,0,D,7,10,3,3,3,7,12,10,1,2,0,0,6.0,4.2,1.61,Football-Data.co.uk,2019-03-03,2018/19|2019-03-03|Everton|Liverpool
2018/19,03/03/2019,Fulham,Chelsea,1,2,A,1,2,A,12,20,5,7,5,4,11,10,2,1,0,0,6.5,4.5,1.53,Football-Data.co.uk,2019-03-03,2018/19|2019-03-03|Fulham|Chelsea
2018/19,03/03/2019,Watford,Leicester,2,1,H,1,0,H,6,14,5,2,1,5,15,12,5,1,0,0,2.55,3.3,3.0,Football-Data.co.uk,2019-03-03,2018/19|2019-03-03|Watford|Leicester
2018/19,09/03/2019,Cardiff,West Ham,2,0,H,1,0,H,16,9,7,2,7,5,7,12,2,1,0,0,3.6,3.5,2.15,Football-Data.co.uk,2019-03-09,2018/19|2019-03-09|Cardiff|West Ham
2018/19,09/03/2019,Crystal Palace,Brighton,1,2,A,0,1,A,15,4,3,3,8,0,8,18,1,5,0,0,1.83,3.6,5.0,Football-Data.co.uk,2019-03-09,2018/19|2019-03-09|Crystal Palace|Brighton
2018/19,09/03/2019,Huddersfield,Bournemouth,0,2,A,0,1,A,8,8,1,5,6,5,14,9,3,1,0,0,3.4,3.3,2.35,Football-Data.co.uk,2019-03-09,2018/19|2019-03-09|Huddersfield|Bournemouth
2018/19,09/03/2019,Leicester,Fulham,3,1,H,1,0,H,18,6,8,3,6,5,9,13,0,2,0,0,1.57,4.5,6.0,Football-Data.co.uk,2019-03-09,2018/19|2019-03-09|Leicester|Fulham
2018/19,09/03/2019,Man City,Watford,3,1,H,0,0,D,19,2,9,1,9,1,11,7,1,1,0,0,1.16,9.0,19.0,Football-Data.co.uk,2019-03-09,2018/19|2019-03-09|Man City|Watford
2018/19,09/03/2019,Newcastle,Everton,3,2,H,0,2,A,19,7,7,3,8,2,13,10,3,1,0,0,2.8,3.25,2.8,Football-Data.co.uk,2019-03-09,2018/19|2019-03-09|Newcastle|Everton
2018/19,09/03/2019,Southampton,Tottenham,2,1,H,0,1,A,12,16,4,5,1,10,16,9,4,2,0,0,4.5,3.8,1.85,Football-Data.co.uk,2019-03-09,2018/19|2019-03-09|Southampton|Tottenham
2018/19,10/03/2019,Arsenal,Man United,2,0,H,1,0,H,14,14,3,4,5,2,12,18,2,2,0,0,2.4,3.6,3.0,Football-Data.co.uk,2019-03-10,2018/19|2019-03-10|Arsenal|Man United
2018/19,10/03/2019,Chelsea,Wolves,1,1,D,0,0,D,22,2,6,1,13,0,8,14,1,4,0,0,1.55,4.2,7.0,Football-Data.co.uk,2019-03-10,2018/19|2019-03-10|Chelsea|Wolves
2018/19,10/03/2019,Liverpool,Burnley,4,2,H,2,1,H,23,3,5,2,7,3,4,7,2,0,0,0,1.16,8.5,21.0,Football-Data.co.uk,2019-03-10,2018/19|2019-03-10|Liverpool|Burnley
2018/19,16/03/2019,Bournemouth,Newcastle,2,2,D,0,1,A,10,12,3,4,6,6,9,12,3,2,0,0,2.05,3.6,3.8,Football-Data.co.uk,2019-03-16,2018/19|2019-03-16|Bournemouth|Newcastle
2018/19,16/03/2019,Burnley,Leicester,1,2,A,1,1,D,13,9,2,4,9,3,9,10,1,1,0,1,3.1,3.4,2.45,Football-Data.co.uk,2019-03-16,2018/19|2019-03-16|Burnley|Leicester
2018/19,16/03/2019,West Ham,Huddersfield,4,3,H,1,2,A,16,15,5,5,5,8,7,15,0,2,0,0,1.55,4.2,7.0,Football-Data.co.uk,2019-03-16,2018/19|2019-03-16|West Ham|Huddersfield
2018/19,17/03/2019,Everton,Chelsea,2,0,H,0,0,D,15,16,8,5,3,4,17,9,1,2,0,0,4.0,3.8,1.95,Football-Data.co.uk,2019-03-17,2018/19|2019-03-17|Everton|Chelsea
2018/19,17/03/2019,Fulham,Liverpool,1,2,A,0,1,A,7,16,2,6,1,10,11,7,2,1,0,0,12.0,7.0,1.25,Football-Data.co.uk,2019-03-17,2018/19|2019-03-17|Fulham|Liverpool
2018/19,30/03/2019,Brighton,Southampton,0,1,A,0,0,D,14,8,1,2,6,5,8,10,1,2,0,0,2.55,3.2,3.1,Football-Data.co.uk,2019-03-30,2018/19|2019-03-30|Brighton|Southampton
2018/19,30/03/2019,Burnley,Wolves,2,0,H,1,0,H,5,8,1,1,1,5,12,10,1,1,0,0,3.2,3.25,2.45,Football-Data.co.uk,2019-03-30,2018/19|2019-03-30|Burnley|Wolves
2018/19,30/03/2019,Crystal Palace,Huddersfield,2,0,H,0,0,D,19,15,5,5,5,5,10,7,0,0,0,0,1.45,4.4,9.0,Football-Data.co.uk,2019-03-30,2018/19|2019-03-30|Crystal Palace|Huddersfield
2018/19,30/03/2019,Fulham,Man City,0,2,A,0,2,A,5,24,0,7,0,11,4,12,2,0,0,0,21.0,11.0,1.12,Football-Data.co.uk,2019-03-30,2018/19|2019-03-30|Fulham|Man City
2018/19,30/03/2019,Leicester,Bournemouth,2,0,H,1,0,H,18,8,4,2,6,1,6,12,0,2,0,0,1.85,3.8,4.5,Football-Data.co.uk,2019-03-30,2018/19|2019-03-30|Leicester|Bournemouth
2018/19,30/03/2019,Man United,Watford,2,1,H,1,0,H,8,20,5,8,3,5,14,9,1,2,0,0,1.44,4.75,8.0,Football-Data.co.uk,2019-03-30,2018/19|2019-03-30|Man United|Watford
2018/19,30/03/2019,West Ham,Everton,0,2,A,0,2,A,3,17,1,9,4,9,7,14,1,1,0,0,2.55,3.5,2.9,Football-Data.co.uk,2019-03-30,2018/19|2019-03-30|West Ham|Everton
2018/19,31/03/2019,Cardiff,Chelsea,1,2,A,0,0,D,8,21,3,3,2,7,8,14,2,3,0,0,9.0,4.5,1.44,Football-Data.co.uk,2019-03-31,2018/19|2019-03-31|Cardiff|Chelsea
2018/19,31/03/2019,Liverpool,Tottenham,2,1,H,1,0,H,14,11,3,2,10,3,5,8,0,1,0,0,1.61,4.2,6.0,Football-Data.co.uk,2019-03-31,2018/19|2019-03-31|Liverpool|Tottenham
2018/19,01/04/2019,Arsenal,Newcastle,2,0,H,1,0,H,7,3,4,1,6,2,11,10,2,0,0,0,1.36,5.25,9.5,Football-Data.co.uk,2019-04-01,2018/19|2019-04-01|Arsenal|Newcastle
2018/19,02/04/2019,Watford,Fulham,4,1,H,1,1,D,15,17,7,7,6,4,12,5,3,2,0,0,1.72,4.0,5.0,Football-Data.co.uk,2019-04-02,2018/19|2019-04-02|Watford|Fulham
2018/19,02/04/2019,Wolves,Man United,2,1,H,1,1,D,9,18,2,4,3,5,5,11,1,2,0,1,4.0,3.6,2.0,Football-Data.co.uk,2019-04-02,2018/19|2019-04-02|Wolves|Man United
2018/19,03/04/2019,Chelsea,Brighton,3,0,H,1,0,H,17,3,4,1,7,1,5,9,0,0,0,0,1.25,6.5,15.0,Football-Data.co.uk,2019-04-03,2018/19|2019-04-03|Chelsea|Brighton
2018/19,03/04/2019,Man City,Cardiff,2,0,H,2,0,H,27,4,11,1,7,4,3,17,0,3,0,0,1.06,17.0,34.0,Football-Data.co.uk,2019-04-03,2018/19|2019-04-03|Man City|Cardiff
2018/19,03/04/2019,Tottenham,Crystal Palace,2,0,H,0,0,D,26,5,10,1,8,2,8,5,1,0,0,0,1.45,5.0,7.5,Football-Data.co.uk,2019-04-03,2018/19|2019-04-03|Tottenham|Crystal Palace
2018/19,05/04/2019,Southampton,Liverpool,1,3,A,1,1,D,11,17,1,5,7,5,8,7,2,4,0,0,9.0,5.0,1.4,Football-Data.co.uk,2019-04-05,2018/19|2019-04-05|Southampton|Liverpool
2018/19,06/04/2019,Bournemouth,Burnley,1,3,A,1,2,A,10,11,2,3,3,6,12,16,2,3,0,0,2.1,3.6,3.75,Football-Data.co.uk,2019-04-06,2018/19|2019-04-06|Bournemouth|Burnley
2018/19,06/04/2019,Huddersfield,Leicester,1,4,A,0,1,A,10,18,4,9,8,5,13,11,3,0,0,0,5.0,4.0,1.72,Football-Data.co.uk,2019-04-06,2018/19|2019-04-06|Huddersfield|Leicester
2018/19,06/04/2019,Newcastle,Crystal Palace,0,1,A,0,0,D,18,3,5,1,9,4,12,13,1,2,0,0,2.6,3.25,3.0,Football-Data.co.uk,2019-04-06,2018/19|2019-04-06|Newcastle|Crystal Palace
2018/19,07/04/2019,Everton,Arsenal,1,0,H,1,0,H,23,7,6,2,9,6,8,9,1,4,0,0,3.0,3.75,2.35,Football-Data.co.uk,2019-04-07,2018/19|2019-04-07|Everton|Arsenal
2018/19,08/04/2019,Chelsea,West Ham,2,0,H,1,0,H,16,9,7,2,7,4,8,7,2,1,0,0,1.33,5.75,9.5,Football-Data.co.uk,2019-04-08,2018/19|2019-04-08|Chelsea|West Ham
2018/19,12/04/2019,Leicester,Newcastle,0,1,A,0,1,A,12,11,5,5,2,3,6,10,2,3,0,0,1.66,4.0,5.75,Football-Data.co.uk,2019-04-12,2018/19|2019-04-12|Leicester|Newcastle
2018/19,13/04/2019,Brighton,Bournemouth,0,5,A,0,1,A,8,14,1,7,4,1,10,6,2,4,1,0,2.3,3.4,3.4,Football-Data.co.uk,2019-04-13,2018/19|2019-04-13|Brighton|Bournemouth
2018/19,13/04/2019,Burnley,Cardiff,2,0,H,1,0,H,14,14,7,2,8,4,7,10,2,3,0,0,1.9,3.6,4.5,Football-Data.co.uk,2019-04-13,2018/19|2019-04-13|Burnley|Cardiff
2018/19,13/04/2019,Fulham,Everton,2,0,H,0,0,D,12,8,5,1,7,3,8,10,2,1,0,0,5.0,4.0,1.75,Football-Data.co.uk,2019-04-13,2018/19|2019-04-13|Fulham|Everton
2018/19,13/04/2019,Man United,West Ham,2,1,H,1,0,H,14,18,4,4,3,11,14,5,1,1,0,0,1.4,5.25,8.5,Football-Data.co.uk,2019-04-13,2018/19|2019-04-13|Man United|West Ham
2018/19,13/04/2019,Southampton,Wolves,3,1,H,2,1,H,13,17,6,2,4,9,13,8,1,3,0,0,2.6,3.25,3.0,Football-Data.co.uk,2019-04-13,2018/19|2019-04-13|Southampton|Wolves
2018/19,13/04/2019,Tottenham,Huddersfield,4,0,H,2,0,H,22,7,5,1,4,2,10,12,2,2,0,0,1.22,7.0,15.0,Football-Data.co.uk,2019-04-13,2018/19|2019-04-13|Tottenham|Huddersfield
2018/19,14/04/2019,Crystal Palace,Man City,1,3,A,0,1,A,7,20,3,6,2,9,5,11,0,0,0,0,11.0,6.0,1.3,Football-Data.co.uk,2019-04-14,2018/19|2019-04-14|Crystal Palace|Man City
2018/19,14/04/2019,Liverpool,Chelsea,2,0,H,0,0,D,15,6,7,3,9,2,5,9,0,1,0,0,1.66,4.2,5.25,Football-Data.co.uk,2019-04-14,2018/19|2019-04-14|Liverpool|Chelsea
2018/19,15/04/2019,Watford,Arsenal,0,1,A,0,1,A,11,19,3,6,6,4,12,8,2,0,1,0,3.2,3.75,2.25,Football-Data.co.uk,2019-04-15,2018/19|2019-04-15|Watford|Arsenal
2018/19,16/04/2019,Brighton,Cardiff,0,2,A,0,1,A,14,10,2,3,5,4,11,13,0,1,0,0,2.0,3.3,4.5,Football-Data.co.uk,2019-04-16,2018/19|2019-04-16|Brighton|Cardiff
2018/19,20/04/2019,Bournemouth,Fulham,0,1,A,0,0,D,15,17,5,5,3,7,11,18,1,3,0,0,1.65,4.4,5.25,Football-Data.co.uk,2019-04-20,2018/19|2019-04-20|Bournemouth|Fulham
2018/19,20/04/2019,Huddersfield,Watford,1,2,A,0,1,A,13,11,3,6,2,2,15,9,2,2,0,0,4.4,3.9,1.85,Football-Data.co.uk,2019-04-20,2018/19|2019-04-20|Huddersfield|Watford
2018/19,20/04/2019,Man City,Tottenham,1,0,H,1,0,H,15,10,4,4,4,4,11,11,1,2,0,0,1.3,6.0,11.0,Football-Data.co.uk,2019-04-20,2018/19|2019-04-20|Man City|Tottenham
2018/19,20/04/2019,Newcastle,Southampton,3,1,H,2,0,H,15,15,6,3,4,11,5,11,0,2,0,0,2.55,3.2,3.1,Football-Data.co.uk,2019-04-20,2018/19|2019-04-20|Newcastle|Southampton
2018/19,20/04/2019,West Ham,Leicester,2,2,D,1,0,H,11,11,3,5,6,8,8,9,2,0,0,0,3.3,3.5,2.3,Football-Data.co.uk,2019-04-20,2018/19|2019-04-20|West Ham|Leicester
2018/19,20/04/2019,Wolves,Brighton,0,0,D,0,0,D,22,5,5,0,14,1,0,8,0,1,0,0,1.75,3.5,6.0,Football-Data.co.uk,2019-04-20,2018/19|2019-04-20|Wolves|Brighton
2018/19,21/04/2019,Arsenal,Crystal Palace,2,3,A,0,1,A,12,16,5,7,8,3,15,12,4,1,0,0,1.53,4.6,6.5,Football-Data.co.uk,2019-04-21,2018/19|2019-04-21|Arsenal|Crystal Palace
2018/19,21/04/2019,Cardiff,Liverpool,0,2,A,0,0,D,7,17,2,6,5,10,6,5,1,1,0,0,17.0,7.5,1.2,Football-Data.co.uk,2019-04-21,2018/19|2019-04-21|Cardiff|Liverpool
2018/19,21/04/2019,Everton,Man United,4,0,H,2,0,H,15,7,8,1,10,2,11,7,1,1,0,0,3.25,3.5,2.3,Football-Data.co.uk,2019-04-21,2018/19|2019-04-21|Everton|Man United
2018/19,22/04/2019,Chelsea,Burnley,2,2,D,2,2,D,22,6,9,3,10,1,9,4,2,1,0,0,1.25,6.25,15.0,Football-Data.co.uk,2019-04-22,2018/19|2019-04-22|Chelsea|Burnley
2018/19,23/04/2019,Tottenham,Brighton,1,0,H,0,0,D,29,6,5,1,6,3,7,13,1,2,0,0,1.28,6.0,13.0,Football-Data.co.uk,2019-04-23,2018/19|2019-04-23|Tottenham|Brighton
2018/19,23/04/2019,Watford,Southampton,1,1,D,0,1,A,15,8,4,4,3,4,10,14,5,2,0,0,2.25,3.5,3.4,Football-Data.co.uk,2019-04-23,2018/19|2019-04-23|Watford|Southampton
2018/19,24/04/2019,Man United,Man City,0,2,A,0,0,D,12,8,1,5,1,1,10,10,2,2,0,0,7.5,5.0,1.44,Football-Data.co.uk,2019-04-24,2018/19|2019-04-24|Man United|Man City
2018/19,24/04/2019,Wolves,Arsenal,3,1,H,3,0,H,11,11,3,1,5,5,12,9,2,3,0,0,2.9,3.5,2.55,Football-Data.co.uk,2019-04-24,2018/19|2019-04-24|Wolves|Arsenal
2018/19,26/04/2019,Liverpool,Huddersfield,5,0,H,3,0,H,21,5,7,1,4,4,5,14,0,0,0,0,1.07,15.0,41.0,Football-Data.co.uk,2019-04-26,2018/19|2019-04-26|Liverpool|Huddersfield
2018/19,27/04/2019,Brighton,Newcastle,1,1,D,0,1,A,9,9,2,1,7,4,7,10,2,3,0,0,2.3,3.2,3.6,Football-Data.co.uk,2019-04-27,2018/19|2019-04-27|Brighton|Newcastle
2018/19,27/04/2019,Crystal Palace,Everton,0,0,D,0,0,D,8,22,0,3,5,10,9,15,2,0,0,0,2.62,3.5,2.8,Football-Data.co.uk,2019-04-27,2018/19|2019-04-27|Crystal Palace|Everton
2018/19,27/04/2019,Fulham,Cardiff,1,0,H,0,0,D,8,13,2,8,10,3,10,8,0,0,0,0,2.4,3.6,3.0,Football-Data.co.uk,2019-04-27,2018/19|2019-04-27|Fulham|Cardiff
2018/19,27/04/2019,Southampton,Bournemouth,3,3,D,1,2,A,22,9,7,5,9,3,8,9,2,1,0,0,1.9,3.9,4.1,Football-Data.co.uk,2019-04-27,2018/19|2019-04-27|Southampton|Bournemouth
2018/19,27/04/2019,Tottenham,West Ham,0,1,A,0,0,D,14,16,4,7,2,7,3,8,0,2,0,0,1.4,5.5,7.5,Football-Data.co.uk,2019-04-27,2018/19|2019-04-27|Tottenham|West Ham
2018/19,27/04/2019,Watford,Wolves,1,2,A,0,1,A,10,11,1,4,4,5,10,11,3,2,0,0,2.62,3.3,2.9,Football-Data.co.uk,2019-04-27,2018/19|2019-04-27|Watford|Wolves
2018/19,28/04/2019,Burnley,Man City,0,1,A,0,0,D,2,25,0,7,0,6,5,7,1,1,0,0,23.0,9.0,1.14,Football-Data.co.uk,2019-04-28,2018/19|2019-04-28|Burnley|Man City
2018/19,28/04/2019,Leicester,Arsenal,3,0,H,0,0,D,24,6,12,1,8,6,13,13,3,1,0,1,2.75,3.6,2.6,Football-Data.co.uk,2019-04-28,2018/19|2019-04-28|Leicester|Arsenal
2018/19,28/04/2019,Man United,Chelsea,1,1,D,1,1,D,7,16,5,3,6,6,9,14,3,2,0,0,2.7,3.5,2.7,Football-Data.co.uk,2019-04-28,2018/19|2019-04-28|Man United|Chelsea
2018/19,03/05/2019,Everton,Burnley,2,0,H,2,0,H,20,5,6,1,8,1,8,9,0,2,0,0,1.66,4.0,5.75,Football-Data.co.uk,2019-05-03,2018/19|2019-05-03|Everton|Burnley
2018/19,04/05/2019,Bournemouth,Tottenham,1,0,H,0,0,D,20,11,6,5,10,6,11,12,1,5,0,2,4.0,4.0,1.9,Football-Data.co.uk,2019-05-04,2018/19|2019-05-04|Bournemouth|Tottenham
2018/19,04/05/2019,Cardiff,Crystal Palace,2,3,A,1,2,A,18,21,8,7,10,5,14,11,0,0,0,0,2.6,3.75,2.7,Football-Data.co.uk,2019-05-04,2018/19|2019-05-04|Cardiff|Crystal Palace
2018/19,04/05/2019,Newcastle,Liverpool,2,3,A,1,2,A,14,11,7,4,2,3,10,4,1,1,0,0,9.5,5.25,1.36,Football-Data.co.uk,2019-05-04,2018/19|2019-05-04|Newcastle|Liverpool
2018/19,04/05/2019,West Ham,Southampton,3,0,H,1,0,H,17,11,6,1,2,7,2,11,1,1,0,0,2.3,3.75,3.1,Football-Data.co.uk,2019-05-04,2018/19|2019-05-04|West Ham|Southampton
2018/19,04/05/2019,Wolves,Fulham,1,0,H,0,0,D,19,6,6,2,7,1,10,15,1,3,0,0,1.53,4.2,7.5,Football-Data.co.uk,2019-05-04,2018/19|2019-05-04|Wolves|Fulham
2018/19,05/05/2019,Arsenal,Brighton,1,1,D,1,0,H,20,11,8,5,16,3,9,14,5,2,0,0,1.4,5.0,9.0,Football-Data.co.uk,2019-05-05,2018/19|2019-05-05|Arsenal|Brighton
2018/19,05/05/2019,Chelsea,Watford,3,0,H,0,0,D,19,15,9,3,6,6,6,12,0,1,0,0,1.4,5.25,8.0,Football-Data.co.uk,2019-05-05,2018/19|2019-05-05|Chelsea|Watford
2018/19,05/05/2019,Huddersfield,Man United,1,1,D,0,1,A,7,23,3,7,3,7,10,10,1,1,0,0,11.0,6.0,1.3,Football-Data.co.uk,2019-05-05,2018/19|2019-05-05|Huddersfield|Man United
2018/19,06/05/2019,Man City,Leicester,1,0,H,0,0,D,19,7,5,2,11,0,12,5,3,2,0,0,1.12,8.5,17.0,Football-Data.co.uk,2019-05-06,2018/19|2019-05-06|Man City|Leicester
2018/19,12/05/2019,Brighton,Man City,1,4,A,1,2,A,6,20,2,9,2,6,12,8,0,0,0,0,19.0,8.5,1.16,Football-Data.co.uk,2019-05-12,2018/19|2019-05-12|Brighton|Man City
2018/19,12/05/2019,Burnley,Arsenal,1,3,A,0,0,D,14,17,5,6,4,5,11,3,5,1,0,0,3.25,3.8,2.2,Football-Data.co.uk,2019-05-12,2018/19|2019-05-12|Burnley|Arsenal
2018/19,12/05/2019,Crystal Palace,Bournemouth,5,3,H,3,1,H,17,16,8,8,4,4,11,8,3,0,0,0,1.9,4.2,3.8,Football-Data.co.uk,2019-05-12,2018/19|2019-05-12|Crystal Palace|Bournemouth
2018/19,12/05/2019,Fulham,Newcastle,0,4,A,0,2,A,16,13,2,6,5,5,6,8,1,0,0,0,2.5,3.6,2.9,Football-Data.co.uk,2019-05-12,2018/19|2019-05-12|Fulham|Newcastle
2018/19,12/05/2019,Leicester,Chelsea,0,0,D,0,0,D,9,14,3,4,4,5,9,8,0,1,0,0,2.4,3.75,2.9,Football-Data.co.uk,2019-05-12,2018/19|2019-05-12|Leicester|Chelsea
2018/19,12/05/2019,Liverpool,Wolves,2,0,H,1,0,H,13,7,5,2,4,1,3,11,0,2,0,0,1.3,6.0,11.0,Football-Data.co.uk,2019-05-12,2018/19|2019-05-12|Liverpool|Wolves
2018/19,12/05/2019,Man United,Cardiff,0,2,A,0,1,A,26,13,10,4,11,2,9,6,3,3,0,0,1.28,6.5,11.0,Football-Data.co.uk,2019-05-12,2018/19|2019-05-12|Man United|Cardiff
2018/19,12/05/2019,Southampton,Huddersfield,1,1,D,1,0,H,10,10,3,3,4,3,8,6,0,1,0,0,1.44,4.75,8.5,Football-Data.co.uk,2019-05-12,2018/19|2019-05-12|Southampton|Huddersfield
2018/19,12/05/2019,Tottenham,Everton,2,2,D,1,0,H,11,17,3,9,7,4,10,13,0,2,0,0,2.2,3.5,3.5,Football-Data.co.uk,2019-05-12,2018/19|2019-05-12|Tottenham|Everton
2018/19,12/05/2019,Watford,West Ham,1,4,A,0,2,A,17,16,8,9,7,2,10,10,1,0,1,0,2.25,3.75,3.2,Football-Data.co.uk,2019-05-12,2018/19|2019-05-12|Watford|West Ham
2019/20,09/08/2019,Liverpool,Norwich,4,1,H,4,0,H,15,12,7,5,11,2,9,9,0,2,0,0,1.14,10.0,19.0,Football-Data.co.uk,2019-08-09,2019/20|2019-08-09|Liverpool|Norwich
2019/20,10/08/2019,Bournemouth,Sheffield United,1,1,D,0,0,D,13,8,3,3,3,4,10,19,2,1,0,0,1.95,3.6,3.6,Football-Data.co.uk,2019-08-10,2019/20|2019-08-10|Bournemouth|Sheffield United
2019/20,10/08/2019,Burnley,Southampton,3,0,H,0,0,D,10,11,4,3,2,7,6,12,0,0,0,0,2.62,3.2,2.75,Football-Data.co.uk,2019-08-10,2019/20|2019-08-10|Burnley|Southampton
2019/20,10/08/2019,Crystal Palace,Everton,0,0,D,0,0,D,6,10,2,3,6,2,16,14,2,1,0,1,3.0,3.25,2.37,Football-Data.co.uk,2019-08-10,2019/20|2019-08-10|Crystal Palace|Everton
2019/20,10/08/2019,Tottenham,Aston Villa,3,1,H,0,1,A,31,7,7,4,14,0,13,9,1,0,0,0,1.3,5.25,10.0,Football-Data.co.uk,2019-08-10,2019/20|2019-08-10|Tottenham|Aston Villa
2019/20,10/08/2019,Watford,Brighton,0,3,A,0,1,A,11,5,3,3,5,2,15,11,0,1,0,0,1.9,3.4,4.0,Football-Data.co.uk,2019-08-10,2019/20|2019-08-10|Watford|Brighton
2019/20,10/08/2019,West Ham,Man City,0,5,A,0,1,A,5,14,3,9,1,1,6,13,2,2,0,0,12.0,6.5,1.22,Football-Data.co.uk,2019-08-10,2019/20|2019-08-10|West Ham|Man City
2019/20,11/08/2019,Leicester,Wolves,0,0,D,0,0,D,15,8,1,2,12,3,3,13,0,2,0,0,2.2,3.2,3.4,Football-Data.co.uk,2019-08-11,2019/20|2019-08-11|Leicester|Wolves
2019/20,11/08/2019,Man United,Chelsea,4,0,H,1,0,H,11,18,5,7,3,5,15,13,3,4,0,0,2.1,3.3,3.5,Football-Data.co.uk,2019-08-11,2019/20|2019-08-11|Man United|Chelsea
2019/20,11/08/2019,Newcastle,Arsenal,0,1,A,0,0,D,9,8,2,2,5,3,12,7,1,3,0,0,4.5,3.75,1.72,Football-Data.co.uk,2019-08-11,2019/20|2019-08-11|Newcastle|Arsenal
2019/20,17/08/2019,Arsenal,Burnley,2,1,H,1,1,D,16,18,9,5,10,7,13,11,2,1,0,0,1.3,5.5,10.0,Football-Data.co.uk,2019-08-17,2019/20|2019-08-17|Arsenal|Burnley
2019/20,17/08/2019,Aston Villa,Bournemouth,1,2,A,0,2,A,22,12,7,4,10,5,10,13,0,2,0,0,2.3,3.4,3.1,Football-Data.co.uk,2019-08-17,2019/20|2019-08-17|Aston Villa|Bournemouth
2019/20,17/08/2019,Brighton,West Ham,1,1,D,0,0,D,16,8,4,3,8,6,11,10,0,2,0,0,2.55,3.25,2.87,Football-Data.co.uk,2019-08-17,2019/20|2019-08-17|Brighton|West Ham
2019/20,17/08/2019,Everton,Watford,1,0,H,1,0,H,12,8,2,2,4,7,11,11,2,3,0,0,1.72,3.8,4.75,Football-Data.co.uk,2019-08-17,2019/20|2019-08-17|Everton|Watford
2019/20,17/08/2019,Man City,Tottenham,2,2,D,2,1,H,30,3,10,2,13,2,14,4,1,0,0,0,1.36,5.25,8.0,Football-Data.co.uk,2019-08-17,2019/20|2019-08-17|Man City|Tottenham
2019/20,17/08/2019,Norwich,Newcastle,3,1,H,1,0,H,15,10,8,3,7,5,9,11,1,3,0,0,2.25,3.3,3.3,Football-Data.co.uk,2019-08-17,2019/20|2019-08-17|Norwich|Newcastle
2019/20,17/08/2019,Southampton,Liverpool,1,2,A,0,1,A,14,15,3,6,5,9,10,6,2,1,0,0,6.5,4.75,1.44,Football-Data.co.uk,2019-08-17,2019/20|2019-08-17|Southampton|Liverpool
2019/20,18/08/2019,Chelsea,Leicester,1,1,D,1,0,H,14,12,5,3,4,5,9,14,1,0,0,0,1.7,3.75,5.0,Football-Data.co.uk,2019-08-18,2019/20|2019-08-18|Chelsea|Leicester
2019/20,18/08/2019,Sheffield United,Crystal Palace,1,0,H,0,0,D,15,6,3,4,8,4,16,11,3,1,0,0,2.55,3.1,2.9,Football-Data.co.uk,2019-08-18,2019/20|2019-08-18|Sheffield United|Crystal Palace
2019/20,19/08/2019,Wolves,Man United,1,1,D,0,1,A,6,9,2,2,4,6,17,8,2,2,0,0,3.3,3.3,2.25,Football-Data.co.uk,2019-08-19,2019/20|2019-08-19|Wolves|Man United
2019/20,23/08/2019,Aston Villa,Everton,2,0,H,1,0,H,7,12,3,1,0,6,10,18,2,3,0,0,3.25,3.5,2.15,Football-Data.co.uk,2019-08-23,2019/20|2019-08-23|Aston Villa|Everton
2019/20,24/08/2019,Brighton,Southampton,0,2,A,0,0,D,12,12,3,4,8,5,9,10,1,3,1,0,2.4,3.3,3.0,Football-Data.co.uk,2019-08-24,2019/20|2019-08-24|Brighton|Southampton
2019/20,24/08/2019,Liverpool,Arsenal,3,1,H,1,0,H,25,9,5,3,6,4,8,5,1,1,0,0,1.5,4.6,6.0,Football-Data.co.uk,2019-08-24,2019/20|2019-08-24|Liverpool|Arsenal
2019/20,24/08/2019,Man United,Crystal Palace,1,2,A,0,1,A,22,5,3,3,8,1,8,18,2,4,0,0,1.33,5.25,9.0,Football-Data.co.uk,2019-08-24,2019/20|2019-08-24|Man United|Crystal Palace
2019/20,24/08/2019,Norwich,Chelsea,2,3,A,2,2,D,6,23,5,8,1,8,9,9,1,1,0,0,4.33,3.75,1.8,Football-Data.co.uk,2019-08-24,2019/20|2019-08-24|Norwich|Chelsea
2019/20,24/08/2019,Sheffield United,Leicester,1,2,A,0,1,A,8,10,3,2,7,4,11,6,1,0,0,0,3.3,3.3,2.25,Football-Data.co.uk,2019-08-24,2019/20|2019-08-24|Sheffield United|Leicester
2019/20,24/08/2019,Watford,West Ham,1,3,A,1,1,D,23,16,3,10,8,7,12,11,1,1,0,0,2.05,3.5,3.5,Football-Data.co.uk,2019-08-24,2019/20|2019-08-24|Watford|West Ham
2019/20,25/08/2019,Bournemouth,Man City,1,3,A,1,2,A,10,19,7,5,4,5,7,13,1,3,0,0,15.0,7.5,1.16,Football-Data.co.uk,2019-08-25,2019/20|2019-08-25|Bournemouth|Man City
2019/20,25/08/2019,Tottenham,Newcastle,0,1,A,0,1,A,17,8,2,3,6,6,10,5,2,2,0,0,1.2,6.5,14.0,Football-Data.co.uk,2019-08-25,2019/20|2019-08-25|Tottenham|Newcastle
2019/20,25/08/2019,Wolves,Burnley,1,1,D,0,1,A,17,13,2,4,4,3,9,11,0,2,0,0,1.85,3.4,4.5,Football-Data.co.uk,2019-08-25,2019/20|2019-08-25|Wolves|Burnley
2019/20,31/08/2019,Burnley,Liverpool,0,3,A,0,2,A,7,15,2,7,6,4,10,16,0,0,0,0,9.5,5.5,1.3,Football-Data.co.uk,2019-08-31,2019/20|2019-08-31|Burnley|Liverpool
2019/20,31/08/2019,Chelsea,Sheffield United,2,2,D,2,0,H,13,8,5,2,3,4,6,11,0,1,0,0,1.36,4.75,9.0,Football-Data.co.uk,2019-08-31,2019/20|2019-08-31|Chelsea|Sheffield United
2019/20,31/08/2019,Crystal Palace,Aston Villa,1,0,H,0,0,D,22,10,5,2,13,2,15,16,2,4,0,1,2.15,3.3,3.5,Football-Data.co.uk,2019-08-31,2019/20|2019-08-31|Crystal Palace|Aston Villa
2019/20,31/08/2019,Leicester,Bournemouth,3,1,H,2,1,H,13,8,5,2,4,5,9,11,1,3,0,0,1.7,4.0,4.75,Football-Data.co.uk,2019-08-31,2019/20|2019-08-31|Leicester|Bournemouth
2019/20,31/08/2019,Man City,Brighton,4,0,H,2,0,H,15,6,6,2,8,1,10,6,1,1,0,0,1.08,10.0,26.0,Football-Data.co.uk,2019-08-31,2019/20|2019-08-31|Man City|Brighton
2019/20,31/08/2019,Newcastle,Watford,1,1,D,1,1,D,13,13,5,3,6,5,5,11,2,3,0,0,2.5,3.25,2.87,Football-Data.co.uk,2019-08-31,2019/20|2019-08-31|Newcastle|Watford
2019/20,31/08/2019,Southampton,Man United,1,1,D,0,1,A,10,21,2,8,2,3,17,7,1,2,1,0,3.8,3.3,2.05,Football-Data.co.uk,2019-08-31,2019/20|2019-08-31|Southampton|Man United
2019/20,31/08/2019,West Ham,Norwich,2,0,H,1,0,H,18,8,8,3,8,2,16,10,2,1,0,0,1.85,3.9,3.9,Football-Data.co.uk,2019-08-31,2019/20|2019-08-31|West Ham|Norwich
2019/20,01/09/2019,Arsenal,Tottenham,2,2,D,1,2,A,26,13,8,9,11,6,13,19,3,5,0,0,2.37,3.6,2.8,Football-Data.co.uk,2019-09-01,2019/20|2019-09-01|Arsenal|Tottenham
2019/20,01/09/2019,Everton,Wolves,3,2,H,2,1,H,15,8,6,5,7,7,12,12,1,4,0,1,2.2,3.25,3.5,Football-Data.co.uk,2019-09-01,2019/20|2019-09-01|Everton|Wolves
2019/20,14/09/2019,Brighton,Burnley,1,1,D,0,0,D,14,7,5,1,3,6,13,7,0,2,0,0,2.15,3.3,3.5,Football-Data.co.uk,2019-09-14,2019/20|2019-09-14|Brighton|Burnley
2019/20,14/09/2019,Liverpool,Newcastle,3,1,H,2,1,H,21,8,9,1,10,1,5,4,0,0,0,0,1.14,8.5,17.0,Football-Data.co.uk,2019-09-14,2019/20|2019-09-14|Liverpool|Newcastle
2019/20,14/09/2019,Man United,Leicester,1,0,H,1,0,H,10,9,5,3,3,9,14,14,1,2,0,0,1.95,3.5,4.0,Football-Data.co.uk,2019-09-14,2019/20|2019-09-14|Man United|Leicester
2019/20,14/09/2019,Norwich,Man City,3,2,H,2,1,H,7,25,3,8,3,16,8,7,3,1,0,0,15.0,9.0,1.14,Football-Data.co.uk,2019-09-14,2019/20|2019-09-14|Norwich|Man City
2019/20,14/09/2019,Sheffield United,Southampton,0,1,A,0,0,D,17,11,4,7,12,6,10,7,1,1,1,0,2.45,3.2,3.0,Football-Data.co.uk,2019-09-14,2019/20|2019-09-14|Sheffield United|Southampton
2019/20,14/09/2019,Tottenham,Crystal Palace,4,0,H,4,0,H,13,11,5,6,4,3,19,11,4,2,0,0,1.36,5.25,8.0,Football-Data.co.uk,2019-09-14,2019/20|2019-09-14|Tottenham|Crystal Palace
2019/20,14/09/2019,Wolves,Chelsea,2,5,A,0,3,A,11,15,4,6,7,5,8,11,1,2,0,0,2.9,3.3,2.5,Football-Data.co.uk,2019-09-14,2019/20|2019-09-14|Wolves|Chelsea
2019/20,15/09/2019,Bournemouth,Everton,3,1,H,1,1,D,13,14,6,5,7,7,5,14,0,4,0,0,2.9,3.5,2.4,Football-Data.co.uk,2019-09-15,2019/20|2019-09-15|Bournemouth|Everton
2019/20,15/09/2019,Watford,Arsenal,2,2,D,0,2,A,31,10,7,4,7,1,14,4,3,3,0,0,3.6,3.6,2.0,Football-Data.co.uk,2019-09-15,2019/20|2019-09-15|Watford|Arsenal
2019/20,16/09/2019,Aston Villa,West Ham,0,0,D,0,0,D,10,13,5,1,2,4,13,12,2,1,0,1,2.62,3.5,2.6,Football-Data.co.uk,2019-09-16,2019/20|2019-09-16|Aston Villa|West Ham
2019/20,20/09/2019,Southampton,Bournemouth,1,3,A,0,2,A,25,6,6,3,4,5,8,9,1,3,0,0,2.05,3.6,3.5,Football-Data.co.uk,2019-09-20,2019/20|2019-09-20|Southampton|Bournemouth
2019/20,21/09/2019,Burnley,Norwich,2,0,H,2,0,H,13,11,6,2,7,3,11,10,0,1,0,0,2.0,3.8,3.5,Football-Data.co.uk,2019-09-21,2019/20|2019-09-21|Burnley|Norwich
2019/20,21/09/2019,Everton,Sheffield United,0,2,A,0,1,A,16,2,3,1,12,3,9,9,1,3,0,0,1.61,3.75,6.0,Football-Data.co.uk,2019-09-21,2019/20|2019-09-21|Everton|Sheffield United
2019/20,21/09/2019,Leicester,Tottenham,2,1,H,0,1,A,16,11,7,4,8,2,16,13,1,2,0,0,2.87,3.5,2.37,Football-Data.co.uk,2019-09-21,2019/20|2019-09-21|Leicester|Tottenham
2019/20,21/09/2019,Man City,Watford,8,0,H,5,0,H,28,5,11,4,5,4,5,9,2,2,0,0,1.1,11.0,21.0,Football-Data.co.uk,2019-09-21,2019/20|2019-09-21|Man City|Watford
2019/20,21/09/2019,Newcastle,Brighton,0,0,D,0,0,D,11,16,4,3,5,3,12,8,2,1,0,0,2.5,3.2,3.0,Football-Data.co.uk,2019-09-21,2019/20|2019-09-21|Newcastle|Brighton
2019/20,22/09/2019,Arsenal,Aston Villa,3,2,H,0,1,A,21,14,6,9,9,4,13,15,5,1,1,0,1.4,4.75,8.0,Football-Data.co.uk,2019-09-22,2019/20|2019-09-22|Arsenal|Aston Villa
2019/20,22/09/2019,Chelsea,Liverpool,1,2,A,0,2,A,13,6,2,3,6,4,8,13,3,3,0,0,3.5,3.75,2.0,Football-Data.co.uk,2019-09-22,2019/20|2019-09-22|Chelsea|Liverpool
2019/20,22/09/2019,Crystal Palace,Wolves,1,1,D,0,0,D,13,14,4,4,6,7,7,10,2,1,0,1,2.62,3.1,2.87,Football-Data.co.uk,2019-09-22,2019/20|2019-09-22|Crystal Palace|Wolves
2019/20,22/09/2019,West Ham,Man United,2,0,H,1,0,H,8,9,6,3,3,7,8,9,2,2,0,0,3.1,3.6,2.2,Football-Data.co.uk,2019-09-22,2019/20|2019-09-22|West Ham|Man United
2019/20,28/09/2019,Aston Villa,Burnley,2,2,D,1,0,H,16,10,3,3,7,3,10,16,1,4,0,0,2.3,3.4,3.1,Football-Data.co.uk,2019-09-28,2019/20|2019-09-28|Aston Villa|Burnley
2019/20,28/09/2019,Bournemouth,West Ham,2,2,D,1,1,D,13,17,5,6,6,6,7,8,3,1,0,0,2.5,3.5,2.75,Football-Data.co.uk,2019-09-28,2019/20|2019-09-28|Bournemouth|West Ham
2019/20,28/09/2019,Chelsea,Brighton,2,0,H,0,0,D,24,8,10,1,5,2,5,13,2,3,0,0,1.4,4.75,8.0,Football-Data.co.uk,2019-09-28,2019/20|2019-09-28|Chelsea|Brighton
2019/20,28/09/2019,Crystal Palace,Norwich,2,0,H,1,0,H,15,10,3,3,5,5,14,10,3,1,0,0,1.9,3.75,3.75,Football-Data.co.uk,2019-09-28,2019/20|2019-09-28|Crystal Palace|Norwich
2019/20,28/09/2019,Everton,Man City,1,3,A,1,1,D,12,20,8,9,5,2,4,8,2,2,0,0,10.0,5.5,1.3,Football-Data.co.uk,2019-09-28,2019/20|2019-09-28|Everton|Man City
2019/20,28/09/2019,Sheffield United,Liverpool,0,1,A,0,0,D,12,16,2,4,6,5,8,4,1,1,0,0,9.0,5.25,1.33,Football-Data.co.uk,2019-09-28,2019/20|2019-09-28|Sheffield United|Liverpool
2019/20,28/09/2019,Tottenham,Southampton,2,1,H,2,1,H,9,14,4,6,6,6,5,16,0,2,1,0,1.4,4.75,8.0,Football-Data.co.uk,2019-09-28,2019/20|2019-09-28|Tottenham|Southampton
2019/20,28/09/2019,Wolves,Watford,2,0,H,1,0,H,6,14,2,5,1,6,5,6,0,1,0,0,1.85,3.4,4.5,Football-Data.co.uk,2019-09-28,2019/20|2019-09-28|Wolves|Watford
2019/20,29/09/2019,Leicester,Newcastle,5,0,H,1,0,H,13,3,5,0,9,0,12,9,1,1,0,1,1.5,4.0,7.5,Football-Data.co.uk,2019-09-29,2019/20|2019-09-29|Leicester|Newcastle
2019/20,30/09/2019,Man United,Arsenal,1,1,D,1,0,H,16,10,4,5,8,7,18,13,4,2,0,0,2.37,3.5,2.9,Football-Data.co.uk,2019-09-30,2019/20|2019-09-30|Man United|Arsenal
2019/20,05/10/2019,Brighton,Tottenham,3,0,H,2,0,H,17,8,6,3,4,4,11,7,2,1,0,0,3.9,3.6,1.9,Football-Data.co.uk,2019-10-05,2019/20|2019-10-05|Brighton|Tottenham
2019/20,05/10/2019,Burnley,Everton,1,0,H,0,0,D,9,11,3,2,7,9,5,12,2,1,0,1,2.87,3.3,2.5,Football-Data.co.uk,2019-10-05,2019/20|2019-10-05|Burnley|Everton
2019/20,05/10/2019,Liverpool,Leicester,2,1,H,1,0,H,18,2,8,1,4,6,9,17,1,4,0,0,1.44,4.75,7.0,Football-Data.co.uk,2019-10-05,2019/20|2019-10-05|Liverpool|Leicester
2019/20,05/10/2019,Norwich,Aston Villa,1,5,A,0,2,A,21,22,5,12,10,6,14,17,1,3,0,0,2.37,3.6,2.8,Football-Data.co.uk,2019-10-05,2019/20|2019-10-05|Norwich|Aston Villa
2019/20,05/10/2019,Watford,Sheffield United,0,0,D,0,0,D,8,9,2,3,7,7,7,6,0,2,0,0,2.05,3.4,3.6,Football-Data.co.uk,2019-10-05,2019/20|2019-10-05|Watford|Sheffield United
2019/20,05/10/2019,West Ham,Crystal Palace,1,2,A,0,0,D,9,7,4,4,2,2,11,7,3,2,0,0,1.95,3.6,3.8,Football-Data.co.uk,2019-10-05,2019/20|2019-10-05|West Ham|Crystal Palace
2019/20,06/10/2019,Arsenal,Bournemouth,1,0,H,1,0,H,12,10,2,2,14,5,12,6,1,2,0,0,1.44,4.75,7.0,Football-Data.co.uk,2019-10-06,2019/20|2019-10-06|Arsenal|Bournemouth
2019/20,06/10/2019,Man City,Wolves,0,2,A,0,0,D,18,7,2,2,9,1,11,14,5,2,0,0,1.12,9.0,21.0,Football-Data.co.uk,2019-10-06,2019/20|2019-10-06|Man City|Wolves
2019/20,06/10/2019,Newcastle,Man United,1,0,H,0,0,D,12,12,2,3,4,6,12,10,3,3,0,0,4.5,3.5,1.85,Football-Data.co.uk,2019-10-06,2019/20|2019-10-06|Newcastle|Man United
2019/20,06/10/2019,Southampton,Chelsea,1,4,A,1,3,A,10,13,3,7,3,4,8,15,0,1,0,0,4.0,3.8,1.85,Football-Data.co.uk,2019-10-06,2019/20|2019-10-06|Southampton|Chelsea
2019/20,19/10/2019,Aston Villa,Brighton,2,1,H,1,1,D,24,20,8,5,7,5,9,17,1,2,0,1,2.35,3.4,3.0,Football-Data.co.uk,2019-10-19,2019/20|2019-10-19|Aston Villa|Brighton
2019/20,19/10/2019,Bournemouth,Norwich,0,0,D,0,0,D,11,10,2,1,6,7,8,11,1,3,0,0,1.72,4.2,4.2,Football-Data.co.uk,2019-10-19,2019/20|2019-10-19|Bournemouth|Norwich
2019/20,19/10/2019,Chelsea,Newcastle,1,0,H,0,0,D,16,5,8,0,11,0,9,12,2,1,0,0,1.3,5.5,10.0,Football-Data.co.uk,2019-10-19,2019/20|2019-10-19|Chelsea|Newcastle
2019/20,19/10/2019,Crystal Palace,Man City,0,2,A,0,2,A,7,21,2,10,1,8,8,10,1,1,0,0,12.0,7.0,1.22,Football-Data.co.uk,2019-10-19,2019/20|2019-10-19|Crystal Palace|Man City
2019/20,19/10/2019,Everton,West Ham,2,0,H,1,0,H,19,8,10,4,11,2,15,15,2,2,0,0,1.95,3.75,3.75,Football-Data.co.uk,2019-10-19,2019/20|2019-10-19|Everton|West Ham
2019/20,19/10/2019,Leicester,Burnley,2,1,H,1,1,D,19,13,3,4,9,4,4,10,0,3,0,0,1.57,4.0,6.0,Football-Data.co.uk,2019-10-19,2019/20|2019-10-19|Leicester|Burnley
2019/20,19/10/2019,Tottenham,Watford,1,1,D,0,1,A,12,7,2,2,11,2,5,9,4,3,0,0,1.4,5.0,7.5,Football-Data.co.uk,2019-10-19,2019/20|2019-10-19|Tottenham|Watford
2019/20,19/10/2019,Wolves,Southampton,1,1,D,0,0,D,4,14,1,5,1,3,10,17,3,2,0,0,1.8,3.6,4.5,Football-Data.co.uk,2019-10-19,2019/20|2019-10-19|Wolves|Southampton
2019/20,20/10/2019,Man United,Liverpool,1,1,D,1,0,H,7,10,2,4,3,1,6,14,0,1,0,0,5.25,3.8,1.65,Football-Data.co.uk,2019-10-20,2019/20|2019-10-20|Man United|Liverpool
2019/20,21/10/2019,Sheffield United,Arsenal,1,0,H,1,0,H,8,9,2,3,7,12,10,12,4,4,0,0,3.9,3.75,1.9,Football-Data.co.uk,2019-10-21,2019/20|2019-10-21|Sheffield United|Arsenal
2019/20,25/10/2019,Southampton,Leicester,0,9,A,0,5,A,6,25,3,15,2,7,3,12,0,0,1,0,3.1,3.4,2.3,Football-Data.co.uk,2019-10-25,2019/20|2019-10-25|Southampton|Leicester
2019/20,26/10/2019,Brighton,Everton,3,2,H,1,1,D,8,10,4,6,0,5,12,12,2,1,0,0,2.9,3.25,2.5,Football-Data.co.uk,2019-10-26,2019/20|2019-10-26|Brighton|Everton
2019/20,26/10/2019,Burnley,Chelsea,2,4,A,0,2,A,13,16,5,7,5,6,7,8,3,2,0,0,4.5,4.0,1.72,Football-Data.co.uk,2019-10-26,2019/20|2019-10-26|Burnley|Chelsea
2019/20,26/10/2019,Man City,Aston Villa,3,0,H,0,0,D,25,11,9,5,13,7,10,5,1,1,1,0,1.08,11.0,26.0,Football-Data.co.uk,2019-10-26,2019/20|2019-10-26|Man City|Aston Villa
2019/20,26/10/2019,Watford,Bournemouth,0,0,D,0,0,D,7,15,3,5,5,10,14,8,5,3,0,0,2.15,3.6,3.25,Football-Data.co.uk,2019-10-26,2019/20|2019-10-26|Watford|Bournemouth
2019/20,26/10/2019,West Ham,Sheffield United,1,1,D,1,0,H,12,10,4,4,10,4,7,10,2,2,0,0,2.1,3.5,3.5,Football-Data.co.uk,2019-10-26,2019/20|2019-10-26|West Ham|Sheffield United
2019/20,27/10/2019,Arsenal,Crystal Palace,2,2,D,2,1,H,15,10,6,4,12,5,18,9,2,0,0,0,1.45,4.75,6.5,Football-Data.co.uk,2019-10-27,2019/20|2019-10-27|Arsenal|Crystal Palace
2019/20,27/10/2019,Liverpool,Tottenham,2,1,H,0,1,A,21,11,13,4,8,3,9,11,3,3,0,0,1.5,4.33,6.5,Football-Data.co.uk,2019-10-27,2019/20|2019-10-27|Liverpool|Tottenham
2019/20,27/10/2019,Newcastle,Wolves,1,1,D,1,0,H,13,13,2,5,3,6,8,15,2,2,1,0,3.0,3.1,2.55,Football-Data.co.uk,2019-10-27,2019/20|2019-10-27|Newcastle|Wolves
2019/20,27/10/2019,Norwich,Man United,1,3,A,0,2,A,10,21,3,11,1,10,13,10,2,2,0,0,4.33,4.0,1.75,Football-Data.co.uk,2019-10-27,2019/20|2019-10-27|Norwich|Man United
2019/20,02/11/2019,Arsenal,Wolves,1,1,D,1,0,H,10,25,4,8,8,9,6,15,0,2,0,0,1.75,3.75,4.75,Football-Data.co.uk,2019-11-02,2019/20|2019-11-02|Arsenal|Wolves
2019/20,02/11/2019,Aston Villa,Liverpool,1,2,A,1,0,H,5,25,2,6,2,10,12,9,1,2,0,0,9.0,5.0,1.33,Football-Data.co.uk,2019-11-02,2019/20|2019-11-02|Aston Villa|Liverpool
2019/20,02/11/2019,Bournemouth,Man United,1,0,H,1,0,H,12,15,6,4,4,10,14,12,4,3,0,0,3.25,3.6,2.15,Football-Data.co.uk,2019-11-02,2019/20|2019-11-02|Bournemouth|Man United
2019/20,02/11/2019,Brighton,Norwich,2,0,H,0,0,D,21,7,5,0,8,3,11,8,0,1,0,0,1.72,4.2,4.33,Football-Data.co.uk,2019-11-02,2019/20|2019-11-02|Brighton|Norwich
2019/20,02/11/2019,Man City,Southampton,2,1,H,0,1,A,26,3,4,3,17,0,11,10,3,1,0,0,1.07,13.0,23.0,Football-Data.co.uk,2019-11-02,2019/20|2019-11-02|Man City|Southampton
2019/20,02/11/2019,Sheffield United,Burnley,3,0,H,3,0,H,13,6,6,0,7,6,8,12,1,2,0,0,2.25,3.2,3.4,Football-Data.co.uk,2019-11-02,2019/20|2019-11-02|Sheffield United|Burnley
2019/20,02/11/2019,Watford,Chelsea,1,2,A,0,1,A,12,16,3,10,1,6,8,5,4,2,0,0,5.0,4.33,1.61,Football-Data.co.uk,2019-11-02,2019/20|2019-11-02|Watford|Chelsea
2019/20,02/11/2019,West Ham,Newcastle,2,3,A,0,2,A,16,12,6,9,7,3,10,7,2,1,0,0,1.75,3.8,4.5,Football-Data.co.uk,2019-11-02,2019/20|2019-11-02|West Ham|Newcastle
2019/20,03/11/2019,Crystal Palace,Leicester,0,2,A,0,0,D,12,14,3,5,5,6,15,16,2,2,0,0,3.5,3.4,2.1,Football-Data.co.uk,2019-11-03,2019/20|2019-11-03|Crystal Palace|Leicester
2019/20,03/11/2019,Everton,Tottenham,1,1,D,0,0,D,7,4,3,2,5,2,9,8,1,2,0,1,2.7,3.4,2.6,Football-Data.co.uk,2019-11-03,2019/20|2019-11-03|Everton|Tottenham
2019/20,08/11/2019,Norwich,Watford,0,2,A,0,1,A,17,12,5,2,10,4,7,13,1,2,0,1,2.7,3.5,2.55,Football-Data.co.uk,2019-11-08,2019/20|2019-11-08|Norwich|Watford
2019/20,09/11/2019,Burnley,West Ham,3,0,H,2,0,H,14,7,12,4,11,4,17,10,2,1,0,0,2.25,3.5,3.1,Football-Data.co.uk,2019-11-09,2019/20|2019-11-09|Burnley|West Ham
2019/20,09/11/2019,Chelsea,Crystal Palace,2,0,H,0,0,D,23,3,5,1,7,0,9,17,3,2,0,0,1.33,5.0,10.0,Football-Data.co.uk,2019-11-09,2019/20|2019-11-09|Chelsea|Crystal Palace
2019/20,09/11/2019,Leicester,Arsenal,2,0,H,0,0,D,19,8,7,1,5,4,10,10,1,1,0,0,2.0,3.75,3.5,Football-Data.co.uk,2019-11-09,2019/20|2019-11-09|Leicester|Arsenal
2019/20,09/11/2019,Newcastle,Bournemouth,2,1,H,1,1,D,20,16,9,3,5,4,10,5,2,0,0,0,2.55,3.25,2.8,Football-Data.co.uk,2019-11-09,2019/20|2019-11-09|Newcastle|Bournemouth
2019/20,09/11/2019,Southampton,Everton,1,2,A,0,1,A,4,24,3,5,5,9,12,12,1,1,0,0,2.9,3.3,2.45,Football-Data.co.uk,2019-11-09,2019/20|2019-11-09|Southampton|Everton
2019/20,09/11/2019,Tottenham,Sheffield United,1,1,D,0,0,D,17,14,5,4,4,4,6,9,2,2,0,0,1.57,4.0,6.0,Football-Data.co.uk,2019-11-09,2019/20|2019-11-09|Tottenham|Sheffield United
2019/20,10/11/2019,Liverpool,Man City,3,1,H,2,0,H,12,18,5,3,4,13,10,5,0,2,0,0,2.5,3.6,2.62,Football-Data.co.uk,2019-11-10,2019/20|2019-11-10|Liverpool|Man City
2019/20,10/11/2019,Man United,Brighton,3,1,H,2,0,H,21,6,11,2,5,2,10,14,2,5,0,0,1.6,3.75,6.5,Football-Data.co.uk,2019-11-10,2019/20|2019-11-10|Man United|Brighton
2019/20,10/11/2019,Wolves,Aston Villa,2,1,H,1,0,H,17,13,5,4,6,3,17,8,4,3,0,0,1.9,3.5,4.2,Football-Data.co.uk,2019-11-10,2019/20|2019-11-10|Wolves|Aston Villa
2019/20,23/11/2019,Arsenal,Southampton,2,2,D,1,1,D,12,21,5,6,6,8,13,19,6,2,0,0,1.45,4.75,6.5,Football-Data.co.uk,2019-11-23,2019/20|2019-11-23|Arsenal|Southampton
2019/20,23/11/2019,Bournemouth,Wolves,1,2,A,0,2,A,9,17,2,7,5,9,10,12,2,1,1,0,2.75,3.3,2.6,Football-Data.co.uk,2019-11-23,2019/20|2019-11-23|Bournemouth|Wolves
2019/20,23/11/2019,Brighton,Leicester,0,2,A,0,0,D,7,19,0,9,6,7,9,1,2,0,0,0,3.75,3.5,2.0,Football-Data.co.uk,2019-11-23,2019/20|2019-11-23|Brighton|Leicester
2019/20,23/11/2019,Crystal Palace,Liverpool,1,2,A,0,0,D,16,12,6,4,9,8,8,7,0,1,0,0,7.5,4.75,1.4,Football-Data.co.uk,2019-11-23,2019/20|2019-11-23|Crystal Palace|Liverpool
2019/20,23/11/2019,Everton,Norwich,0,2,A,0,0,D,18,13,7,5,7,7,12,11,3,5,0,0,1.36,5.1,8.0,Football-Data.co.uk,2019-11-23,2019/20|2019-11-23|Everton|Norwich
2019/20,23/11/2019,Man City,Chelsea,2,1,H,2,1,H,15,11,4,2,8,2,5,9,1,1,0,0,1.44,5.0,6.5,Football-Data.co.uk,2019-11-23,2019/20|2019-11-23|Man City|Chelsea
2019/20,23/11/2019,Watford,Burnley,0,3,A,0,0,D,15,11,4,5,7,5,14,13,0,3,0,0,2.3,3.4,3.1,Football-Data.co.uk,2019-11-23,2019/20|2019-11-23|Watford|Burnley
2019/20,23/11/2019,West Ham,Tottenham,2,3,A,0,2,A,11,15,4,6,3,7,12,14,3,2,0,0,4.2,4.33,1.7,Football-Data.co.uk,2019-11-23,2019/20|2019-11-23|West Ham|Tottenham
2019/20,24/11/2019,Sheffield United,Man United,3,3,D,1,0,H,12,11,8,5,6,3,13,10,1,2,0,0,3.5,3.4,2.1,Football-Data.co.uk,2019-11-24,2019/20|2019-11-24|Sheffield United|Man United
2019/20,25/11/2019,Aston Villa,Newcastle,2,0,H,2,0,H,17,11,8,5,11,6,10,9,1,1,0,0,2.05,3.4,3.7,Football-Data.co.uk,2019-11-25,2019/20|2019-11-25|Aston Villa|Newcastle
2019/20,30/11/2019,Burnley,Crystal Palace,0,2,A,0,1,A,15,7,4,2,5,6,13,10,2,0,0,0,2.25,3.25,3.3,Football-Data.co.uk,2019-11-30,2019/20|2019-11-30|Burnley|Crystal Palace
2019/20,30/11/2019,Chelsea,West Ham,0,1,A,0,0,D,19,5,6,4,9,3,0,16,0,3,0,0,1.28,6.0,9.0,Football-Data.co.uk,2019-11-30,2019/20|2019-11-30|Chelsea|West Ham
2019/20,30/11/2019,Liverpool,Brighton,2,1,H,2,0,H,15,12,7,5,4,5,3,10,0,0,1,0,1.18,7.0,15.0,Football-Data.co.uk,2019-11-30,2019/20|2019-11-30|Liverpool|Brighton
2019/20,30/11/2019,Newcastle,Man City,2,2,D,1,1,D,6,24,3,9,1,10,4,6,1,2,0,0,13.0,8.0,1.16,Football-Data.co.uk,2019-11-30,2019/20|2019-11-30|Newcastle|Man City
2019/20,30/11/2019,Southampton,Watford,2,1,H,0,1,A,11,6,6,3,6,7,6,10,1,0,0,0,2.1,3.4,3.5,Football-Data.co.uk,2019-11-30,2019/20|2019-11-30|Southampton|Watford
2019/20,30/11/2019,Tottenham,Bournemouth,3,2,H,1,0,H,15,20,5,6,4,8,10,12,0,2,0,0,1.36,5.5,7.5,Football-Data.co.uk,2019-11-30,2019/20|2019-11-30|Tottenham|Bournemouth
2019/20,01/12/2019,Leicester,Everton,2,1,H,0,1,A,16,11,6,3,4,4,7,9,0,1,0,0,1.61,4.0,5.25,Football-Data.co.uk,2019-12-01,2019/20|2019-12-01|Leicester|Everton
2019/20,01/12/2019,Man United,Aston Villa,2,2,D,1,1,D,16,9,6,3,9,9,16,8,4,1,0,0,1.45,4.5,7.0,Football-Data.co.uk,2019-12-01,2019/20|2019-12-01|Man United|Aston Villa
2019/20,01/12/2019,Norwich,Arsenal,2,2,D,2,1,H,15,16,8,7,7,12,8,10,2,1,0,0,4.0,4.33,1.75,Football-Data.co.uk,2019-12-01,2019/20|2019-12-01|Norwich|Arsenal
2019/20,01/12/2019,Wolves,Sheffield United,1,1,D,0,1,A,13,9,3,4,7,2,12,18,1,4,0,0,1.9,3.5,4.2,Football-Data.co.uk,2019-12-01,2019/20|2019-12-01|Wolves|Sheffield United
2019/20,03/12/2019,Burnley,Man City,1,4,A,0,1,A,4,17,2,8,3,6,9,6,1,1,0,0,11.0,7.0,1.22,Football-Data.co.uk,2019-12-03,2019/20|2019-12-03|Burnley|Man City
2019/20,03/12/2019,Crystal Palace,Bournemouth,1,0,H,0,0,D,7,6,2,3,6,9,6,15,3,3,1,0,2.2,3.4,3.25,Football-Data.co.uk,2019-12-03,2019/20|2019-12-03|Crystal Palace|Bournemouth
2019/20,04/12/2019,Chelsea,Aston Villa,2,1,H,1,1,D,25,9,9,3,9,5,18,10,2,1,0,0,1.28,5.75,10.0,Football-Data.co.uk,2019-12-04,2019/20|2019-12-04|Chelsea|Aston Villa
2019/20,04/12/2019,Leicester,Watford,2,0,H,0,0,D,12,4,6,1,7,2,13,16,3,2,0,0,1.33,5.5,8.0,Football-Data.co.uk,2019-12-04,2019/20|2019-12-04|Leicester|Watford
2019/20,04/12/2019,Liverpool,Everton,5,2,H,4,2,H,11,12,5,4,5,6,13,17,1,2,0,0,1.36,5.0,8.5,Football-Data.co.uk,2019-12-04,2019/20|2019-12-04|Liverpool|Everton
2019/20,04/12/2019,Man United,Tottenham,2,1,H,1,1,D,12,8,7,5,4,3,9,9,0,1,0,0,2.75,3.4,2.55,Football-Data.co.uk,2019-12-04,2019/20|2019-12-04|Man United|Tottenham
2019/20,04/12/2019,Southampton,Norwich,2,1,H,2,0,H,14,10,5,3,6,1,12,7,1,1,0,0,1.72,4.0,4.2,Football-Data.co.uk,2019-12-04,2019/20|2019-12-04|Southampton|Norwich
2019/20,04/12/2019,Wolves,West Ham,2,0,H,1,0,H,13,6,7,3,5,4,8,9,1,2,0,0,1.75,3.7,4.75,Football-Data.co.uk,2019-12-04,2019/20|2019-12-04|Wolves|West Ham
2019/20,05/12/2019,Arsenal,Brighton,1,2,A,0,1,A,12,20,5,9,9,9,10,11,3,1,0,0,1.57,4.33,5.5,Football-Data.co.uk,2019-12-05,2019/20|2019-12-05|Arsenal|Brighton
2019/20,05/12/2019,Sheffield United,Newcastle,0,2,A,0,1,A,13,6,6,4,8,1,10,6,2,0,0,0,1.83,3.4,4.6,Football-Data.co.uk,2019-12-05,2019/20|2019-12-05|Sheffield United|Newcastle
2019/20,07/12/2019,Bournemouth,Liverpool,0,3,A,0,2,A,3,21,0,9,1,3,5,6,0,1,0,0,7.0,5.25,1.4,Football-Data.co.uk,2019-12-07,2019/20|2019-12-07|Bournemouth|Liverpool
2019/20,07/12/2019,Everton,Chelsea,3,1,H,1,0,H,13,15,7,4,1,5,14,9,3,0,0,0,3.5,3.75,2.0,Football-Data.co.uk,2019-12-07,2019/20|2019-12-07|Everton|Chelsea
2019/20,07/12/2019,Man City,Man United,1,2,A,0,2,A,22,11,5,7,16,3,10,10,3,2,0,0,1.3,5.5,10.0,Football-Data.co.uk,2019-12-07,2019/20|2019-12-07|Man City|Man United
2019/20,07/12/2019,Tottenham,Burnley,5,0,H,3,0,H,13,7,7,1,1,1,12,8,1,1,0,0,1.4,4.75,8.0,Football-Data.co.uk,2019-12-07,2019/20|2019-12-07|Tottenham|Burnley
2019/20,07/12/2019,Watford,Crystal Palace,0,0,D,0,0,D,13,3,3,0,6,2,15,16,4,2,0,0,2.37,3.3,3.1,Football-Data.co.uk,2019-12-07,2019/20|2019-12-07|Watford|Crystal Palace
2019/20,08/12/2019,Aston Villa,Leicester,1,4,A,1,2,A,15,23,2,8,8,5,21,15,6,2,0,0,4.33,3.8,1.8,Football-Data.co.uk,2019-12-08,2019/20|2019-12-08|Aston Villa|Leicester
2019/20,08/12/2019,Brighton,Wolves,2,2,D,2,2,D,13,13,4,5,3,4,10,7,3,0,0,0,2.62,3.1,2.87,Football-Data.co.uk,2019-12-08,2019/20|2019-12-08|Brighton|Wolves
2019/20,08/12/2019,Newcastle,Southampton,2,1,H,0,0,D,12,19,6,4,3,12,11,17,1,3,0,0,2.5,3.2,2.9,Football-Data.co.uk,2019-12-08,2019/20|2019-12-08|Newcastle|Southampton
2019/20,08/12/2019,Norwich,Sheffield United,1,2,A,1,0,H,14,9,4,3,9,1,6,12,0,4,0,0,2.9,3.5,2.37,Football-Data.co.uk,2019-12-08,2019/20|2019-12-08|Norwich|Sheffield United
2019/20,09/12/2019,West Ham,Arsenal,1,3,A,1,0,H,11,10,4,3,4,3,12,6,2,0,0,0,3.3,4.0,2.0,Football-Data.co.uk,2019-12-09,2019/20|2019-12-09|West Ham|Arsenal
2019/20,14/12/2019,Burnley,Newcastle,1,0,H,0,0,D,7,9,4,0,4,3,15,12,0,2,0,0,1.95,3.4,4.0,Football-Data.co.uk,2019-12-14,2019/20|2019-12-14|Burnley|Newcastle
2019/20,14/12/2019,Chelsea,Bournemouth,0,1,A,0,0,D,18,11,5,2,9,4,9,14,1,2,0,0,1.25,6.0,12.0,Football-Data.co.uk,2019-12-14,2019/20|2019-12-14|Chelsea|Bournemouth
2019/20,14/12/2019,Leicester,Norwich,1,1,D,1,1,D,18,10,5,3,12,4,11,15,0,4,0,0,1.22,6.5,13.0,Football-Data.co.uk,2019-12-14,2019/20|2019-12-14|Leicester|Norwich
2019/20,14/12/2019,Liverpool,Watford,2,0,H,1,0,H,16,8,6,2,6,3,8,6,2,1,0,0,1.16,7.5,17.0,Football-Data.co.uk,2019-12-14,2019/20|2019-12-14|Liverpool|Watford
2019/20,14/12/2019,Sheffield United,Aston Villa,2,0,H,0,0,D,7,8,3,0,3,2,10,9,2,2,0,0,1.85,3.75,4.2,Football-Data.co.uk,2019-12-14,2019/20|2019-12-14|Sheffield United|Aston Villa
2019/20,14/12/2019,Southampton,West Ham,0,1,A,0,1,A,11,11,2,4,5,8,9,14,1,3,0,0,1.9,3.8,3.8,Football-Data.co.uk,2019-12-14,2019/20|2019-12-14|Southampton|West Ham
2019/20,15/12/2019,Arsenal,Man City,0,3,A,0,3,A,6,14,1,7,3,3,9,24,1,4,0,0,6.0,5.25,1.44,Football-Data.co.uk,2019-12-15,2019/20|2019-12-15|Arsenal|Man City
2019/20,15/12/2019,Man United,Everton,1,1,D,0,1,A,24,8,8,3,6,5,10,12,1,2,0,0,1.8,3.7,4.5,Football-Data.co.uk,2019-12-15,2019/20|2019-12-15|Man United|Everton
2019/20,15/12/2019,Wolves,Tottenham,1,2,A,0,1,A,18,9,5,5,11,2,14,10,4,4,0,0,3.25,3.4,2.25,Football-Data.co.uk,2019-12-15,2019/20|2019-12-15|Wolves|Tottenham
2019/20,16/12/2019,Crystal Palace,Brighton,1,1,D,0,0,D,11,15,4,10,3,7,7,12,1,1,0,0,2.55,3.25,2.87,Football-Data.co.uk,2019-12-16,2019/20|2019-12-16|Crystal Palace|Brighton
2019/20,21/12/2019,Aston Villa,Southampton,1,3,A,0,2,A,19,17,6,8,7,5,16,15,2,1,0,0,2.4,3.6,2.8,Football-Data.co.uk,2019-12-21,2019/20|2019-12-21|Aston Villa|Southampton
2019/20,21/12/2019,Bournemouth,Burnley,0,1,A,0,0,D,3,2,0,1,4,5,13,21,2,4,0,0,2.4,3.4,2.9,Football-Data.co.uk,2019-12-21,2019/20|2019-12-21|Bournemouth|Burnley
2019/20,21/12/2019,Brighton,Sheffield United,0,1,A,0,1,A,9,7,2,2,4,3,6,11,1,3,0,0,2.2,3.25,3.5,Football-Data.co.uk,2019-12-21,2019/20|2019-12-21|Brighton|Sheffield United
2019/20,21/12/2019,Everton,Arsenal,0,0,D,0,0,D,9,6,0,2,5,4,10,11,2,3,0,0,2.3,3.8,2.87,Football-Data.co.uk,2019-12-21,2019/20|2019-12-21|Everton|Arsenal
2019/20,21/12/2019,Man City,Leicester,3,1,H,2,1,H,23,5,12,2,6,1,14,9,2,2,0,0,1.36,5.25,7.5,Football-Data.co.uk,2019-12-21,2019/20|2019-12-21|Man City|Leicester
2019/20,21/12/2019,Newcastle,Crystal Palace,1,0,H,0,0,D,8,16,3,4,4,5,12,11,2,0,0,0,2.37,3.1,3.25,Football-Data.co.uk,2019-12-21,2019/20|2019-12-21|Newcastle|Crystal Palace
2019/20,21/12/2019,Norwich,Wolves,1,2,A,1,0,H,13,14,7,4,3,11,7,14,2,4,0,0,3.75,3.8,1.9,Football-Data.co.uk,2019-12-21,2019/20|2019-12-21|Norwich|Wolves
2019/20,22/12/2019,Tottenham,Chelsea,0,2,A,0,2,A,5,13,1,3,3,5,9,11,4,3,1,0,2.37,3.75,2.75,Football-Data.co.uk,2019-12-22,2019/20|2019-12-22|Tottenham|Chelsea
2019/20,22/12/2019,Watford,Man United,2,0,H,0,0,D,11,17,3,8,3,5,16,11,3,1,0,0,4.33,4.0,1.75,Football-Data.co.uk,2019-12-22,2019/20|2019-12-22|Watford|Man United
2019/20,26/12/2019,Aston Villa,Norwich,1,0,H,0,0,D,11,16,2,6,5,8,15,12,2,3,0,0,2.1,3.75,3.3,Football-Data.co.uk,2019-12-26,2019/20|2019-12-26|Aston Villa|Norwich
2019/20,26/12/2019,Bournemouth,Arsenal,1,1,D,1,0,H,12,17,4,2,8,3,5,13,4,4,0,0,3.5,3.9,1.95,Football-Data.co.uk,2019-12-26,2019/20|2019-12-26|Bournemouth|Arsenal
2019/20,26/12/2019,Chelsea,Southampton,0,2,A,0,1,A,10,5,3,3,8,1,10,9,3,2,0,0,1.33,5.25,9.0,Football-Data.co.uk,2019-12-26,2019/20|2019-12-26|Chelsea|Southampton
2019/20,26/12/2019,Crystal Palace,West Ham,2,1,H,0,0,D,13,10,4,2,7,6,5,10,0,2,0,0,2.3,3.4,3.1,Football-Data.co.uk,2019-12-26,2019/20|2019-12-26|Crystal Palace|West Ham
2019/20,26/12/2019,Everton,Burnley,1,0,H,0,0,D,21,6,5,0,10,2,15,14,0,0,0,0,1.7,3.75,5.0,Football-Data.co.uk,2019-12-26,2019/20|2019-12-26|Everton|Burnley
2019/20,26/12/2019,Leicester,Liverpool,0,4,A,0,1,A,3,15,0,6,2,8,5,7,1,1,0,0,3.4,3.75,2.05,Football-Data.co.uk,2019-12-26,2019/20|2019-12-26|Leicester|Liverpool
2019/20,26/12/2019,Man United,Newcastle,4,1,H,3,1,H,22,7,10,2,5,0,10,7,2,2,0,0,1.33,5.25,9.0,Football-Data.co.uk,2019-12-26,2019/20|2019-12-26|Man United|Newcastle
2019/20,26/12/2019,Sheffield United,Watford,1,1,D,1,1,D,16,5,4,2,9,1,11,8,1,3,0,0,1.83,3.6,4.33,Football-Data.co.uk,2019-12-26,2019/20|2019-12-26|Sheffield United|Watford
2019/20,26/12/2019,Tottenham,Brighton,2,1,H,0,1,A,11,11,5,5,9,2,10,9,4,2,0,0,1.53,4.33,6.0,Football-Data.co.uk,2019-12-26,2019/20|2019-12-26|Tottenham|Brighton
2019/20,27/12/2019,Wolves,Man City,3,2,H,0,1,A,20,7,8,3,3,1,7,13,0,1,0,1,8.5,5.0,1.36,Football-Data.co.uk,2019-12-27,2019/20|2019-12-27|Wolves|Man City
2019/20,28/12/2019,Brighton,Bournemouth,2,0,H,1,0,H,16,10,6,2,9,2,8,11,0,2,0,0,1.75,3.9,4.33,Football-Data.co.uk,2019-12-28,2019/20|2019-12-28|Brighton|Bournemouth
2019/20,28/12/2019,Burnley,Man United,0,2,A,0,1,A,8,14,1,5,5,4,17,10,4,3,0,0,4.33,3.75,1.8,Football-Data.co.uk,2019-12-28,2019/20|2019-12-28|Burnley|Man United
2019/20,28/12/2019,Newcastle,Everton,1,2,A,0,1,A,20,22,5,9,5,8,13,13,2,2,0,0,3.6,3.4,2.05,Football-Data.co.uk,2019-12-28,2019/20|2019-12-28|Newcastle|Everton
2019/20,28/12/2019,Norwich,Tottenham,2,2,D,1,0,H,5,15,2,7,4,6,12,10,3,3,0,0,5.0,4.0,1.66,Football-Data.co.uk,2019-12-28,2019/20|2019-12-28|Norwich|Tottenham
2019/20,28/12/2019,Southampton,Crystal Palace,1,1,D,0,0,D,14,5,5,2,12,4,13,7,1,2,0,0,1.95,3.6,3.8,Football-Data.co.uk,2019-12-28,2019/20|2019-12-28|Southampton|Crystal Palace
2019/20,28/12/2019,Watford,Aston Villa,3,0,H,1,0,H,20,11,6,2,6,3,16,9,3,1,1,0,1.95,3.8,3.6,Football-Data.co.uk,2019-12-28,2019/20|2019-12-28|Watford|Aston Villa
2019/20,28/12/2019,West Ham,Leicester,1,2,A,1,1,D,14,13,4,8,5,5,16,4,4,1,0,0,4.0,3.9,1.83,Football-Data.co.uk,2019-12-28,2019/20|2019-12-28|West Ham|Leicester
2019/20,29/12/2019,Arsenal,Chelsea,1,2,A,1,0,H,7,13,2,4,2,3,13,19,5,4,0,0,2.87,3.75,2.3,Football-Data.co.uk,2019-12-29,2019/20|2019-12-29|Arsenal|Chelsea
2019/20,29/12/2019,Liverpool,Wolves,1,0,H,1,0,H,10,10,3,2,5,6,7,3,1,0,0,0,1.25,5.75,12.0,Football-Data.co.uk,2019-12-29,2019/20|2019-12-29|Liverpool|Wolves
2019/20,29/12/2019,Man City,Sheffield United,2,0,H,0,0,D,16,8,4,0,8,5,5,6,1,1,0,0,1.16,7.5,16.0,Football-Data.co.uk,2019-12-29,2019/20|2019-12-29|Man City|Sheffield United
2019/20,01/01/2020,Arsenal,Man United,2,0,H,2,0,H,10,10,4,4,1,4,11,15,2,0,0,0,2.55,3.6,2.62,Football-Data.co.uk,2020-01-01,2019/20|2020-01-01|Arsenal|Man United
2019/20,01/01/2020,Brighton,Chelsea,1,1,D,0,1,A,16,16,5,5,5,3,8,15,2,3,0,0,3.6,3.6,1.95,Football-Data.co.uk,2020-01-01,2019/20|2020-01-01|Brighton|Chelsea
2019/20,01/01/2020,Burnley,Aston Villa,1,2,A,0,2,A,20,11,1,6,8,4,12,10,1,1,0,0,1.75,3.8,4.33,Football-Data.co.uk,2020-01-01,2019/20|2020-01-01|Burnley|Aston Villa
2019/20,01/01/2020,Man City,Everton,2,1,H,0,0,D,16,7,7,2,3,6,11,11,0,4,0,0,1.25,6.5,10.0,Football-Data.co.uk,2020-01-01,2019/20|2020-01-01|Man City|Everton
2019/20,01/01/2020,Newcastle,Leicester,0,3,A,0,2,A,5,17,2,10,4,5,8,12,1,1,0,0,5.0,3.8,1.66,Football-Data.co.uk,2020-01-01,2019/20|2020-01-01|Newcastle|Leicester
2019/20,01/01/2020,Norwich,Crystal Palace,1,1,D,1,0,H,15,12,4,3,2,5,12,9,5,0,0,0,2.5,3.4,2.75,Football-Data.co.uk,2020-01-01,2019/20|2020-01-01|Norwich|Crystal Palace
2019/20,01/01/2020,Southampton,Tottenham,1,0,H,1,0,H,12,11,3,5,6,9,21,8,3,4,0,0,3.3,3.5,2.1,Football-Data.co.uk,2020-01-01,2019/20|2020-01-01|Southampton|Tottenham
2019/20,01/01/2020,Watford,Wolves,2,1,H,1,0,H,9,16,3,4,4,7,12,6,3,1,1,0,3.0,3.4,2.3,Football-Data.co.uk,2020-01-01,2019/20|2020-01-01|Watford|Wolves
2019/20,01/01/2020,West Ham,Bournemouth,4,0,H,3,0,H,14,3,7,2,9,2,3,12,1,2,0,0,1.9,3.75,3.8,Football-Data.co.uk,2020-01-01,2019/20|2020-01-01|West Ham|Bournemouth
2019/20,02/01/2020,Liverpool,Sheffield United,2,0,H,1,0,H,19,3,7,2,8,4,5,8,0,0,0,0,1.2,6.5,13.0,Football-Data.co.uk,2020-01-02,2019/20|2020-01-02|Liverpool|Sheffield United
2019/20,10/01/2020,Sheffield United,West Ham,1,0,H,0,0,D,13,7,3,2,7,3,11,6,1,0,0,0,1.95,3.4,4.0,Football-Data.co.uk,2020-01-10,2019/20|2020-01-10|Sheffield United|West Ham
2019/20,11/01/2020,Chelsea,Burnley,3,0,H,2,0,H,18,7,8,2,10,3,7,4,0,3,0,0,1.28,5.5,11.0,Football-Data.co.uk,2020-01-11,2019/20|2020-01-11|Chelsea|Burnley
2019/20,11/01/2020,Crystal Palace,Arsenal,1,1,D,0,1,A,6,7,3,4,1,4,14,22,2,3,0,1,4.1,3.9,1.8,Football-Data.co.uk,2020-01-11,2019/20|2020-01-11|Crystal Palace|Arsenal
2019/20,11/01/2020,Everton,Brighton,1,0,H,1,0,H,14,9,6,2,4,3,7,7,2,1,0,0,1.85,3.8,4.0,Football-Data.co.uk,2020-01-11,2019/20|2020-01-11|Everton|Brighton
2019/20,11/01/2020,Leicester,Southampton,1,2,A,1,1,D,5,16,5,10,2,4,9,17,0,3,0,0,1.6,4.0,5.5,Football-Data.co.uk,2020-01-11,2019/20|2020-01-11|Leicester|Southampton
2019/20,11/01/2020,Man United,Norwich,4,0,H,1,0,H,13,8,6,3,4,2,18,7,0,0,0,0,1.33,5.25,8.5,Football-Data.co.uk,2020-01-11,2019/20|2020-01-11|Man United|Norwich
2019/20,11/01/2020,Tottenham,Liverpool,0,1,A,0,1,A,14,13,4,7,4,3,4,8,0,2,0,0,4.5,4.33,1.66,Football-Data.co.uk,2020-01-11,2019/20|2020-01-11|Tottenham|Liverpool
2019/20,11/01/2020,Wolves,Newcastle,1,1,D,1,1,D,9,5,4,1,5,2,13,12,0,3,0,0,1.44,4.5,7.5,Football-Data.co.uk,2020-01-11,2019/20|2020-01-11|Wolves|Newcastle
2019/20,12/01/2020,Aston Villa,Man City,1,6,A,0,4,A,7,22,1,12,2,4,5,12,2,1,0,0,13.0,8.5,1.16,Football-Data.co.uk,2020-01-12,2019/20|2020-01-12|Aston Villa|Man City
2019/20,12/01/2020,Bournemouth,Watford,0,3,A,0,1,A,10,18,1,6,5,5,3,13,1,1,0,0,2.6,3.3,2.7,Football-Data.co.uk,2020-01-12,2019/20|2020-01-12|Bournemouth|Watford
2019/20,18/01/2020,Arsenal,Sheffield United,1,1,D,1,0,H,11,12,4,4,4,5,9,13,1,2,0,0,1.83,3.6,4.33,Football-Data.co.uk,2020-01-18,2019/20|2020-01-18|Arsenal|Sheffield United
2019/20,18/01/2020,Brighton,Aston Villa,1,1,D,1,0,H,10,8,2,3,3,4,11,13,3,3,0,0,1.66,4.0,5.0,Football-Data.co.uk,2020-01-18,2019/20|2020-01-18|Brighton|Aston Villa
2019/20,18/01/2020,Man City,Crystal Palace,2,2,D,0,1,A,25,5,6,3,14,2,9,7,1,2,0,0,1.1,11.0,19.0,Football-Data.co.uk,2020-01-18,2019/20|2020-01-18|Man City|Crystal Palace
2019/20,18/01/2020,Newcastle,Chelsea,1,0,H,0,0,D,7,19,2,4,1,10,9,14,1,1,0,0,6.0,4.5,1.5,Football-Data.co.uk,2020-01-18,2019/20|2020-01-18|Newcastle|Chelsea
2019/20,18/01/2020,Norwich,Bournemouth,1,0,H,1,0,H,16,6,5,3,4,5,10,10,2,2,1,1,2.2,3.5,3.25,Football-Data.co.uk,2020-01-18,2019/20|2020-01-18|Norwich|Bournemouth
2019/20,18/01/2020,Southampton,Wolves,2,3,A,2,0,H,11,8,5,4,1,3,13,12,2,1,0,0,2.4,3.4,3.0,Football-Data.co.uk,2020-01-18,2019/20|2020-01-18|Southampton|Wolves
2019/20,18/01/2020,Watford,Tottenham,0,0,D,0,0,D,15,17,2,5,3,3,13,13,2,3,0,0,3.25,3.5,2.2,Football-Data.co.uk,2020-01-18,2019/20|2020-01-18|Watford|Tottenham
2019/20,18/01/2020,West Ham,Everton,1,1,D,1,1,D,12,11,6,3,7,6,11,13,1,0,0,0,2.9,3.5,2.37,Football-Data.co.uk,2020-01-18,2019/20|2020-01-18|West Ham|Everton
2019/20,19/01/2020,Burnley,Leicester,2,1,H,0,1,A,8,18,5,8,4,5,14,8,1,0,0,0,4.33,3.75,1.83,Football-Data.co.uk,2020-01-19,2019/20|2020-01-19|Burnley|Leicester
2019/20,19/01/2020,Liverpool,Man United,2,0,H,1,0,H,16,9,5,4,11,5,7,10,1,3,0,0,1.36,5.25,8.0,Football-Data.co.uk,2020-01-19,2019/20|2020-01-19|Liverpool|Man United
2019/20,21/01/2020,Aston Villa,Watford,2,1,H,0,1,A,16,8,5,2,6,3,11,18,2,2,0,0,2.8,3.5,2.45,Football-Data.co.uk,2020-01-21,2019/20|2020-01-21|Aston Villa|Watford
2019/20,21/01/2020,Bournemouth,Brighton,3,1,H,2,0,H,11,21,3,8,5,8,9,12,1,1,0,0,2.87,3.4,2.45,Football-Data.co.uk,2020-01-21,2019/20|2020-01-21|Bournemouth|Brighton
2019/20,21/01/2020,Chelsea,Arsenal,2,2,D,1,0,H,19,2,8,2,17,5,11,6,2,1,0,1,1.72,3.9,4.5,Football-Data.co.uk,2020-01-21,2019/20|2020-01-21|Chelsea|Arsenal
2019/20,21/01/2020,Crystal Palace,Southampton,0,2,A,0,1,A,6,15,0,6,0,8,12,13,1,2,0,0,2.7,3.25,2.7,Football-Data.co.uk,2020-01-21,2019/20|2020-01-21|Crystal Palace|Southampton
2019/20,21/01/2020,Everton,Newcastle,2,2,D,1,0,H,17,8,8,2,6,4,13,10,1,1,0,0,1.55,4.1,6.0,Football-Data.co.uk,2020-01-21,2019/20|2020-01-21|Everton|Newcastle
2019/20,21/01/2020,Sheffield United,Man City,0,1,A,0,0,D,4,18,1,5,5,13,13,13,4,3,0,0,7.0,5.0,1.4,Football-Data.co.uk,2020-01-21,2019/20|2020-01-21|Sheffield United|Man City
2019/20,22/01/2020,Leicester,West Ham,4,1,H,2,0,H,19,6,8,2,7,8,10,19,1,1,0,0,1.53,4.33,6.0,Football-Data.co.uk,2020-01-22,2019/20|2020-01-22|Leicester|West Ham
2019/20,22/01/2020,Man United,Burnley,0,2,A,0,1,A,24,5,7,2,5,2,11,7,0,2,0,0,1.36,4.75,9.0,Football-Data.co.uk,2020-01-22,2019/20|2020-01-22|Man United|Burnley
2019/20,22/01/2020,Tottenham,Norwich,2,1,H,1,0,H,14,12,3,2,7,3,12,7,0,1,0,0,1.4,5.0,7.5,Football-Data.co.uk,2020-01-22,2019/20|2020-01-22|Tottenham|Norwich
2019/20,23/01/2020,Wolves,Liverpool,1,2,A,0,1,A,10,13,3,6,2,4,6,11,0,1,0,0,5.75,3.8,1.61,Football-Data.co.uk,2020-01-23,2019/20|2020-01-23|Wolves|Liverpool
2019/20,29/01/2020,West Ham,Liverpool,0,2,A,0,1,A,7,13,4,5,3,7,6,6,2,0,0,0,8.5,5.5,1.33,Football-Data.co.uk,2020-01-29,2019/20|2020-01-29|West Ham|Liverpool
2019/20,01/02/2020,Bournemouth,Aston Villa,2,1,H,2,0,H,16,18,6,5,1,8,10,15,1,3,1,0,2.1,3.6,3.3,Football-Data.co.uk,2020-02-01,2019/20|2020-02-01|Bournemouth|Aston Villa
2019/20,01/02/2020,Crystal Palace,Sheffield United,0,1,A,0,0,D,13,10,3,3,9,5,9,15,3,2,0,0,3.1,3.1,2.5,Football-Data.co.uk,2020-02-01,2019/20|2020-02-01|Crystal Palace|Sheffield United
2019/20,01/02/2020,Leicester,Chelsea,2,2,D,0,0,D,14,7,4,3,4,6,16,14,2,2,0,0,2.5,3.6,2.7,Football-Data.co.uk,2020-02-01,2019/20|2020-02-01|Leicester|Chelsea
2019/20,01/02/2020,Liverpool,Southampton,4,0,H,0,0,D,16,17,9,4,6,11,9,15,0,2,0,0,1.25,6.0,12.0,Football-Data.co.uk,2020-02-01,2019/20|2020-02-01|Liverpool|Southampton
2019/20,01/02/2020,Man United,Wolves,0,0,D,0,0,D,15,14,5,3,4,6,14,15,3,2,0,0,2.25,3.25,3.4,Football-Data.co.uk,2020-02-01,2019/20|2020-02-01|Man United|Wolves
2019/20,01/02/2020,Newcastle,Norwich,0,0,D,0,0,D,15,19,5,4,8,12,10,15,2,1,0,0,2.2,3.4,3.3,Football-Data.co.uk,2020-02-01,2019/20|2020-02-01|Newcastle|Norwich
2019/20,01/02/2020,Watford,Everton,2,3,A,2,2,D,11,12,2,5,4,4,17,14,2,2,0,1,2.75,3.3,2.62,Football-Data.co.uk,2020-02-01,2019/20|2020-02-01|Watford|Everton
2019/20,01/02/2020,West Ham,Brighton,3,3,D,2,0,H,12,19,6,6,4,6,8,9,1,1,0,0,2.6,3.3,2.75,Football-Data.co.uk,2020-02-01,2019/20|2020-02-01|West Ham|Brighton
2019/20,02/02/2020,Burnley,Arsenal,0,0,D,0,0,D,15,13,2,2,5,7,8,11,1,3,0,0,3.6,3.6,2.0,Football-Data.co.uk,2020-02-02,2019/20|2020-02-02|Burnley|Arsenal
2019/20,02/02/2020,Tottenham,Man City,2,0,H,0,0,D,3,18,3,5,2,6,8,14,2,3,0,1,5.5,4.6,1.53,Football-Data.co.uk,2020-02-02,2019/20|2020-02-02|Tottenham|Man City
2019/20,08/02/2020,Brighton,Watford,1,1,D,0,1,A,10,5,2,2,3,2,9,12,2,2,0,0,2.1,3.4,3.6,Football-Data.co.uk,2020-02-08,2019/20|2020-02-08|Brighton|Watford
2019/20,08/02/2020,Everton,Crystal Palace,3,1,H,1,0,H,14,10,8,2,4,6,11,12,0,1,0,0,1.61,3.8,6.0,Football-Data.co.uk,2020-02-08,2019/20|2020-02-08|Everton|Crystal Palace
2019/20,09/02/2020,Sheffield United,Bournemouth,2,1,H,1,1,D,16,10,6,2,8,4,10,8,2,2,0,0,1.66,3.6,5.75,Football-Data.co.uk,2020-02-09,2019/20|2020-02-09|Sheffield United|Bournemouth
2019/20,14/02/2020,Wolves,Leicester,0,0,D,0,0,D,15,9,3,3,7,0,13,10,2,2,0,1,2.5,3.3,2.87,Football-Data.co.uk,2020-02-14,2019/20|2020-02-14|Wolves|Leicester
2019/20,15/02/2020,Norwich,Liverpool,0,1,A,0,0,D,5,17,1,6,2,7,5,11,1,2,0,0,11.0,6.25,1.25,Football-Data.co.uk,2020-02-15,2019/20|2020-02-15|Norwich|Liverpool
2019/20,15/02/2020,Southampton,Burnley,1,2,A,1,1,D,10,9,2,6,4,3,8,11,2,2,0,0,1.75,3.8,4.75,Football-Data.co.uk,2020-02-15,2019/20|2020-02-15|Southampton|Burnley
2019/20,16/02/2020,Arsenal,Newcastle,4,0,H,0,0,D,15,10,7,2,5,6,15,9,2,0,0,0,1.4,4.75,8.0,Football-Data.co.uk,2020-02-16,2019/20|2020-02-16|Arsenal|Newcastle
2019/20,16/02/2020,Aston Villa,Tottenham,2,3,A,1,2,A,18,23,4,10,12,7,12,10,2,0,0,0,4.0,3.8,1.85,Football-Data.co.uk,2020-02-16,2019/20|2020-02-16|Aston Villa|Tottenham
2019/20,17/02/2020,Chelsea,Man United,0,2,A,0,1,A,17,9,1,3,9,8,11,11,4,3,0,0,1.85,3.5,4.5,Football-Data.co.uk,2020-02-17,2019/20|2020-02-17|Chelsea|Man United
2019/20,19/02/2020,Man City,West Ham,2,0,H,1,0,H,20,3,7,0,6,1,5,7,0,1,0,0,1.12,9.5,17.0,Football-Data.co.uk,2020-02-19,2019/20|2020-02-19|Man City|West Ham
2019/20,22/02/2020,Burnley,Bournemouth,3,0,H,0,0,D,16,12,10,4,7,3,9,9,4,3,0,0,2.1,3.3,3.7,Football-Data.co.uk,2020-02-22,2019/20|2020-02-22|Burnley|Bournemouth
2019/20,22/02/2020,Chelsea,Tottenham,2,1,H,1,0,H,17,5,7,3,3,5,14,14,1,2,0,0,1.72,4.0,4.5,Football-Data.co.uk,2020-02-22,2019/20|2020-02-22|Chelsea|Tottenham
2019/20,22/02/2020,Crystal Palace,Newcastle,1,0,H,1,0,H,18,8,9,2,7,5,15,11,2,6,0,1,1.95,3.4,4.2,Football-Data.co.uk,2020-02-22,2019/20|2020-02-22|Crystal Palace|Newcastle
2019/20,22/02/2020,Leicester,Man City,0,1,A,0,0,D,10,18,3,7,3,7,14,10,0,0,0,0,4.5,4.2,1.7,Football-Data.co.uk,2020-02-22,2019/20|2020-02-22|Leicester|Man City
2019/20,22/02/2020,Sheffield United,Brighton,1,1,D,1,1,D,14,8,3,2,12,2,3,6,0,2,0,0,1.95,3.4,4.2,Football-Data.co.uk,2020-02-22,2019/20|2020-02-22|Sheffield United|Brighton
2019/20,22/02/2020,Southampton,Aston Villa,2,0,H,1,0,H,28,4,9,1,9,6,13,17,1,4,0,0,1.61,4.33,5.0,Football-Data.co.uk,2020-02-22,2019/20|2020-02-22|Southampton|Aston Villa
2019/20,23/02/2020,Arsenal,Everton,3,2,H,2,2,D,9,17,4,5,6,3,12,12,0,4,0,0,2.0,3.6,3.7,Football-Data.co.uk,2020-02-23,2019/20|2020-02-23|Arsenal|Everton
2019/20,23/02/2020,Man United,Watford,3,0,H,1,0,H,21,7,9,2,3,5,6,15,0,1,0,0,1.6,3.9,6.0,Football-Data.co.uk,2020-02-23,2019/20|2020-02-23|Man United|Watford
2019/20,23/02/2020,Wolves,Norwich,3,0,H,2,0,H,19,6,6,4,4,1,11,6,2,3,0,0,1.5,4.2,7.0,Football-Data.co.uk,2020-02-23,2019/20|2020-02-23|Wolves|Norwich
2019/20,24/02/2020,Liverpool,West Ham,3,2,H,1,1,D,25,7,7,4,16,8,4,10,0,3,0,0,1.16,8.0,15.0,Football-Data.co.uk,2020-02-24,2019/20|2020-02-24|Liverpool|West Ham
2019/20,28/02/2020,Norwich,Leicester,1,0,H,0,0,D,11,19,6,4,6,7,13,16,1,2,0,0,4.33,4.1,1.72,Football-Data.co.uk,2020-02-28,2019/20|2020-02-28|Norwich|Leicester
2019/20,29/02/2020,Bournemouth,Chelsea,2,2,D,0,1,A,9,23,5,6,4,14,8,5,2,2,0,0,4.75,3.8,1.72,Football-Data.co.uk,2020-02-29,2019/20|2020-02-29|Bournemouth|Chelsea
2019/20,29/02/2020,Brighton,Crystal Palace,0,1,A,0,0,D,24,12,8,3,8,7,8,9,1,1,0,0,2.05,3.25,3.9,Football-Data.co.uk,2020-02-29,2019/20|2020-02-29|Brighton|Crystal Palace
2019/20,29/02/2020,Newcastle,Burnley,0,0,D,0,0,D,21,8,4,1,11,7,11,9,4,3,0,0,2.62,3.1,2.9,Football-Data.co.uk,2020-02-29,2019/20|2020-02-29|Newcastle|Burnley
2019/20,29/02/2020,Watford,Liverpool,3,0,H,0,0,D,14,7,5,1,3,5,4,8,0,0,0,0,8.0,4.75,1.4,Football-Data.co.uk,2020-02-29,2019/20|2020-02-29|Watford|Liverpool
2019/20,29/02/2020,West Ham,Southampton,3,1,H,2,1,H,14,10,7,2,4,9,8,11,1,1,0,0,2.65,3.6,2.5,Football-Data.co.uk,2020-02-29,2019/20|2020-02-29|West Ham|Southampton
2019/20,01/03/2020,Everton,Man United,1,1,D,1,1,D,16,14,5,5,13,8,11,11,3,4,0,0,2.5,3.25,2.9,Football-Data.co.uk,2020-03-01,2019/20|2020-03-01|Everton|Man United
2019/20,01/03/2020,Tottenham,Wolves,2,3,A,2,1,H,13,14,5,4,4,5,12,14,3,2,0,0,2.45,3.2,3.0,Football-Data.co.uk,2020-03-01,2019/20|2020-03-01|Tottenham|Wolves
2019/20,07/03/2020,Arsenal,West Ham,1,0,H,0,0,D,9,14,2,6,6,7,11,9,1,2,0,0,1.57,4.4,5.5,Football-Data.co.uk,2020-03-07,2019/20|2020-03-07|Arsenal|West Ham
2019/20,07/03/2020,Burnley,Tottenham,1,1,D,1,0,H,21,13,8,2,3,5,16,11,5,4,0,0,2.7,3.3,2.62,Football-Data.co.uk,2020-03-07,2019/20|2020-03-07|Burnley|Tottenham
2019/20,07/03/2020,Crystal Palace,Watford,1,0,H,1,0,H,10,10,3,4,8,8,12,19,4,4,0,0,2.55,3.2,2.9,Football-Data.co.uk,2020-03-07,2019/20|2020-03-07|Crystal Palace|Watford
2019/20,07/03/2020,Liverpool,Bournemouth,2,1,H,2,1,H,14,6,6,4,9,4,10,12,0,1,0,0,1.22,6.5,13.0,Football-Data.co.uk,2020-03-07,2019/20|2020-03-07|Liverpool|Bournemouth
2019/20,07/03/2020,Sheffield United,Norwich,1,0,H,1,0,H,10,12,4,5,10,5,12,8,0,0,0,0,1.65,3.75,5.75,Football-Data.co.uk,2020-03-07,2019/20|2020-03-07|Sheffield United|Norwich
2019/20,07/03/2020,Southampton,Newcastle,0,1,A,0,0,D,6,14,3,7,5,8,14,15,0,3,1,0,1.61,4.1,5.25,Football-Data.co.uk,2020-03-07,2019/20|2020-03-07|Southampton|Newcastle
2019/20,07/03/2020,Wolves,Brighton,0,0,D,0,0,D,11,7,1,1,2,0,4,7,1,3,0,0,1.61,3.9,5.75,Football-Data.co.uk,2020-03-07,2019/20|2020-03-07|Wolves|Brighton
2019/20,08/03/2020,Chelsea,Everton,4,0,H,2,0,H,17,3,11,1,6,1,8,10,1,2,0,0,1.8,3.9,4.2,Football-Data.co.uk,2020-03-08,2019/20|2020-03-08|Chelsea|Everton
2019/20,08/03/2020,Man United,Man City,2,0,H,1,0,H,12,7,6,2,2,11,11,9,2,4,0,0,5.0,4.33,1.6,Football-Data.co.uk,2020-03-08,2019/20|2020-03-08|Man United|Man City
2019/20,09/03/2020,Leicester,Aston Villa,4,0,H,1,0,H,15,4,7,1,9,0,15,12,2,1,0,0,1.36,5.25,8.0,Football-Data.co.uk,2020-03-09,2019/20|2020-03-09|Leicester|Aston Villa
2019/20,17/06/2020,Aston Villa,Sheffield United,0,0,D,0,0,D,14,5,6,1,12,4,11,14,1,1,0,0,3.2,3.4,2.25,Football-Data.co.uk,2020-06-17,2019/20|2020-06-17|Aston Villa|Sheffield United
2019/20,17/06/2020,Man City,Arsenal,3,0,H,1,0,H,20,3,12,0,5,2,9,7,1,1,0,1,1.36,5.25,7.5,Football-Data.co.uk,2020-06-17,2019/20|2020-06-17|Man City|Arsenal
2019/20,19/06/2020,Norwich,Southampton,0,3,A,0,0,D,9,22,1,9,9,7,9,15,1,1,0,0,2.8,3.5,2.45,Football-Data.co.uk,2020-06-19,2019/20|2020-06-19|Norwich|Southampton
2019/20,19/06/2020,Tottenham,Man United,1,1,D,1,0,H,10,12,3,6,7,6,17,18,0,1,0,0,3.0,3.4,2.37,Football-Data.co.uk,2020-06-19,2019/20|2020-06-19|Tottenham|Man United
2019/20,20/06/2020,Bournemouth,Crystal Palace,0,2,A,0,2,A,12,7,1,2,11,4,13,15,3,2,0,0,2.45,3.2,3.0,Football-Data.co.uk,2020-06-20,2019/20|2020-06-20|Bournemouth|Crystal Palace
2019/20,20/06/2020,Brighton,Arsenal,2,1,H,0,0,D,9,13,5,6,10,7,13,8,2,1,0,0,3.1,3.25,2.37,Football-Data.co.uk,2020-06-20,2019/20|2020-06-20|Brighton|Arsenal
2019/20,20/06/2020,Watford,Leicester,1,1,D,0,0,D,8,15,4,2,2,7,15,12,0,1,0,0,3.6,3.5,2.05,Football-Data.co.uk,2020-06-20,2019/20|2020-06-20|Watford|Leicester
2019/20,20/06/2020,West Ham,Wolves,0,2,A,0,0,D,7,10,2,6,5,7,8,7,1,1,0,0,3.6,3.4,2.1,Football-Data.co.uk,2020-06-20,2019/20|2020-06-20|West Ham|Wolves
2019/20,21/06/2020,Aston Villa,Chelsea,1,2,A,1,0,H,8,19,4,5,2,10,9,17,2,1,0,0,6.0,4.5,1.5,Football-Data.co.uk,2020-06-21,2019/20|2020-06-21|Aston Villa|Chelsea
2019/20,21/06/2020,Everton,Liverpool,0,0,D,0,0,D,9,10,3,3,1,6,15,12,2,2,0,0,6.0,4.2,1.55,Football-Data.co.uk,2020-06-21,2019/20|2020-06-21|Everton|Liverpool
2019/20,21/06/2020,Newcastle,Sheffield United,3,0,H,0,0,D,12,7,8,1,2,4,9,10,2,0,0,1,3.3,3.1,2.37,Football-Data.co.uk,2020-06-21,2019/20|2020-06-21|Newcastle|Sheffield United
2019/20,22/06/2020,Man City,Burnley,5,0,H,3,0,H,19,1,7,0,3,1,8,7,1,1,0,0,1.12,9.0,15.0,Football-Data.co.uk,2020-06-22,2019/20|2020-06-22|Man City|Burnley
2019/20,23/06/2020,Leicester,Brighton,0,0,D,0,0,D,11,10,2,2,6,7,10,13,2,2,0,0,1.6,4.0,5.75,Football-Data.co.uk,2020-06-23,2019/20|2020-06-23|Leicester|Brighton
2019/20,23/06/2020,Tottenham,West Ham,2,0,H,0,0,D,15,10,4,2,9,4,12,7,2,2,0,0,1.66,4.0,5.0,Football-Data.co.uk,2020-06-23,2019/20|2020-06-23|Tottenham|West Ham
2019/20,24/06/2020,Liverpool,Crystal Palace,4,0,H,2,0,H,21,3,7,0,6,0,7,5,0,0,0,0,1.22,6.5,13.0,Football-Data.co.uk,2020-06-24,2019/20|2020-06-24|Liverpool|Crystal Palace
2019/20,24/06/2020,Man United,Sheffield United,3,0,H,2,0,H,15,4,6,1,10,5,10,6,1,0,0,0,1.4,4.5,8.5,Football-Data.co.uk,2020-06-24,2019/20|2020-06-24|Man United|Sheffield United
2019/20,24/06/2020,Newcastle,Aston Villa,1,1,D,0,0,D,13,14,3,2,6,9,15,13,2,2,0,0,2.3,3.3,3.2,Football-Data.co.uk,2020-06-24,2019/20|2020-06-24|Newcastle|Aston Villa
2019/20,24/06/2020,Norwich,Everton,0,1,A,0,0,D,9,12,1,5,6,5,8,13,0,1,0,0,3.9,3.6,1.9,Football-Data.co.uk,2020-06-24,2019/20|2020-06-24|Norwich|Everton
2019/20,24/06/2020,Wolves,Bournemouth,1,0,H,0,0,D,10,4,2,0,6,4,11,11,3,3,0,0,1.55,4.0,6.0,Football-Data.co.uk,2020-06-24,2019/20|2020-06-24|Wolves|Bournemouth
2019/20,25/06/2020,Burnley,Watford,1,0,H,0,0,D,9,10,5,4,1,7,13,15,1,0,0,0,3.0,3.25,2.45,Football-Data.co.uk,2020-06-25,2019/20|2020-06-25|Burnley|Watford
2019/20,25/06/2020,Chelsea,Man City,2,1,H,1,0,H,15,11,10,2,5,7,13,3,1,1,0,1,4.0,4.0,1.8,Football-Data.co.uk,2020-06-25,2019/20|2020-06-25|Chelsea|Man City
2019/20,25/06/2020,Southampton,Arsenal,0,2,A,0,1,A,12,10,3,5,4,6,10,14,0,2,1,0,2.6,3.5,2.62,Football-Data.co.uk,2020-06-25,2019/20|2020-06-25|Southampton|Arsenal
2019/20,27/06/2020,Aston Villa,Wolves,0,1,A,0,0,D,11,9,1,2,2,2,16,16,1,1,0,0,4.6,3.7,1.75,Football-Data.co.uk,2020-06-27,2019/20|2020-06-27|Aston Villa|Wolves
2019/20,28/06/2020,Watford,Southampton,1,3,A,0,1,A,8,11,0,7,5,3,18,9,3,0,0,0,2.5,3.3,2.87,Football-Data.co.uk,2020-06-28,2019/20|2020-06-28|Watford|Southampton
2019/20,29/06/2020,Crystal Palace,Burnley,0,1,A,0,0,D,17,8,4,4,9,1,12,13,1,1,0,0,2.25,3.2,3.4,Football-Data.co.uk,2020-06-29,2019/20|2020-06-29|Crystal Palace|Burnley
2019/20,30/06/2020,Brighton,Man United,0,3,A,0,2,A,8,12,2,6,4,5,10,9,0,1,0,0,6.0,3.8,1.61,Football-Data.co.uk,2020-06-30,2019/20|2020-06-30|Brighton|Man United
2019/20,01/07/2020,Arsenal,Norwich,4,0,H,2,0,H,13,8,8,2,6,2,10,10,1,4,0,0,1.44,4.75,7.0,Football-Data.co.uk,2020-07-01,2019/20|2020-07-01|Arsenal|Norwich
2019/20,01/07/2020,Bournemouth,Newcastle,1,4,A,0,2,A,12,12,1,7,6,3,11,10,2,0,0,0,2.4,3.1,3.2,Football-Data.co.uk,2020-07-01,2019/20|2020-07-01|Bournemouth|Newcastle
2019/20,01/07/2020,Everton,Leicester,2,1,H,2,0,H,7,15,2,3,3,5,13,10,1,1,0,0,2.5,3.3,2.9,Football-Data.co.uk,2020-07-01,2019/20|2020-07-01|Everton|Leicester
2019/20,01/07/2020,West Ham,Chelsea,3,2,H,1,1,D,10,17,4,6,2,3,10,9,2,1,0,0,5.5,4.33,1.57,Football-Data.co.uk,2020-07-01,2019/20|2020-07-01|West Ham|Chelsea
2019/20,02/07/2020,Man City,Liverpool,4,0,H,3,0,H,14,11,6,3,3,3,8,7,2,2,0,0,2.05,3.9,3.3,Football-Data.co.uk,2020-07-02,2019/20|2020-07-02|Man City|Liverpool
2019/20,02/07/2020,Sheffield United,Tottenham,3,1,H,1,0,H,7,9,5,2,1,6,13,13,2,0,0,0,4.2,3.4,1.95,Football-Data.co.uk,2020-07-02,2019/20|2020-07-02|Sheffield United|Tottenham
2019/20,04/07/2020,Chelsea,Watford,3,0,H,2,0,H,21,7,9,3,5,3,9,12,0,2,0,0,1.4,4.75,8.0,Football-Data.co.uk,2020-07-04,2019/20|2020-07-04|Chelsea|Watford
2019/20,04/07/2020,Leicester,Crystal Palace,3,0,H,0,0,D,15,7,4,1,3,7,18,8,2,1,0,0,1.66,3.6,5.75,Football-Data.co.uk,2020-07-04,2019/20|2020-07-04|Leicester|Crystal Palace
2019/20,04/07/2020,Man United,Bournemouth,5,2,H,3,1,H,19,7,10,3,8,3,13,12,0,1,0,0,1.16,7.5,17.0,Football-Data.co.uk,2020-07-04,2019/20|2020-07-04|Man United|Bournemouth
2019/20,04/07/2020,Norwich,Brighton,0,1,A,0,1,A,12,8,1,2,0,2,11,13,2,2,0,0,3.3,3.4,2.2,Football-Data.co.uk,2020-07-04,2019/20|2020-07-04|Norwich|Brighton
2019/20,04/07/2020,Wolves,Arsenal,0,2,A,0,1,A,10,8,1,5,3,5,6,11,2,4,0,0,2.25,3.4,3.25,Football-Data.co.uk,2020-07-04,2019/20|2020-07-04|Wolves|Arsenal
2019/20,05/07/2020,Burnley,Sheffield United,1,1,D,1,0,H,9,10,4,3,3,9,8,14,0,0,0,0,2.9,3.0,2.7,Football-Data.co.uk,2020-07-05,2019/20|2020-07-05|Burnley|Sheffield United
2019/20,05/07/2020,Liverpool,Aston Villa,2,0,H,0,0,D,6,9,4,3,7,5,18,8,1,1,0,0,1.33,5.5,8.5,Football-Data.co.uk,2020-07-05,2019/20|2020-07-05|Liverpool|Aston Villa
2019/20,05/07/2020,Newcastle,West Ham,2,2,D,1,1,D,11,17,4,7,6,4,9,11,0,0,0,0,2.6,3.3,2.75,Football-Data.co.uk,2020-07-05,2019/20|2020-07-05|Newcastle|West Ham
2019/20,05/07/2020,Southampton,Man City,1,0,H,1,0,H,8,26,4,6,2,13,6,7,1,2,0,0,8.5,6.0,1.3,Football-Data.co.uk,2020-07-05,2019/20|2020-07-05|Southampton|Man City
2019/20,06/07/2020,Tottenham,Everton,1,0,H,1,0,H,12,11,2,3,5,6,14,18,3,2,0,0,2.1,3.5,3.4,Football-Data.co.uk,2020-07-06,2019/20|2020-07-06|Tottenham|Everton
2019/20,07/07/2020,Arsenal,Leicester,1,1,D,1,0,H,11,13,7,5,10,1,10,14,1,0,1,0,2.3,3.5,3.0,Football-Data.co.uk,2020-07-07,2019/20|2020-07-07|Arsenal|Leicester
2019/20,07/07/2020,Crystal Palace,Chelsea,2,3,A,1,2,A,13,14,4,6,7,9,11,10,1,0,0,0,8.5,4.5,1.4,Football-Data.co.uk,2020-07-07,2019/20|2020-07-07|Crystal Palace|Chelsea
2019/20,07/07/2020,Watford,Norwich,2,1,H,1,1,D,9,12,4,3,4,3,11,15,2,4,0,0,1.7,3.75,5.0,Football-Data.co.uk,2020-07-07,2019/20|2020-07-07|Watford|Norwich
2019/20,08/07/2020,Brighton,Liverpool,1,3,A,1,2,A,12,19,2,8,6,10,7,15,1,4,0,0,6.0,4.33,1.53,Football-Data.co.uk,2020-07-08,2019/20|2020-07-08|Brighton|Liverpool
2019/20,08/07/2020,Man City,Newcastle,5,0,H,2,0,H,23,6,9,1,8,1,12,7,0,0,0,0,1.12,9.0,21.0,Football-Data.co.uk,2020-07-08,2019/20|2020-07-08|Man City|Newcastle
2019/20,08/07/2020,Sheffield United,Wolves,1,0,H,0,0,D,7,6,3,1,6,1,5,6,2,0,0,0,3.8,3.2,2.1,Football-Data.co.uk,2020-07-08,2019/20|2020-07-08|Sheffield United|Wolves
2019/20,08/07/2020,West Ham,Burnley,0,1,A,0,1,A,21,8,5,4,10,3,7,7,1,1,0,0,2.0,3.4,3.9,Football-Data.co.uk,2020-07-08,2019/20|2020-07-08|West Ham|Burnley
2019/20,09/07/2020,Aston Villa,Man United,0,3,A,0,2,A,9,14,1,6,3,5,7,13,2,3,0,0,9.0,5.25,1.33,Football-Data.co.uk,2020-07-09,2019/20|2020-07-09|Aston Villa|Man United
2019/20,09/07/2020,Bournemouth,Tottenham,0,0,D,0,0,D,9,9,2,0,8,12,11,14,3,2,0,0,5.25,3.8,1.66,Football-Data.co.uk,2020-07-09,2019/20|2020-07-09|Bournemouth|Tottenham
2019/20,09/07/2020,Everton,Southampton,1,1,D,1,1,D,11,17,4,4,3,5,13,14,3,3,0,0,2.05,3.5,3.6,Football-Data.co.uk,2020-07-09,2019/20|2020-07-09|Everton|Southampton
2019/20,11/07/2020,Brighton,Man City,0,5,A,0,2,A,3,26,0,8,2,7,7,3,1,0,0,0,10.0,5.5,1.28,Football-Data.co.uk,2020-07-11,2019/20|2020-07-11|Brighton|Man City
2019/20,11/07/2020,Liverpool,Burnley,1,1,D,1,0,H,23,6,9,2,12,6,7,4,1,2,0,0,1.22,6.5,12.0,Football-Data.co.uk,2020-07-11,2019/20|2020-07-11|Liverpool|Burnley
2019/20,11/07/2020,Norwich,West Ham,0,4,A,0,2,A,11,19,2,7,1,6,9,8,1,0,0,0,3.75,3.75,1.95,Football-Data.co.uk,2020-07-11,2019/20|2020-07-11|Norwich|West Ham
2019/20,11/07/2020,Sheffield United,Chelsea,3,0,H,2,0,H,9,15,4,4,4,6,8,6,1,0,0,0,6.0,3.8,1.6,Football-Data.co.uk,2020-07-11,2019/20|2020-07-11|Sheffield United|Chelsea
2019/20,11/07/2020,Watford,Newcastle,2,1,H,0,1,A,17,8,5,4,2,4,23,15,1,4,0,0,1.8,3.6,4.5,Football-Data.co.uk,2020-07-11,2019/20|2020-07-11|Watford|Newcastle
2019/20,12/07/2020,Aston Villa,Crystal Palace,2,0,H,1,0,H,12,9,9,5,5,1,21,21,2,4,0,1,2.25,3.3,3.3,Football-Data.co.uk,2020-07-12,2019/20|2020-07-12|Aston Villa|Crystal Palace
2019/20,12/07/2020,Bournemouth,Leicester,4,1,H,0,1,A,10,13,4,5,2,6,11,12,2,1,0,1,5.25,3.8,1.66,Football-Data.co.uk,2020-07-12,2019/20|2020-07-12|Bournemouth|Leicester
2019/20,12/07/2020,Tottenham,Arsenal,2,1,H,1,1,D,15,13,9,4,6,5,16,11,5,3,0,0,2.62,3.4,2.7,Football-Data.co.uk,2020-07-12,2019/20|2020-07-12|Tottenham|Arsenal
2019/20,12/07/2020,Wolves,Everton,3,0,H,1,0,H,14,6,7,2,5,2,9,9,0,2,0,0,2.05,3.3,3.8,Football-Data.co.uk,2020-07-12,2019/20|2020-07-12|Wolves|Everton
2019/20,13/07/2020,Man United,Southampton,2,2,D,2,1,H,8,9,4,5,4,6,14,15,1,3,0,0,1.3,5.5,10.0,Football-Data.co.uk,2020-07-13,2019/20|2020-07-13|Man United|Southampton
2019/20,14/07/2020,Chelsea,Norwich,1,0,H,1,0,H,22,2,6,0,8,1,10,9,2,2,0,0,1.12,9.5,17.0,Football-Data.co.uk,2020-07-14,2019/20|2020-07-14|Chelsea|Norwich
2019/20,15/07/2020,Arsenal,Liverpool,2,1,H,2,1,H,3,24,2,8,2,13,14,10,3,1,0,0,3.8,3.8,1.9,Football-Data.co.uk,2020-07-15,2019/20|2020-07-15|Arsenal|Liverpool
2019/20,15/07/2020,Burnley,Wolves,1,1,D,0,0,D,9,14,1,5,3,8,10,8,0,0,0,0,4.5,3.3,1.9,Football-Data.co.uk,2020-07-15,2019/20|2020-07-15|Burnley|Wolves
2019/20,15/07/2020,Man City,Bournemouth,2,1,H,2,0,H,8,15,4,3,3,5,10,10,1,1,0,0,1.14,8.5,17.0,Football-Data.co.uk,2020-07-15,2019/20|2020-07-15|Man City|Bournemouth
2019/20,15/07/2020,Newcastle,Tottenham,1,3,A,0,1,A,22,8,6,5,5,4,6,13,2,3,0,0,4.6,3.8,1.75,Football-Data.co.uk,2020-07-15,2019/20|2020-07-15|Newcastle|Tottenham
2019/20,16/07/2020,Crystal Palace,Man United,0,2,A,0,1,A,13,17,5,5,2,7,10,15,1,2,0,0,9.5,4.75,1.36,Football-Data.co.uk,2020-07-16,2019/20|2020-07-16|Crystal Palace|Man United
2019/20,16/07/2020,Everton,Aston Villa,1,1,D,0,0,D,9,15,1,1,5,5,15,13,2,1,0,0,2.0,3.5,3.75,Football-Data.co.uk,2020-07-16,2019/20|2020-07-16|Everton|Aston Villa
2019/20,16/07/2020,Leicester,Sheffield United,2,0,H,1,0,H,15,5,7,1,9,5,12,10,1,2,0,0,2.05,3.25,3.9,Football-Data.co.uk,2020-07-16,2019/20|2020-07-16|Leicester|Sheffield United
2019/20,16/07/2020,Southampton,Brighton,1,1,D,0,1,A,21,10,6,2,8,2,6,10,1,0,0,0,2.15,3.3,3.5,Football-Data.co.uk,2020-07-16,2019/20|2020-07-16|Southampton|Brighton
2019/20,17/07/2020,West Ham,Watford,3,1,H,3,0,H,10,14,4,3,9,3,11,11,0,2,0,0,2.4,3.0,3.3,Football-Data.co.uk,2020-07-17,2019/20|2020-07-17|West Ham|Watford
2019/20,18/07/2020,Norwich,Burnley,0,2,A,0,1,A,6,23,2,8,6,8,9,16,0,0,2,0,3.2,3.4,2.25,Football-Data.co.uk,2020-07-18,2019/20|2020-07-18|Norwich|Burnley
2019/20,19/07/2020,Bournemouth,Southampton,0,2,A,0,1,A,11,16,3,8,12,6,12,11,2,2,0,0,2.4,3.6,2.8,Football-Data.co.uk,2020-07-19,2019/20|2020-07-19|Bournemouth|Southampton
2019/20,19/07/2020,Tottenham,Leicester,3,0,H,3,0,H,7,24,3,6,4,13,15,10,2,1,0,0,2.25,3.3,3.25,Football-Data.co.uk,2020-07-19,2019/20|2020-07-19|Tottenham|Leicester
2019/20,20/07/2020,Brighton,Newcastle,0,0,D,0,0,D,11,12,3,1,9,7,13,12,4,2,0,0,1.9,3.4,4.33,Football-Data.co.uk,2020-07-20,2019/20|2020-07-20|Brighton|Newcastle
2019/20,20/07/2020,Sheffield United,Everton,0,1,A,0,0,D,8,5,0,2,7,1,11,19,1,3,0,0,2.2,3.25,3.5,Football-Data.co.uk,2020-07-20,2019/20|2020-07-20|Sheffield United|Everton
2019/20,20/07/2020,Wolves,Crystal Palace,2,0,H,1,0,H,11,7,5,3,5,2,11,15,2,1,0,0,1.5,4.0,7.5,Football-Data.co.uk,2020-07-20,2019/20|2020-07-20|Wolves|Crystal Palace
2019/20,21/07/2020,Aston Villa,Arsenal,1,0,H,1,0,H,8,7,3,0,8,9,13,19,2,4,0,0,3.3,3.6,2.1,Football-Data.co.uk,2020-07-21,2019/20|2020-07-21|Aston Villa|Arsenal
2019/20,21/07/2020,Watford,Man City,0,4,A,0,2,A,2,26,0,10,0,8,14,11,2,0,0,0,8.5,5.5,1.33,Football-Data.co.uk,2020-07-21,2019/20|2020-07-21|Watford|Man City
2019/20,22/07/2020,Liverpool,Chelsea,5,3,H,3,1,H,10,10,7,5,6,0,8,11,1,0,0,0,2.0,3.75,3.5,Football-Data.co.uk,2020-07-22,2019/20|2020-07-22|Liverpool|Chelsea
2019/20,22/07/2020,Man United,West Ham,1,1,D,0,1,A,11,12,4,3,2,3,10,9,3,1,0,0,1.22,6.5,11.0,Football-Data.co.uk,2020-07-22,2019/20|2020-07-22|Man United|West Ham
2019/20,26/07/2020,Arsenal,Watford,3,2,H,3,1,H,13,19,5,6,4,8,9,12,3,3,0,0,1.9,3.8,3.8,Football-Data.co.uk,2020-07-26,2019/20|2020-07-26|Arsenal|Watford
2019/20,26/07/2020,Burnley,Brighton,1,2,A,1,1,D,13,14,2,4,6,7,11,11,3,0,0,0,2.37,3.4,3.0,Football-Data.co.uk,2020-07-26,2019/20|2020-07-26|Burnley|Brighton
2019/20,26/07/2020,Chelsea,Wolves,2,0,H,2,0,H,11,5,3,1,3,3,10,16,2,3,0,0,1.85,3.8,4.0,Football-Data.co.uk,2020-07-26,2019/20|2020-07-26|Chelsea|Wolves
2019/20,26/07/2020,Crystal Palace,Tottenham,1,1,D,0,1,A,13,7,2,2,7,2,11,13,3,2,0,0,6.0,4.2,1.55,Football-Data.co.uk,2020-07-26,2019/20|2020-07-26|Crystal Palace|Tottenham
2019/20,26/07/2020,Everton,Bournemouth,1,3,A,1,2,A,13,13,5,7,2,5,11,9,1,0,0,0,2.25,3.7,3.0,Football-Data.co.uk,2020-07-26,2019/20|2020-07-26|Everton|Bournemouth
2019/20,26/07/2020,Leicester,Man United,0,2,A,0,0,D,14,7,3,3,3,3,12,11,1,4,1,0,3.25,3.5,2.2,Football-Data.co.uk,2020-07-26,2019/20|2020-07-26|Leicester|Man United
2019/20,26/07/2020,Man City,Norwich,5,0,H,2,0,H,31,5,10,4,9,0,7,4,1,1,0,0,1.08,11.0,26.0,Football-Data.co.uk,2020-07-26,2019/20|2020-07-26|Man City|Norwich
2019/20,26/07/2020,Newcastle,Liverpool,1,3,A,1,1,D,3,14,2,6,2,4,11,5,1,0,0,0,7.5,5.25,1.36,Football-Data.co.uk,2020-07-26,2019/20|2020-07-26|Newcastle|Liverpool
2019/20,26/07/2020,Southampton,Sheffield United,3,1,H,0,1,A,13,5,4,3,9,1,9,16,0,1,0,0,2.15,3.5,3.3,Football-Data.co.uk,2020-07-26,2019/20|2020-07-26|Southampton|Sheffield United
2019/20,26/07/2020,West Ham,Aston Villa,1,1,D,0,0,D,10,13,1,4,0,7,16,13,2,1,0,0,3.0,3.6,2.3,Football-Data.co.uk,2020-07-26,2019/20|2020-07-26|West Ham|Aston Villa
2020/21,12/09/2020,Crystal Palace,Southampton,1,0,H,1,0,H,5,9,3,5,7,3,14,11,2,1,0,0,3.1,3.25,2.37,Football-Data.co.uk,2020-09-12,2020/21|2020-09-12|Crystal Palace|Southampton
2020/21,12/09/2020,Fulham,Arsenal,0,3,A,0,1,A,5,13,2,6,2,3,12,12,2,2,0,0,6.0,4.33,1.53,Football-Data.co.uk,2020-09-12,2020/21|2020-09-12|Fulham|Arsenal
2020/21,12/09/2020,Liverpool,Leeds,4,3,H,3,2,H,22,6,6,3,9,0,9,6,1,0,0,0,1.28,6.0,9.5,Football-Data.co.uk,2020-09-12,2020/21|2020-09-12|Liverpool|Leeds
2020/21,12/09/2020,West Ham,Newcastle,0,2,A,0,0,D,15,15,3,2,8,7,13,7,2,2,0,0,2.15,3.4,3.4,Football-Data.co.uk,2020-09-12,2020/21|2020-09-12|West Ham|Newcastle
2020/21,13/09/2020,Tottenham,Everton,0,1,A,0,0,D,9,15,5,4,5,3,15,7,1,0,0,0,1.83,3.6,4.33,Football-Data.co.uk,2020-09-13,2020/21|2020-09-13|Tottenham|Everton
2020/21,13/09/2020,West Brom,Leicester,0,3,A,0,0,D,7,13,1,7,2,5,12,9,1,1,0,0,3.8,3.6,1.95,Football-Data.co.uk,2020-09-13,2020/21|2020-09-13|West Brom|Leicester
2020/21,14/09/2020,Brighton,Chelsea,1,3,A,0,1,A,13,10,3,5,4,3,8,13,1,0,0,0,5.0,4.33,1.61,Football-Data.co.uk,2020-09-14,2020/21|2020-09-14|Brighton|Chelsea
2020/21,14/09/2020,Sheffield United,Wolves,0,2,A,0,2,A,9,11,2,4,12,5,13,7,2,1,0,0,3.25,3.1,2.37,Football-Data.co.uk,2020-09-14,2020/21|2020-09-14|Sheffield United|Wolves
2020/21,19/09/2020,Arsenal,West Ham,2,1,H,1,1,D,7,14,3,3,7,5,11,13,0,1,0,0,1.53,4.5,5.5,Football-Data.co.uk,2020-09-19,2020/21|2020-09-19|Arsenal|West Ham
2020/21,19/09/2020,Everton,West Brom,5,2,H,2,1,H,17,6,7,4,11,1,9,11,1,0,0,1,1.5,4.2,6.5,Football-Data.co.uk,2020-09-19,2020/21|2020-09-19|Everton|West Brom
2020/21,19/09/2020,Leeds,Fulham,4,3,H,2,1,H,10,14,7,6,5,3,13,18,1,2,0,0,1.61,3.9,5.75,Football-Data.co.uk,2020-09-19,2020/21|2020-09-19|Leeds|Fulham
2020/21,19/09/2020,Man United,Crystal Palace,1,3,A,0,1,A,13,14,4,5,9,3,13,10,2,1,0,0,1.3,5.5,9.5,Football-Data.co.uk,2020-09-19,2020/21|2020-09-19|Man United|Crystal Palace
2020/21,20/09/2020,Chelsea,Liverpool,0,2,A,0,0,D,5,18,3,6,1,11,10,6,0,0,1,0,3.1,3.6,2.2,Football-Data.co.uk,2020-09-20,2020/21|2020-09-20|Chelsea|Liverpool
2020/21,20/09/2020,Leicester,Burnley,4,2,H,1,1,D,14,16,6,5,15,4,11,13,1,2,0,0,1.61,4.0,5.5,Football-Data.co.uk,2020-09-20,2020/21|2020-09-20|Leicester|Burnley
2020/21,20/09/2020,Newcastle,Brighton,0,3,A,0,2,A,6,13,0,6,7,1,16,15,3,0,0,1,2.6,3.1,2.87,Football-Data.co.uk,2020-09-20,2020/21|2020-09-20|Newcastle|Brighton
2020/21,20/09/2020,Southampton,Tottenham,2,5,A,1,1,D,14,9,7,6,3,2,16,18,4,3,0,0,3.0,3.3,2.37,Football-Data.co.uk,2020-09-20,2020/21|2020-09-20|Southampton|Tottenham
2020/21,21/09/2020,Aston Villa,Sheffield United,1,0,H,0,0,D,18,4,2,1,10,4,12,13,3,1,0,1,2.7,3.1,2.75,Football-Data.co.uk,2020-09-21,2020/21|2020-09-21|Aston Villa|Sheffield United
2020/21,21/09/2020,Wolves,Man City,1,3,A,0,2,A,10,14,1,9,4,6,6,8,0,3,0,0,6.5,4.33,1.5,Football-Data.co.uk,2020-09-21,2020/21|2020-09-21|Wolves|Man City
2020/21,26/09/2020,Brighton,Man United,2,3,A,1,1,D,18,7,5,3,7,1,18,16,4,2,0,0,4.75,3.75,1.72,Football-Data.co.uk,2020-09-26,2020/21|2020-09-26|Brighton|Man United
2020/21,26/09/2020,Burnley,Southampton,0,1,A,0,1,A,10,5,2,1,8,2,8,10,1,0,0,0,3.2,3.3,2.3,Football-Data.co.uk,2020-09-26,2020/21|2020-09-26|Burnley|Southampton
2020/21,26/09/2020,Crystal Palace,Everton,1,2,A,1,2,A,8,10,1,5,7,6,16,15,3,1,0,0,3.75,3.25,2.1,Football-Data.co.uk,2020-09-26,2020/21|2020-09-26|Crystal Palace|Everton
2020/21,26/09/2020,West Brom,Chelsea,3,3,D,3,0,H,9,22,3,10,3,9,8,16,1,3,0,0,9.0,4.75,1.36,Football-Data.co.uk,2020-09-26,2020/21|2020-09-26|West Brom|Chelsea
2020/21,27/09/2020,Man City,Leicester,2,5,A,1,1,D,16,7,5,7,3,4,13,8,1,3,0,0,1.28,6.0,9.5,Football-Data.co.uk,2020-09-27,2020/21|2020-09-27|Man City|Leicester
2020/21,27/09/2020,Sheffield United,Leeds,0,1,A,0,0,D,14,17,4,9,5,7,18,4,2,1,0,0,2.7,3.3,2.62,Football-Data.co.uk,2020-09-27,2020/21|2020-09-27|Sheffield United|Leeds
2020/21,27/09/2020,Tottenham,Newcastle,1,1,D,1,0,H,23,6,12,1,10,4,15,9,1,4,0,0,1.45,4.5,7.0,Football-Data.co.uk,2020-09-27,2020/21|2020-09-27|Tottenham|Newcastle
2020/21,27/09/2020,West Ham,Wolves,4,0,H,1,0,H,15,11,7,2,1,3,7,11,0,1,0,0,3.6,3.5,2.05,Football-Data.co.uk,2020-09-27,2020/21|2020-09-27|West Ham|Wolves
2020/21,28/09/2020,Fulham,Aston Villa,0,3,A,0,2,A,16,12,3,5,5,3,18,14,6,3,0,0,2.9,3.25,2.5,Football-Data.co.uk,2020-09-28,2020/21|2020-09-28|Fulham|Aston Villa
2020/21,28/09/2020,Liverpool,Arsenal,3,1,H,2,1,H,21,4,8,3,7,3,11,7,2,2,0,0,1.45,4.75,6.5,Football-Data.co.uk,2020-09-28,2020/21|2020-09-28|Liverpool|Arsenal
2020/21,03/10/2020,Chelsea,Crystal Palace,4,0,H,0,0,D,17,4,6,0,8,5,17,13,2,0,0,0,1.4,4.75,8.0,Football-Data.co.uk,2020-10-03,2020/21|2020-10-03|Chelsea|Crystal Palace
2020/21,03/10/2020,Everton,Brighton,4,2,H,2,1,H,11,11,6,3,3,10,13,14,0,1,0,0,1.72,3.75,4.8,Football-Data.co.uk,2020-10-03,2020/21|2020-10-03|Everton|Brighton
2020/21,03/10/2020,Leeds,Man City,1,1,D,0,1,A,12,23,7,2,7,10,11,12,2,1,0,0,7.5,5.25,1.36,Football-Data.co.uk,2020-10-03,2020/21|2020-10-03|Leeds|Man City
2020/21,03/10/2020,Newcastle,Burnley,3,1,H,1,0,H,10,7,5,3,3,4,13,17,2,3,0,0,2.4,3.2,3.1,Football-Data.co.uk,2020-10-03,2020/21|2020-10-03|Newcastle|Burnley
2020/21,04/10/2020,Arsenal,Sheffield United,2,1,H,0,0,D,6,6,5,2,2,4,3,9,0,1,0,0,1.57,4.0,6.0,Football-Data.co.uk,2020-10-04,2020/21|2020-10-04|Arsenal|Sheffield United
2020/21,04/10/2020,Aston Villa,Liverpool,7,2,H,4,1,H,18,14,11,8,2,7,7,10,2,1,0,0,10.0,5.5,1.3,Football-Data.co.uk,2020-10-04,2020/21|2020-10-04|Aston Villa|Liverpool
2020/21,04/10/2020,Leicester,West Ham,0,3,A,0,2,A,4,14,0,6,6,4,11,8,2,2,0,0,1.61,4.2,5.25,Football-Data.co.uk,2020-10-04,2020/21|2020-10-04|Leicester|West Ham
2020/21,04/10/2020,Man United,Tottenham,1,6,A,1,4,A,5,22,2,8,2,4,14,10,2,1,1,0,1.85,3.8,4.0,Football-Data.co.uk,2020-10-04,2020/21|2020-10-04|Man United|Tottenham
2020/21,04/10/2020,Southampton,West Brom,2,0,H,1,0,H,13,5,7,2,5,1,19,10,2,1,0,0,1.72,3.8,4.75,Football-Data.co.uk,2020-10-04,2020/21|2020-10-04|Southampton|West Brom
2020/21,04/10/2020,Wolves,Fulham,1,0,H,0,0,D,14,10,5,2,6,2,15,8,1,1,0,0,1.5,4.0,7.5,Football-Data.co.uk,2020-10-04,2020/21|2020-10-04|Wolves|Fulham
2020/21,17/10/2020,Chelsea,Southampton,3,3,D,2,1,H,11,13,5,6,6,2,11,9,1,1,0,0,1.45,4.75,6.5,Football-Data.co.uk,2020-10-17,2020/21|2020-10-17|Chelsea|Southampton
2020/21,17/10/2020,Everton,Liverpool,2,2,D,1,1,D,11,22,5,8,2,5,15,9,3,2,1,0,3.75,4.2,1.83,Football-Data.co.uk,2020-10-17,2020/21|2020-10-17|Everton|Liverpool
2020/21,17/10/2020,Man City,Arsenal,1,0,H,1,0,H,13,11,5,3,6,6,15,10,4,1,0,0,1.44,5.0,6.5,Football-Data.co.uk,2020-10-17,2020/21|2020-10-17|Man City|Arsenal
2020/21,17/10/2020,Newcastle,Man United,1,4,A,1,1,D,7,28,4,14,0,7,9,12,1,1,0,0,4.75,4.0,1.66,Football-Data.co.uk,2020-10-17,2020/21|2020-10-17|Newcastle|Man United
2020/21,18/10/2020,Crystal Palace,Brighton,1,1,D,1,0,H,1,20,1,3,2,5,13,12,3,2,0,1,2.62,3.3,2.7,Football-Data.co.uk,2020-10-18,2020/21|2020-10-18|Crystal Palace|Brighton
2020/21,18/10/2020,Leicester,Aston Villa,0,1,A,0,0,D,11,10,5,4,2,7,18,18,4,3,0,0,1.83,3.8,4.1,Football-Data.co.uk,2020-10-18,2020/21|2020-10-18|Leicester|Aston Villa
2020/21,18/10/2020,Sheffield United,Fulham,1,1,D,0,0,D,10,15,6,6,2,5,5,9,0,2,0,0,2.1,3.3,3.7,Football-Data.co.uk,2020-10-18,2020/21|2020-10-18|Sheffield United|Fulham
2020/21,18/10/2020,Tottenham,West Ham,3,3,D,3,0,H,11,13,6,4,3,7,13,12,0,5,0,0,1.57,4.33,5.5,Football-Data.co.uk,2020-10-18,2020/21|2020-10-18|Tottenham|West Ham
2020/21,19/10/2020,Leeds,Wolves,0,1,A,0,0,D,13,7,2,3,8,3,13,12,2,1,0,0,2.5,3.3,2.87,Football-Data.co.uk,2020-10-19,2020/21|2020-10-19|Leeds|Wolves
2020/21,19/10/2020,West Brom,Burnley,0,0,D,0,0,D,13,9,6,4,8,2,15,17,2,2,0,0,2.45,3.3,2.9,Football-Data.co.uk,2020-10-19,2020/21|2020-10-19|West Brom|Burnley
2020/21,23/10/2020,Aston Villa,Leeds,0,3,A,0,0,D,12,27,4,9,6,5,14,17,2,2,0,0,2.05,3.75,3.3,Football-Data.co.uk,2020-10-23,2020/21|2020-10-23|Aston Villa|Leeds
2020/21,24/10/2020,Fulham,Crystal Palace,1,2,A,0,1,A,16,14,3,10,4,4,11,11,0,1,1,0,2.75,3.1,2.7,Football-Data.co.uk,2020-10-24,2020/21|2020-10-24|Fulham|Crystal Palace
2020/21,24/10/2020,Liverpool,Sheffield United,2,1,H,1,1,D,17,13,5,2,7,3,7,15,0,3,0,0,1.22,6.5,12.0,Football-Data.co.uk,2020-10-24,2020/21|2020-10-24|Liverpool|Sheffield United
2020/21,24/10/2020,Man United,Chelsea,0,0,D,0,0,D,14,6,4,1,9,6,8,6,3,1,0,0,2.37,3.6,2.8,Football-Data.co.uk,2020-10-24,2020/21|2020-10-24|Man United|Chelsea
2020/21,24/10/2020,West Ham,Man City,1,1,D,1,0,H,6,14,2,7,2,10,14,6,2,0,0,0,8.0,5.25,1.36,Football-Data.co.uk,2020-10-24,2020/21|2020-10-24|West Ham|Man City
2020/21,25/10/2020,Arsenal,Leicester,0,1,A,0,0,D,12,6,4,2,9,3,13,9,3,5,0,0,1.9,3.75,3.8,Football-Data.co.uk,2020-10-25,2020/21|2020-10-25|Arsenal|Leicester
2020/21,25/10/2020,Southampton,Everton,2,0,H,2,0,H,12,6,6,2,4,5,11,11,1,2,0,1,2.75,3.4,2.55,Football-Data.co.uk,2020-10-25,2020/21|2020-10-25|Southampton|Everton
2020/21,25/10/2020,Wolves,Newcastle,1,1,D,0,0,D,16,5,3,2,2,3,10,10,0,1,0,0,1.75,3.5,5.25,Football-Data.co.uk,2020-10-25,2020/21|2020-10-25|Wolves|Newcastle
2020/21,26/10/2020,Brighton,West Brom,1,1,D,1,0,H,5,9,3,3,6,2,14,7,2,0,0,0,1.7,4.0,4.75,Football-Data.co.uk,2020-10-26,2020/21|2020-10-26|Brighton|West Brom
2020/21,26/10/2020,Burnley,Tottenham,0,1,A,0,0,D,13,9,4,3,4,5,9,7,2,0,0,0,5.75,4.0,1.6,Football-Data.co.uk,2020-10-26,2020/21|2020-10-26|Burnley|Tottenham
2020/21,30/10/2020,Wolves,Crystal Palace,2,0,H,2,0,H,15,11,5,2,7,6,13,4,0,2,0,1,2.0,3.2,4.33,Football-Data.co.uk,2020-10-30,2020/21|2020-10-30|Wolves|Crystal Palace
2020/21,31/10/2020,Burnley,Chelsea,0,3,A,0,1,A,5,14,0,9,3,4,10,15,1,0,0,0,6.0,4.5,1.5,Football-Data.co.uk,2020-10-31,2020/21|2020-10-31|Burnley|Chelsea
2020/21,31/10/2020,Liverpool,West Ham,2,1,H,1,1,D,9,4,5,3,1,2,13,14,0,1,0,0,1.36,5.25,7.5,Football-Data.co.uk,2020-10-31,2020/21|2020-10-31|Liverpool|West Ham
2020/21,31/10/2020,Sheffield United,Man City,0,1,A,0,1,A,5,16,1,8,2,5,14,6,0,0,0,0,9.5,6.0,1.28,Football-Data.co.uk,2020-10-31,2020/21|2020-10-31|Sheffield United|Man City
2020/21,01/11/2020,Aston Villa,Southampton,3,4,A,0,3,A,19,9,10,4,11,1,12,17,1,2,0,0,2.45,3.5,2.8,Football-Data.co.uk,2020-11-01,2020/21|2020-11-01|Aston Villa|Southampton
2020/21,01/11/2020,Man United,Arsenal,0,1,A,0,0,D,8,7,2,2,6,3,12,12,3,3,0,0,2.0,3.6,3.6,Football-Data.co.uk,2020-11-01,2020/21|2020-11-01|Man United|Arsenal
2020/21,01/11/2020,Newcastle,Everton,2,1,H,0,0,D,11,15,4,4,5,4,9,10,2,4,0,0,3.7,3.4,2.05,Football-Data.co.uk,2020-11-01,2020/21|2020-11-01|Newcastle|Everton
2020/21,01/11/2020,Tottenham,Brighton,2,1,H,1,0,H,9,6,3,2,4,5,14,13,2,1,0,0,1.61,4.0,5.5,Football-Data.co.uk,2020-11-01,2020/21|2020-11-01|Tottenham|Brighton
2020/21,02/11/2020,Fulham,West Brom,2,0,H,2,0,H,13,10,6,1,5,2,13,11,3,2,0,0,2.4,3.3,3.0,Football-Data.co.uk,2020-11-02,2020/21|2020-11-02|Fulham|West Brom
2020/21,02/11/2020,Leeds,Leicester,1,4,A,0,2,A,11,10,4,8,10,3,9,5,1,1,0,0,2.5,3.6,2.62,Football-Data.co.uk,2020-11-02,2020/21|2020-11-02|Leeds|Leicester
2020/21,06/11/2020,Brighton,Burnley,0,0,D,0,0,D,19,4,3,1,5,3,11,5,1,0,0,0,1.85,3.5,4.33,Football-Data.co.uk,2020-11-06,2020/21|2020-11-06|Brighton|Burnley
2020/21,06/11/2020,Southampton,Newcastle,2,0,H,1,0,H,15,4,8,2,8,3,12,11,1,2,0,0,2.0,3.6,3.7,Football-Data.co.uk,2020-11-06,2020/21|2020-11-06|Southampton|Newcastle
2020/21,07/11/2020,Chelsea,Sheffield United,4,1,H,2,1,H,20,6,9,3,6,7,5,14,0,2,0,0,1.36,5.0,8.5,Football-Data.co.uk,2020-11-07,2020/21|2020-11-07|Chelsea|Sheffield United
2020/21,07/11/2020,Crystal Palace,Leeds,4,1,H,3,1,H,10,9,6,3,3,6,9,1,0,2,0,0,2.87,3.4,2.45,Football-Data.co.uk,2020-11-07,2020/21|2020-11-07|Crystal Palace|Leeds
2020/21,07/11/2020,Everton,Man United,1,3,A,1,2,A,7,13,1,5,5,2,12,19,4,2,0,0,2.9,3.5,2.37,Football-Data.co.uk,2020-11-07,2020/21|2020-11-07|Everton|Man United
2020/21,07/11/2020,West Ham,Fulham,1,0,H,0,0,D,16,13,7,3,9,5,10,9,2,2,0,0,1.83,3.75,4.2,Football-Data.co.uk,2020-11-07,2020/21|2020-11-07|West Ham|Fulham
2020/21,08/11/2020,Arsenal,Aston Villa,0,3,A,0,1,A,13,15,2,6,3,8,11,13,0,0,0,0,1.65,4.1,5.0,Football-Data.co.uk,2020-11-08,2020/21|2020-11-08|Arsenal|Aston Villa
2020/21,08/11/2020,Leicester,Wolves,1,0,H,1,0,H,10,7,3,2,6,3,12,8,2,3,0,0,2.3,3.2,3.25,Football-Data.co.uk,2020-11-08,2020/21|2020-11-08|Leicester|Wolves
2020/21,08/11/2020,Man City,Liverpool,1,1,D,1,1,D,7,10,2,3,1,2,19,11,3,1,0,0,1.95,4.2,3.4,Football-Data.co.uk,2020-11-08,2020/21|2020-11-08|Man City|Liverpool
2020/21,08/11/2020,West Brom,Tottenham,0,1,A,0,0,D,12,19,2,5,9,6,17,12,1,0,0,0,7.0,4.33,1.45,Football-Data.co.uk,2020-11-08,2020/21|2020-11-08|West Brom|Tottenham
2020/21,21/11/2020,Aston Villa,Brighton,1,2,A,0,1,A,15,7,4,3,12,3,5,18,2,1,0,1,2.15,3.6,3.2,Football-Data.co.uk,2020-11-21,2020/21|2020-11-21|Aston Villa|Brighton
2020/21,21/11/2020,Man United,West Brom,1,0,H,0,0,D,17,7,7,2,8,2,12,17,1,1,0,0,1.3,5.5,9.5,Football-Data.co.uk,2020-11-21,2020/21|2020-11-21|Man United|West Brom
2020/21,21/11/2020,Newcastle,Chelsea,0,2,A,0,1,A,8,14,1,3,7,4,11,12,2,0,0,0,6.5,4.75,1.45,Football-Data.co.uk,2020-11-21,2020/21|2020-11-21|Newcastle|Chelsea
2020/21,21/11/2020,Tottenham,Man City,2,0,H,1,0,H,4,22,2,5,0,10,13,19,2,2,0,0,4.0,4.0,1.8,Football-Data.co.uk,2020-11-21,2020/21|2020-11-21|Tottenham|Man City
2020/21,22/11/2020,Fulham,Everton,2,3,A,1,3,A,14,9,6,7,2,5,14,10,2,0,0,0,3.9,3.9,1.85,Football-Data.co.uk,2020-11-22,2020/21|2020-11-22|Fulham|Everton
2020/21,22/11/2020,Leeds,Arsenal,0,0,D,0,0,D,25,9,4,2,5,3,9,8,3,0,0,1,3.0,3.75,2.2,Football-Data.co.uk,2020-11-22,2020/21|2020-11-22|Leeds|Arsenal
2020/21,22/11/2020,Liverpool,Leicester,3,0,H,2,0,H,24,11,13,4,10,3,15,6,0,2,0,0,1.85,4.0,3.8,Football-Data.co.uk,2020-11-22,2020/21|2020-11-22|Liverpool|Leicester
2020/21,22/11/2020,Sheffield United,West Ham,0,1,A,0,0,D,9,15,5,3,2,6,7,6,0,0,0,0,3.0,3.25,2.4,Football-Data.co.uk,2020-11-22,2020/21|2020-11-22|Sheffield United|West Ham
2020/21,23/11/2020,Burnley,Crystal Palace,1,0,H,1,0,H,10,15,4,5,4,7,13,9,2,0,0,0,2.75,3.1,2.75,Football-Data.co.uk,2020-11-23,2020/21|2020-11-23|Burnley|Crystal Palace
2020/21,23/11/2020,Wolves,Southampton,1,1,D,0,0,D,20,7,9,2,7,4,14,13,2,0,0,0,2.3,3.25,3.25,Football-Data.co.uk,2020-11-23,2020/21|2020-11-23|Wolves|Southampton
2020/21,27/11/2020,Crystal Palace,Newcastle,0,2,A,0,0,D,12,14,3,7,7,3,9,10,2,2,0,0,2.05,3.25,3.75,Football-Data.co.uk,2020-11-27,2020/21|2020-11-27|Crystal Palace|Newcastle
2020/21,28/11/2020,Brighton,Liverpool,1,1,D,0,0,D,11,6,3,2,4,3,9,13,2,1,0,0,5.5,4.2,1.57,Football-Data.co.uk,2020-11-28,2020/21|2020-11-28|Brighton|Liverpool
2020/21,28/11/2020,Everton,Leeds,0,1,A,0,0,D,15,23,8,7,4,2,8,14,1,2,0,0,1.95,3.8,3.6,Football-Data.co.uk,2020-11-28,2020/21|2020-11-28|Everton|Leeds
2020/21,28/11/2020,Man City,Burnley,5,0,H,3,0,H,19,9,6,1,6,4,12,4,0,0,0,0,1.16,7.5,16.0,Football-Data.co.uk,2020-11-28,2020/21|2020-11-28|Man City|Burnley
2020/21,28/11/2020,West Brom,Sheffield United,1,0,H,1,0,H,17,21,6,5,14,9,10,9,2,3,0,0,2.6,3.2,2.8,Football-Data.co.uk,2020-11-28,2020/21|2020-11-28|West Brom|Sheffield United
2020/21,29/11/2020,Arsenal,Wolves,1,2,A,1,2,A,13,11,2,5,8,4,13,13,3,4,0,0,2.05,3.4,3.75,Football-Data.co.uk,2020-11-29,2020/21|2020-11-29|Arsenal|Wolves
2020/21,29/11/2020,Chelsea,Tottenham,0,0,D,0,0,D,13,5,3,1,3,3,20,9,4,2,0,0,2.05,3.5,3.6,Football-Data.co.uk,2020-11-29,2020/21|2020-11-29|Chelsea|Tottenham
2020/21,29/11/2020,Southampton,Man United,2,3,A,2,0,H,10,15,5,6,5,9,12,12,1,0,0,0,4.0,3.5,1.95,Football-Data.co.uk,2020-11-29,2020/21|2020-11-29|Southampton|Man United
2020/21,30/11/2020,Leicester,Fulham,1,2,A,0,2,A,16,10,3,5,6,5,9,21,0,2,0,0,1.5,4.33,6.5,Football-Data.co.uk,2020-11-30,2020/21|2020-11-30|Leicester|Fulham
2020/21,30/11/2020,West Ham,Aston Villa,2,1,H,1,1,D,6,16,2,6,3,7,20,7,1,1,0,0,2.25,3.6,3.0,Football-Data.co.uk,2020-11-30,2020/21|2020-11-30|West Ham|Aston Villa
2020/21,05/12/2020,Burnley,Everton,1,1,D,1,1,D,8,13,3,6,8,4,6,9,0,0,0,0,4.0,3.5,1.9,Football-Data.co.uk,2020-12-05,2020/21|2020-12-05|Burnley|Everton
2020/21,05/12/2020,Chelsea,Leeds,3,1,H,1,1,D,23,8,11,3,8,4,12,9,0,2,0,0,1.5,4.5,6.0,Football-Data.co.uk,2020-12-05,2020/21|2020-12-05|Chelsea|Leeds
2020/21,05/12/2020,Man City,Fulham,2,0,H,2,0,H,16,6,6,1,9,3,7,6,0,0,0,0,1.1,11.0,19.0,Football-Data.co.uk,2020-12-05,2020/21|2020-12-05|Man City|Fulham
2020/21,05/12/2020,West Ham,Man United,1,3,A,1,0,H,19,15,6,6,5,4,9,10,0,0,0,0,3.6,3.6,2.0,Football-Data.co.uk,2020-12-05,2020/21|2020-12-05|West Ham|Man United
2020/21,06/12/2020,Liverpool,Wolves,4,0,H,1,0,H,11,9,6,3,4,6,8,14,1,1,0,0,1.5,4.33,6.5,Football-Data.co.uk,2020-12-06,2020/21|2020-12-06|Liverpool|Wolves
2020/21,06/12/2020,Sheffield United,Leicester,1,2,A,1,1,D,4,13,1,4,6,5,13,6,1,3,0,0,3.8,3.5,1.95,Football-Data.co.uk,2020-12-06,2020/21|2020-12-06|Sheffield United|Leicester
2020/21,06/12/2020,Tottenham,Arsenal,2,0,H,2,0,H,6,11,3,2,3,9,16,12,1,2,0,0,1.95,3.6,3.8,Football-Data.co.uk,2020-12-06,2020/21|2020-12-06|Tottenham|Arsenal
2020/21,06/12/2020,West Brom,Crystal Palace,1,5,A,1,1,D,9,18,4,6,4,6,10,16,2,2,1,0,2.87,3.2,2.55,Football-Data.co.uk,2020-12-06,2020/21|2020-12-06|West Brom|Crystal Palace
2020/21,07/12/2020,Brighton,Southampton,1,2,A,1,1,D,12,10,4,3,4,3,12,12,3,3,0,0,2.45,3.4,2.9,Football-Data.co.uk,2020-12-07,2020/21|2020-12-07|Brighton|Southampton
2020/21,11/12/2020,Leeds,West Ham,1,2,A,1,1,D,13,19,7,8,5,6,12,10,1,2,0,0,2.15,3.7,3.1,Football-Data.co.uk,2020-12-11,2020/21|2020-12-11|Leeds|West Ham
2020/21,12/12/2020,Everton,Chelsea,1,0,H,1,0,H,9,10,4,3,6,6,10,11,2,3,0,0,4.33,4.2,1.7,Football-Data.co.uk,2020-12-12,2020/21|2020-12-12|Everton|Chelsea
2020/21,12/12/2020,Man United,Man City,0,0,D,0,0,D,11,9,2,2,4,3,13,6,1,1,0,0,4.33,4.2,1.72,Football-Data.co.uk,2020-12-12,2020/21|2020-12-12|Man United|Man City
2020/21,12/12/2020,Newcastle,West Brom,2,1,H,1,0,H,12,13,7,3,4,3,9,12,2,3,0,0,2.45,3.2,3.0,Football-Data.co.uk,2020-12-12,2020/21|2020-12-12|Newcastle|West Brom
2020/21,12/12/2020,Wolves,Aston Villa,0,1,A,0,0,D,16,13,7,2,5,8,23,15,2,5,0,0,2.25,3.25,3.25,Football-Data.co.uk,2020-12-12,2020/21|2020-12-12|Wolves|Aston Villa
2020/21,13/12/2020,Arsenal,Burnley,0,1,A,0,0,D,18,10,6,2,13,4,5,11,2,1,1,0,1.53,4.2,6.25,Football-Data.co.uk,2020-12-13,2020/21|2020-12-13|Arsenal|Burnley
2020/21,13/12/2020,Crystal Palace,Tottenham,1,1,D,0,1,A,16,14,5,6,4,7,15,11,1,1,0,0,4.5,3.9,1.72,Football-Data.co.uk,2020-12-13,2020/21|2020-12-13|Crystal Palace|Tottenham
2020/21,13/12/2020,Fulham,Liverpool,1,1,D,1,0,H,10,12,5,6,6,8,9,5,3,1,0,0,9.0,5.5,1.3,Football-Data.co.uk,2020-12-13,2020/21|2020-12-13|Fulham|Liverpool
2020/21,13/12/2020,Leicester,Brighton,3,0,H,3,0,H,15,12,6,4,9,5,9,11,2,1,0,0,2.0,3.5,3.8,Football-Data.co.uk,2020-12-13,2020/21|2020-12-13|Leicester|Brighton
2020/21,13/12/2020,Southampton,Sheffield United,3,0,H,1,0,H,16,3,6,0,8,4,8,14,0,1,0,0,1.7,3.75,5.0,Football-Data.co.uk,2020-12-13,2020/21|2020-12-13|Southampton|Sheffield United
2020/21,15/12/2020,Man City,West Brom,1,1,D,1,1,D,26,5,7,1,13,2,5,8,2,3,0,0,1.09,11.0,21.0,Football-Data.co.uk,2020-12-15,2020/21|2020-12-15|Man City|West Brom
2020/21,15/12/2020,Wolves,Chelsea,2,1,H,0,0,D,12,13,4,3,5,6,12,12,2,2,0,0,5.25,3.8,1.66,Football-Data.co.uk,2020-12-15,2020/21|2020-12-15|Wolves|Chelsea
2020/21,16/12/2020,Arsenal,Southampton,1,1,D,0,1,A,9,13,4,3,2,7,13,13,1,3,1,0,2.25,3.5,3.1,Football-Data.co.uk,2020-12-16,2020/21|2020-12-16|Arsenal|Southampton
2020/21,16/12/2020,Fulham,Brighton,0,0,D,0,0,D,9,9,4,4,1,8,15,11,1,0,0,0,2.87,3.3,2.5,Football-Data.co.uk,2020-12-16,2020/21|2020-12-16|Fulham|Brighton
2020/21,16/12/2020,Leeds,Newcastle,5,2,H,1,1,D,25,10,10,4,7,4,10,13,3,1,0,0,1.75,4.0,4.33,Football-Data.co.uk,2020-12-16,2020/21|2020-12-16|Leeds|Newcastle
2020/21,16/12/2020,Leicester,Everton,0,2,A,0,1,A,14,11,2,6,4,6,12,9,2,3,0,0,2.15,3.6,3.25,Football-Data.co.uk,2020-12-16,2020/21|2020-12-16|Leicester|Everton
2020/21,16/12/2020,Liverpool,Tottenham,2,1,H,1,1,D,17,8,11,2,7,4,8,9,0,2,0,0,1.75,3.8,4.5,Football-Data.co.uk,2020-12-16,2020/21|2020-12-16|Liverpool|Tottenham
2020/21,16/12/2020,West Ham,Crystal Palace,1,1,D,0,1,A,9,8,2,2,5,3,8,12,0,1,0,1,2.05,3.4,3.6,Football-Data.co.uk,2020-12-16,2020/21|2020-12-16|West Ham|Crystal Palace
2020/21,17/12/2020,Aston Villa,Burnley,0,0,D,0,0,D,27,6,7,4,11,1,17,19,1,1,0,0,1.75,3.8,4.5,Football-Data.co.uk,2020-12-17,2020/21|2020-12-17|Aston Villa|Burnley
2020/21,17/12/2020,Sheffield United,Man United,2,3,A,1,2,A,12,14,6,8,6,3,17,8,3,2,0,0,7.0,4.6,1.44,Football-Data.co.uk,2020-12-17,2020/21|2020-12-17|Sheffield United|Man United
2020/21,19/12/2020,Crystal Palace,Liverpool,0,7,A,0,3,A,5,14,3,8,5,4,5,11,1,0,0,0,6.5,4.33,1.5,Football-Data.co.uk,2020-12-19,2020/21|2020-12-19|Crystal Palace|Liverpool
2020/21,19/12/2020,Everton,Arsenal,2,1,H,2,1,H,9,13,2,2,4,3,9,9,1,3,0,0,2.45,3.5,2.8,Football-Data.co.uk,2020-12-19,2020/21|2020-12-19|Everton|Arsenal
2020/21,19/12/2020,Newcastle,Fulham,1,1,D,0,1,A,12,11,5,4,2,9,7,17,1,2,0,1,2.5,3.25,2.9,Football-Data.co.uk,2020-12-19,2020/21|2020-12-19|Newcastle|Fulham
2020/21,19/12/2020,Southampton,Man City,0,1,A,0,1,A,9,11,3,5,6,6,9,11,2,2,0,0,7.0,4.5,1.44,Football-Data.co.uk,2020-12-19,2020/21|2020-12-19|Southampton|Man City
2020/21,20/12/2020,Brighton,Sheffield United,1,1,D,0,0,D,21,5,5,3,14,2,9,11,1,5,0,1,1.65,3.75,5.5,Football-Data.co.uk,2020-12-20,2020/21|2020-12-20|Brighton|Sheffield United
2020/21,20/12/2020,Man United,Leeds,6,2,H,4,1,H,26,17,14,3,11,13,6,6,1,0,0,0,1.66,4.33,4.5,Football-Data.co.uk,2020-12-20,2020/21|2020-12-20|Man United|Leeds
2020/21,20/12/2020,Tottenham,Leicester,0,2,A,0,1,A,8,17,3,4,5,3,15,14,2,2,0,0,2.05,3.5,3.6,Football-Data.co.uk,2020-12-20,2020/21|2020-12-20|Tottenham|Leicester
2020/21,20/12/2020,West Brom,Aston Villa,0,3,A,0,1,A,1,19,1,10,1,7,14,8,1,2,1,0,3.6,3.8,1.95,Football-Data.co.uk,2020-12-20,2020/21|2020-12-20|West Brom|Aston Villa
2020/21,21/12/2020,Burnley,Wolves,2,1,H,1,0,H,10,15,4,3,1,7,11,15,2,1,0,0,3.5,3.25,2.2,Football-Data.co.uk,2020-12-21,2020/21|2020-12-21|Burnley|Wolves
2020/21,21/12/2020,Chelsea,West Ham,3,0,H,1,0,H,11,6,7,0,5,4,11,6,0,0,0,0,1.44,5.0,6.25,Football-Data.co.uk,2020-12-21,2020/21|2020-12-21|Chelsea|West Ham
2020/21,26/12/2020,Arsenal,Chelsea,3,1,H,2,0,H,15,19,7,3,7,9,13,10,2,1,0,0,4.0,3.6,1.9,Football-Data.co.uk,2020-12-26,2020/21|2020-12-26|Arsenal|Chelsea
2020/21,26/12/2020,Aston Villa,Crystal Palace,3,0,H,1,0,H,21,13,10,6,4,4,18,16,1,4,1,0,1.9,3.75,3.8,Football-Data.co.uk,2020-12-26,2020/21|2020-12-26|Aston Villa|Crystal Palace
2020/21,26/12/2020,Fulham,Southampton,0,0,D,0,0,D,10,3,1,2,6,3,15,12,2,0,0,0,3.2,3.3,2.3,Football-Data.co.uk,2020-12-26,2020/21|2020-12-26|Fulham|Southampton
2020/21,26/12/2020,Leicester,Man United,2,2,D,1,1,D,10,9,2,4,5,0,10,17,2,1,0,0,2.9,3.6,2.3,Football-Data.co.uk,2020-12-26,2020/21|2020-12-26|Leicester|Man United
2020/21,26/12/2020,Man City,Newcastle,2,0,H,1,0,H,11,7,6,2,7,3,5,12,2,2,0,0,1.11,10.0,19.0,Football-Data.co.uk,2020-12-26,2020/21|2020-12-26|Man City|Newcastle
2020/21,26/12/2020,Sheffield United,Everton,0,1,A,0,0,D,10,7,2,3,6,3,11,10,2,4,0,0,4.2,3.6,1.85,Football-Data.co.uk,2020-12-26,2020/21|2020-12-26|Sheffield United|Everton
2020/21,27/12/2020,Leeds,Burnley,1,0,H,1,0,H,11,14,4,6,4,12,8,14,0,3,0,0,1.72,4.0,4.33,Football-Data.co.uk,2020-12-27,2020/21|2020-12-27|Leeds|Burnley
2020/21,27/12/2020,Liverpool,West Brom,1,1,D,1,0,H,17,5,2,3,8,3,8,5,0,1,0,0,1.11,10.0,19.0,Football-Data.co.uk,2020-12-27,2020/21|2020-12-27|Liverpool|West Brom
2020/21,27/12/2020,West Ham,Brighton,2,2,D,0,1,A,11,13,4,4,5,4,6,8,0,0,0,0,2.3,3.4,3.1,Football-Data.co.uk,2020-12-27,2020/21|2020-12-27|West Ham|Brighton
2020/21,27/12/2020,Wolves,Tottenham,1,1,D,0,1,A,11,6,6,3,9,2,20,13,4,1,0,0,3.6,3.25,2.15,Football-Data.co.uk,2020-12-27,2020/21|2020-12-27|Wolves|Tottenham
2020/21,28/12/2020,Chelsea,Aston Villa,1,1,D,1,0,H,16,10,5,2,11,4,16,3,3,1,0,0,1.61,4.2,5.0,Football-Data.co.uk,2020-12-28,2020/21|2020-12-28|Chelsea|Aston Villa
2020/21,28/12/2020,Crystal Palace,Leicester,1,1,D,0,0,D,4,17,1,3,2,5,10,7,0,1,0,0,3.75,3.5,2.0,Football-Data.co.uk,2020-12-28,2020/21|2020-12-28|Crystal Palace|Leicester
2020/21,29/12/2020,Brighton,Arsenal,0,1,A,0,0,D,13,11,2,3,5,4,11,4,2,0,0,0,3.25,3.5,2.2,Football-Data.co.uk,2020-12-29,2020/21|2020-12-29|Brighton|Arsenal
2020/21,29/12/2020,Burnley,Sheffield United,1,0,H,1,0,H,5,7,3,3,3,5,13,17,1,2,0,0,2.37,3.1,3.25,Football-Data.co.uk,2020-12-29,2020/21|2020-12-29|Burnley|Sheffield United
2020/21,29/12/2020,Man United,Wolves,1,0,H,0,0,D,11,9,3,5,2,2,11,7,1,1,0,0,1.53,4.2,6.25,Football-Data.co.uk,2020-12-29,2020/21|2020-12-29|Man United|Wolves
2020/21,29/12/2020,Southampton,West Ham,0,0,D,0,0,D,8,8,3,3,4,3,16,15,3,1,0,0,2.1,3.6,3.4,Football-Data.co.uk,2020-12-29,2020/21|2020-12-29|Southampton|West Ham
2020/21,29/12/2020,West Brom,Leeds,0,5,A,0,4,A,4,14,1,6,3,10,7,10,0,1,0,0,3.6,3.6,2.0,Football-Data.co.uk,2020-12-29,2020/21|2020-12-29|West Brom|Leeds
2020/21,30/12/2020,Newcastle,Liverpool,0,0,D,0,0,D,8,11,2,4,5,12,9,13,2,3,0,0,12.0,6.0,1.25,Football-Data.co.uk,2020-12-30,2020/21|2020-12-30|Newcastle|Liverpool
2020/21,01/01/2021,Everton,West Ham,0,1,A,0,0,D,10,11,2,5,5,4,9,7,2,0,0,0,2.1,3.5,3.5,Football-Data.co.uk,2021-01-01,2020/21|2021-01-01|Everton|West Ham
2020/21,01/01/2021,Man United,Aston Villa,2,1,H,1,0,H,19,5,9,5,5,10,22,10,4,0,0,0,1.72,4.2,4.2,Football-Data.co.uk,2021-01-01,2020/21|2021-01-01|Man United|Aston Villa
2020/21,02/01/2021,Brighton,Wolves,3,3,D,1,3,A,13,11,4,4,5,8,13,8,2,1,0,0,2.62,3.25,2.75,Football-Data.co.uk,2021-01-02,2020/21|2021-01-02|Brighton|Wolves
2020/21,02/01/2021,Crystal Palace,Sheffield United,2,0,H,2,0,H,9,7,4,2,3,6,8,18,1,3,0,0,1.95,3.5,3.9,Football-Data.co.uk,2021-01-02,2020/21|2021-01-02|Crystal Palace|Sheffield United
2020/21,02/01/2021,Tottenham,Leeds,3,0,H,2,0,H,20,18,7,5,3,5,15,13,2,1,1,0,1.75,4.1,4.2,Football-Data.co.uk,2021-01-02,2020/21|2021-01-02|Tottenham|Leeds
2020/21,02/01/2021,West Brom,Arsenal,0,4,A,0,2,A,7,21,3,12,3,5,7,4,1,2,0,0,5.75,4.0,1.57,Football-Data.co.uk,2021-01-02,2020/21|2021-01-02|West Brom|Arsenal
2020/21,03/01/2021,Chelsea,Man City,1,3,A,0,3,A,9,18,2,6,5,3,11,10,3,1,0,0,3.0,3.7,2.2,Football-Data.co.uk,2021-01-03,2020/21|2021-01-03|Chelsea|Man City
2020/21,03/01/2021,Newcastle,Leicester,1,2,A,0,0,D,8,9,2,3,3,6,10,11,0,2,0,0,5.25,4.2,1.61,Football-Data.co.uk,2021-01-03,2020/21|2021-01-03|Newcastle|Leicester
2020/21,04/01/2021,Southampton,Liverpool,1,0,H,1,0,H,7,17,3,1,1,10,5,12,1,3,0,0,5.0,4.33,1.61,Football-Data.co.uk,2021-01-04,2020/21|2021-01-04|Southampton|Liverpool
2020/21,12/01/2021,Burnley,Man United,0,1,A,0,0,D,11,13,0,7,3,4,15,13,1,2,0,0,7.0,4.5,1.45,Football-Data.co.uk,2021-01-12,2020/21|2021-01-12|Burnley|Man United
2020/21,12/01/2021,Sheffield United,Newcastle,1,0,H,0,0,D,17,7,4,3,5,2,13,12,2,3,0,1,2.45,3.1,3.1,Football-Data.co.uk,2021-01-12,2020/21|2021-01-12|Sheffield United|Newcastle
2020/21,12/01/2021,Wolves,Everton,1,2,A,1,1,D,12,5,3,3,6,5,6,11,2,2,0,0,2.45,3.1,3.1,Football-Data.co.uk,2021-01-12,2020/21|2021-01-12|Wolves|Everton
2020/21,13/01/2021,Man City,Brighton,1,0,H,1,0,H,16,5,6,1,8,4,4,12,0,2,0,0,1.14,8.5,16.0,Football-Data.co.uk,2021-01-13,2020/21|2021-01-13|Man City|Brighton
2020/21,13/01/2021,Tottenham,Fulham,1,1,D,1,0,H,15,15,6,4,6,5,13,15,1,2,0,0,1.36,5.0,8.5,Football-Data.co.uk,2021-01-13,2020/21|2021-01-13|Tottenham|Fulham
2020/21,14/01/2021,Arsenal,Crystal Palace,0,0,D,0,0,D,11,12,4,2,7,3,10,11,1,1,0,0,1.53,4.0,6.5,Football-Data.co.uk,2021-01-14,2020/21|2021-01-14|Arsenal|Crystal Palace
2020/21,16/01/2021,Fulham,Chelsea,0,1,A,0,0,D,10,21,3,6,1,12,11,10,2,3,1,0,6.5,4.33,1.5,Football-Data.co.uk,2021-01-16,2020/21|2021-01-16|Fulham|Chelsea
2020/21,16/01/2021,Leeds,Brighton,0,1,A,0,1,A,7,7,2,2,5,2,8,9,1,1,0,0,2.1,3.5,3.4,Football-Data.co.uk,2021-01-16,2020/21|2021-01-16|Leeds|Brighton
2020/21,16/01/2021,Leicester,Southampton,2,0,H,1,0,H,16,8,5,3,2,5,10,11,2,2,0,0,1.8,3.75,4.5,Football-Data.co.uk,2021-01-16,2020/21|2021-01-16|Leicester|Southampton
2020/21,16/01/2021,West Ham,Burnley,1,0,H,1,0,H,15,10,4,2,7,4,12,9,2,1,0,0,1.8,3.5,4.75,Football-Data.co.uk,2021-01-16,2020/21|2021-01-16|West Ham|Burnley
2020/21,16/01/2021,Wolves,West Brom,2,3,A,2,1,H,23,12,6,5,11,0,10,14,2,1,0,0,1.6,3.5,7.0,Football-Data.co.uk,2021-01-16,2020/21|2021-01-16|Wolves|West Brom
2020/21,17/01/2021,Liverpool,Man United,0,0,D,0,0,D,17,8,3,4,7,3,15,6,2,1,0,0,1.95,3.8,3.6,Football-Data.co.uk,2021-01-17,2020/21|2021-01-17|Liverpool|Man United
2020/21,17/01/2021,Man City,Crystal Palace,4,0,H,1,0,H,13,2,6,0,11,1,9,8,0,0,0,0,1.14,8.5,17.0,Football-Data.co.uk,2021-01-17,2020/21|2021-01-17|Man City|Crystal Palace
2020/21,17/01/2021,Sheffield United,Tottenham,1,3,A,0,2,A,15,14,5,5,5,7,13,4,4,0,0,0,6.25,3.75,1.6,Football-Data.co.uk,2021-01-17,2020/21|2021-01-17|Sheffield United|Tottenham
2020/21,18/01/2021,Arsenal,Newcastle,3,0,H,0,0,D,20,4,6,1,7,2,9,8,0,0,0,0,1.4,4.5,8.0,Football-Data.co.uk,2021-01-18,2020/21|2021-01-18|Arsenal|Newcastle
2020/21,19/01/2021,Leicester,Chelsea,2,0,H,2,0,H,8,9,6,5,6,3,7,16,1,3,0,0,2.87,3.4,2.45,Football-Data.co.uk,2021-01-19,2020/21|2021-01-19|Leicester|Chelsea
2020/21,19/01/2021,West Ham,West Brom,2,1,H,1,0,H,14,6,6,2,3,1,10,10,0,1,0,0,1.57,4.2,5.5,Football-Data.co.uk,2021-01-19,2020/21|2021-01-19|West Ham|West Brom
2020/21,20/01/2021,Fulham,Man United,1,2,A,1,1,D,12,15,5,5,2,8,6,10,3,1,0,0,6.0,4.33,1.53,Football-Data.co.uk,2021-01-20,2020/21|2021-01-20|Fulham|Man United
2020/21,20/01/2021,Man City,Aston Villa,2,0,H,0,0,D,28,11,9,4,16,2,10,9,0,2,0,0,1.22,6.5,12.0,Football-Data.co.uk,2021-01-20,2020/21|2021-01-20|Man City|Aston Villa
2020/21,21/01/2021,Liverpool,Burnley,0,1,A,0,0,D,27,6,6,4,12,0,11,8,2,1,0,0,1.18,7.5,15.0,Football-Data.co.uk,2021-01-21,2020/21|2021-01-21|Liverpool|Burnley
2020/21,23/01/2021,Aston Villa,Newcastle,2,0,H,2,0,H,14,7,5,1,5,4,9,18,0,3,0,0,1.45,4.75,6.5,Football-Data.co.uk,2021-01-23,2020/21|2021-01-23|Aston Villa|Newcastle
2020/21,26/01/2021,Crystal Palace,West Ham,2,3,A,1,2,A,6,17,3,7,3,4,9,8,0,0,0,0,3.1,3.25,2.37,Football-Data.co.uk,2021-01-26,2020/21|2021-01-26|Crystal Palace|West Ham
2020/21,26/01/2021,Newcastle,Leeds,1,2,A,0,1,A,22,9,5,2,9,5,10,15,1,3,0,0,3.9,3.8,1.85,Football-Data.co.uk,2021-01-26,2020/21|2021-01-26|Newcastle|Leeds
2020/21,26/01/2021,Southampton,Arsenal,1,3,A,1,2,A,13,9,5,5,4,5,11,6,1,2,0,0,3.5,3.6,2.05,Football-Data.co.uk,2021-01-26,2020/21|2021-01-26|Southampton|Arsenal
2020/21,26/01/2021,West Brom,Man City,0,5,A,0,4,A,4,18,1,7,3,8,8,8,2,0,0,0,15.0,7.5,1.18,Football-Data.co.uk,2021-01-26,2020/21|2021-01-26|West Brom|Man City
2020/21,27/01/2021,Brighton,Fulham,0,0,D,0,0,D,16,10,5,3,10,0,10,14,2,1,0,0,2.05,3.4,3.75,Football-Data.co.uk,2021-01-27,2020/21|2021-01-27|Brighton|Fulham
2020/21,27/01/2021,Burnley,Aston Villa,3,2,H,0,1,A,10,18,5,10,2,4,16,7,1,0,0,0,3.8,3.5,1.95,Football-Data.co.uk,2021-01-27,2020/21|2021-01-27|Burnley|Aston Villa
2020/21,27/01/2021,Chelsea,Wolves,0,0,D,0,0,D,14,4,5,0,13,1,14,7,1,1,0,0,1.6,4.2,5.25,Football-Data.co.uk,2021-01-27,2020/21|2021-01-27|Chelsea|Wolves
2020/21,27/01/2021,Everton,Leicester,1,1,D,1,0,H,8,19,2,6,5,11,12,10,1,1,0,0,2.8,3.3,2.55,Football-Data.co.uk,2021-01-27,2020/21|2021-01-27|Everton|Leicester
2020/21,27/01/2021,Man United,Sheffield United,1,2,A,0,1,A,16,5,4,3,7,2,10,12,1,1,0,0,1.25,6.0,11.0,Football-Data.co.uk,2021-01-27,2020/21|2021-01-27|Man United|Sheffield United
2020/21,28/01/2021,Tottenham,Liverpool,1,3,A,0,1,A,3,14,2,7,1,2,9,11,1,2,0,0,3.2,3.6,2.2,Football-Data.co.uk,2021-01-28,2020/21|2021-01-28|Tottenham|Liverpool
2020/21,30/01/2021,Arsenal,Man United,0,0,D,0,0,D,17,14,3,3,4,7,9,16,1,3,0,0,2.8,3.5,2.45,Football-Data.co.uk,2021-01-30,2020/21|2021-01-30|Arsenal|Man United
2020/21,30/01/2021,Crystal Palace,Wolves,1,0,H,0,0,D,11,6,2,4,1,6,7,10,1,2,0,0,2.87,3.2,2.55,Football-Data.co.uk,2021-01-30,2020/21|2021-01-30|Crystal Palace|Wolves
2020/21,30/01/2021,Everton,Newcastle,0,2,A,0,0,D,11,13,3,3,7,12,13,6,3,4,0,0,1.55,4.0,6.5,Football-Data.co.uk,2021-01-30,2020/21|2021-01-30|Everton|Newcastle
2020/21,30/01/2021,Man City,Sheffield United,1,0,H,1,0,H,10,4,5,1,10,0,7,10,0,3,0,0,1.12,9.0,18.0,Football-Data.co.uk,2021-01-30,2020/21|2021-01-30|Man City|Sheffield United
2020/21,30/01/2021,Southampton,Aston Villa,0,1,A,0,1,A,20,8,5,4,7,1,12,11,1,0,0,0,2.8,3.6,2.37,Football-Data.co.uk,2021-01-30,2020/21|2021-01-30|Southampton|Aston Villa
2020/21,30/01/2021,West Brom,Fulham,2,2,D,0,1,A,5,12,3,7,2,3,9,10,1,0,0,0,3.3,3.2,2.3,Football-Data.co.uk,2021-01-30,2020/21|2021-01-30|West Brom|Fulham
2020/21,31/01/2021,Brighton,Tottenham,1,0,H,1,0,H,16,8,5,4,9,2,11,11,2,1,0,0,3.2,3.4,2.25,Football-Data.co.uk,2021-01-31,2020/21|2021-01-31|Brighton|Tottenham
2020/21,31/01/2021,Chelsea,Burnley,2,0,H,1,0,H,19,1,8,0,4,2,7,9,0,1,0,0,1.33,5.0,9.5,Football-Data.co.uk,2021-01-31,2020/21|2021-01-31|Chelsea|Burnley
2020/21,31/01/2021,Leicester,Leeds,1,3,A,1,1,D,18,8,8,7,6,4,17,16,0,3,0,0,1.8,4.0,4.2,Football-Data.co.uk,2021-01-31,2020/21|2021-01-31|Leicester|Leeds
2020/21,31/01/2021,West Ham,Liverpool,1,3,A,0,0,D,8,14,2,5,6,5,7,8,2,0,0,0,4.33,4.0,1.75,Football-Data.co.uk,2021-01-31,2020/21|2021-01-31|West Ham|Liverpool
2020/21,02/02/2021,Man United,Southampton,9,0,H,4,0,H,24,3,14,1,5,3,11,6,2,3,0,2,1.4,4.75,7.0,Football-Data.co.uk,2021-02-02,2020/21|2021-02-02|Man United|Southampton
2020/21,02/02/2021,Newcastle,Crystal Palace,1,2,A,1,2,A,21,6,5,3,9,1,14,11,1,3,0,0,2.8,3.2,2.6,Football-Data.co.uk,2021-02-02,2020/21|2021-02-02|Newcastle|Crystal Palace
2020/21,02/02/2021,Sheffield United,West Brom,2,1,H,0,1,A,14,8,6,4,9,2,11,9,2,1,0,0,2.0,3.3,4.0,Football-Data.co.uk,2021-02-02,2020/21|2021-02-02|Sheffield United|West Brom
2020/21,02/02/2021,Wolves,Arsenal,2,1,H,1,1,D,11,9,7,3,9,6,11,8,3,2,0,2,3.6,3.3,2.1,Football-Data.co.uk,2021-02-02,2020/21|2021-02-02|Wolves|Arsenal
2020/21,03/02/2021,Aston Villa,West Ham,1,3,A,0,0,D,9,20,2,10,7,3,11,15,1,1,0,0,2.2,3.4,3.25,Football-Data.co.uk,2021-02-03,2020/21|2021-02-03|Aston Villa|West Ham
2020/21,03/02/2021,Burnley,Man City,0,2,A,0,2,A,2,17,0,6,1,3,8,5,2,1,0,0,13.0,7.0,1.2,Football-Data.co.uk,2021-02-03,2020/21|2021-02-03|Burnley|Man City
2020/21,03/02/2021,Fulham,Leicester,0,2,A,0,2,A,8,9,1,5,5,2,17,10,3,1,0,0,4.0,3.5,1.9,Football-Data.co.uk,2021-02-03,2020/21|2021-02-03|Fulham|Leicester
2020/21,03/02/2021,Leeds,Everton,1,2,A,0,2,A,16,10,7,6,7,1,12,12,2,3,0,0,2.5,3.5,2.7,Football-Data.co.uk,2021-02-03,2020/21|2021-02-03|Leeds|Everton
2020/21,03/02/2021,Liverpool,Brighton,0,1,A,0,0,D,11,13,1,4,6,3,12,6,1,0,0,0,1.33,5.25,9.0,Football-Data.co.uk,2021-02-03,2020/21|2021-02-03|Liverpool|Brighton
2020/21,04/02/2021,Tottenham,Chelsea,0,1,A,0,1,A,7,18,2,2,2,7,20,14,2,3,0,0,3.5,3.4,2.1,Football-Data.co.uk,2021-02-04,2020/21|2021-02-04|Tottenham|Chelsea
2020/21,06/02/2021,Aston Villa,Arsenal,1,0,H,1,0,H,12,14,8,3,3,7,12,12,3,2,0,0,2.62,3.5,2.6,Football-Data.co.uk,2021-02-06,2020/21|2021-02-06|Aston Villa|Arsenal
2020/21,06/02/2021,Burnley,Brighton,1,1,D,0,1,A,20,10,7,2,8,7,8,10,2,0,0,0,3.6,3.1,2.2,Football-Data.co.uk,2021-02-06,2020/21|2021-02-06|Burnley|Brighton
2020/21,06/02/2021,Fulham,West Ham,0,0,D,0,0,D,20,8,2,1,7,3,11,10,1,2,0,1,3.6,3.5,2.05,Football-Data.co.uk,2021-02-06,2020/21|2021-02-06|Fulham|West Ham
2020/21,06/02/2021,Man United,Everton,3,3,D,2,0,H,14,6,5,3,5,1,14,10,2,1,0,0,1.53,4.2,6.0,Football-Data.co.uk,2021-02-06,2020/21|2021-02-06|Man United|Everton
2020/21,06/02/2021,Newcastle,Southampton,3,2,H,3,1,H,6,14,4,5,0,7,11,14,2,1,1,0,3.0,3.3,2.4,Football-Data.co.uk,2021-02-06,2020/21|2021-02-06|Newcastle|Southampton
2020/21,07/02/2021,Liverpool,Man City,1,4,A,0,0,D,8,8,3,5,6,1,13,8,2,1,0,0,3.4,3.6,2.05,Football-Data.co.uk,2021-02-07,2020/21|2021-02-07|Liverpool|Man City
2020/21,07/02/2021,Sheffield United,Chelsea,1,2,A,0,1,A,8,9,3,3,1,8,8,8,1,0,0,0,7.0,4.5,1.45,Football-Data.co.uk,2021-02-07,2020/21|2021-02-07|Sheffield United|Chelsea
2020/21,07/02/2021,Tottenham,West Brom,2,0,H,0,0,D,13,4,6,1,8,0,16,12,1,2,0,0,1.45,4.5,7.0,Football-Data.co.uk,2021-02-07,2020/21|2021-02-07|Tottenham|West Brom
2020/21,07/02/2021,Wolves,Leicester,0,0,D,0,0,D,13,13,1,3,8,2,11,15,1,3,0,0,3.5,3.4,2.1,Football-Data.co.uk,2021-02-07,2020/21|2021-02-07|Wolves|Leicester
2020/21,08/02/2021,Leeds,Crystal Palace,2,0,H,1,0,H,17,8,7,3,5,3,7,8,0,2,0,0,1.8,3.8,4.2,Football-Data.co.uk,2021-02-08,2020/21|2021-02-08|Leeds|Crystal Palace
2020/21,13/02/2021,Brighton,Aston Villa,0,0,D,0,0,D,26,4,9,1,9,2,16,12,2,3,0,0,2.7,3.5,2.5,Football-Data.co.uk,2021-02-13,2020/21|2021-02-13|Brighton|Aston Villa
2020/21,13/02/2021,Crystal Palace,Burnley,0,3,A,0,2,A,13,16,3,4,7,4,15,14,0,0,0,0,2.37,3.1,3.2,Football-Data.co.uk,2021-02-13,2020/21|2021-02-13|Crystal Palace|Burnley
2020/21,13/02/2021,Leicester,Liverpool,3,1,H,0,0,D,11,15,6,4,2,12,9,6,1,2,0,0,3.5,3.4,2.1,Football-Data.co.uk,2021-02-13,2020/21|2021-02-13|Leicester|Liverpool
2020/21,13/02/2021,Man City,Tottenham,3,0,H,1,0,H,15,7,6,3,4,2,12,13,1,3,0,0,1.28,5.75,9.5,Football-Data.co.uk,2021-02-13,2020/21|2021-02-13|Man City|Tottenham
2020/21,14/02/2021,Arsenal,Leeds,4,2,H,3,0,H,13,9,5,5,4,5,8,17,0,2,0,0,1.83,3.8,4.0,Football-Data.co.uk,2021-02-14,2020/21|2021-02-14|Arsenal|Leeds
2020/21,14/02/2021,Everton,Fulham,0,2,A,0,0,D,7,12,2,3,5,4,7,16,1,1,0,0,1.85,3.6,4.2,Football-Data.co.uk,2021-02-14,2020/21|2021-02-14|Everton|Fulham
2020/21,14/02/2021,Southampton,Wolves,1,2,A,1,0,H,7,10,3,4,4,6,10,9,2,2,0,0,2.37,3.2,3.1,Football-Data.co.uk,2021-02-14,2020/21|2021-02-14|Southampton|Wolves
2020/21,14/02/2021,West Brom,Man United,1,1,D,1,1,D,7,10,3,7,4,5,13,10,5,0,0,0,10.0,5.5,1.3,Football-Data.co.uk,2021-02-14,2020/21|2021-02-14|West Brom|Man United
2020/21,15/02/2021,Chelsea,Newcastle,2,0,H,2,0,H,18,10,5,4,10,5,9,13,0,0,0,0,1.22,6.5,12.0,Football-Data.co.uk,2021-02-15,2020/21|2021-02-15|Chelsea|Newcastle
2020/21,15/02/2021,West Ham,Sheffield United,3,0,H,1,0,H,13,8,9,5,7,7,11,12,0,2,0,0,1.66,3.75,5.25,Football-Data.co.uk,2021-02-15,2020/21|2021-02-15|West Ham|Sheffield United
2020/21,17/02/2021,Burnley,Fulham,1,1,D,0,0,D,8,8,3,3,5,5,7,13,1,1,0,0,2.75,3.2,2.7,Football-Data.co.uk,2021-02-17,2020/21|2021-02-17|Burnley|Fulham
2020/21,17/02/2021,Everton,Man City,1,3,A,1,1,D,3,16,2,7,0,10,8,8,2,1,0,0,8.5,5.5,1.33,Football-Data.co.uk,2021-02-17,2020/21|2021-02-17|Everton|Man City
2020/21,19/02/2021,Wolves,Leeds,1,0,H,0,0,D,15,18,5,7,7,9,13,8,1,0,0,0,2.37,3.3,3.0,Football-Data.co.uk,2021-02-19,2020/21|2021-02-19|Wolves|Leeds
2020/21,20/02/2021,Burnley,West Brom,0,0,D,0,0,D,6,10,1,3,5,5,16,10,3,0,0,1,2.0,3.3,4.0,Football-Data.co.uk,2021-02-20,2020/21|2021-02-20|Burnley|West Brom
2020/21,20/02/2021,Fulham,Sheffield United,1,0,H,0,0,D,15,4,7,2,6,4,11,14,1,2,0,0,2.15,3.2,3.6,Football-Data.co.uk,2021-02-20,2020/21|2021-02-20|Fulham|Sheffield United
2020/21,20/02/2021,Liverpool,Everton,0,2,A,0,1,A,15,9,6,6,7,2,10,10,2,1,0,0,1.44,4.5,7.0,Football-Data.co.uk,2021-02-20,2020/21|2021-02-20|Liverpool|Everton
2020/21,20/02/2021,Southampton,Chelsea,1,1,D,1,0,H,4,9,1,3,3,6,10,10,1,1,0,0,5.0,3.8,1.7,Football-Data.co.uk,2021-02-20,2020/21|2021-02-20|Southampton|Chelsea
2020/21,21/02/2021,Arsenal,Man City,0,1,A,0,1,A,7,15,1,3,1,3,11,9,2,2,0,0,6.5,4.33,1.5,Football-Data.co.uk,2021-02-21,2020/21|2021-02-21|Arsenal|Man City
2020/21,21/02/2021,Aston Villa,Leicester,1,2,A,0,2,A,11,16,2,7,7,8,11,12,2,1,0,0,2.87,3.5,2.4,Football-Data.co.uk,2021-02-21,2020/21|2021-02-21|Aston Villa|Leicester
2020/21,21/02/2021,Man United,Newcastle,3,1,H,1,1,D,15,10,7,6,6,4,9,11,1,2,0,0,1.28,5.5,10.0,Football-Data.co.uk,2021-02-21,2020/21|2021-02-21|Man United|Newcastle
2020/21,21/02/2021,West Ham,Tottenham,2,1,H,1,0,H,4,20,4,4,5,7,14,7,4,3,0,0,2.62,3.4,2.7,Football-Data.co.uk,2021-02-21,2020/21|2021-02-21|West Ham|Tottenham
2020/21,22/02/2021,Brighton,Crystal Palace,1,2,A,0,1,A,25,3,5,2,13,0,11,6,2,0,0,0,1.7,3.5,5.5,Football-Data.co.uk,2021-02-22,2020/21|2021-02-22|Brighton|Crystal Palace
2020/21,23/02/2021,Leeds,Southampton,3,0,H,0,0,D,11,13,7,5,2,4,11,13,1,2,0,0,2.25,3.5,3.1,Football-Data.co.uk,2021-02-23,2020/21|2021-02-23|Leeds|Southampton
2020/21,27/02/2021,Leeds,Aston Villa,0,1,A,0,1,A,13,9,3,4,7,5,14,14,3,2,0,0,2.15,3.6,3.2,Football-Data.co.uk,2021-02-27,2020/21|2021-02-27|Leeds|Aston Villa
2020/21,27/02/2021,Man City,West Ham,2,1,H,1,1,D,10,9,3,3,4,2,8,11,1,1,0,0,1.22,6.5,12.0,Football-Data.co.uk,2021-02-27,2020/21|2021-02-27|Man City|West Ham
2020/21,27/02/2021,Newcastle,Wolves,1,1,D,0,0,D,19,14,7,4,3,5,11,13,2,0,0,0,3.5,3.2,2.2,Football-Data.co.uk,2021-02-27,2020/21|2021-02-27|Newcastle|Wolves
2020/21,27/02/2021,West Brom,Brighton,1,0,H,1,0,H,6,15,2,6,7,4,11,12,0,0,0,0,4.2,3.3,1.95,Football-Data.co.uk,2021-02-27,2020/21|2021-02-27|West Brom|Brighton
2020/21,28/02/2021,Chelsea,Man United,0,0,D,0,0,D,18,11,6,4,3,4,11,12,1,2,0,0,2.15,3.4,3.4,Football-Data.co.uk,2021-02-28,2020/21|2021-02-28|Chelsea|Man United
2020/21,28/02/2021,Crystal Palace,Fulham,0,0,D,0,0,D,3,16,0,4,1,3,10,14,1,1,0,0,3.5,3.2,2.2,Football-Data.co.uk,2021-02-28,2020/21|2021-02-28|Crystal Palace|Fulham
2020/21,28/02/2021,Leicester,Arsenal,1,3,A,1,2,A,8,12,3,4,2,7,15,3,2,1,0,0,2.5,3.4,2.8,Football-Data.co.uk,2021-02-28,2020/21|2021-02-28|Leicester|Arsenal
2020/21,28/02/2021,Sheffield United,Liverpool,0,2,A,0,0,D,8,16,2,8,4,3,9,9,0,0,0,0,8.0,5.0,1.36,Football-Data.co.uk,2021-02-28,2020/21|2021-02-28|Sheffield United|Liverpool
2020/21,28/02/2021,Tottenham,Burnley,4,0,H,3,0,H,16,10,7,3,3,4,6,10,0,0,0,0,1.53,4.0,6.5,Football-Data.co.uk,2021-02-28,2020/21|2021-02-28|Tottenham|Burnley
2020/21,01/03/2021,Everton,Southampton,1,0,H,1,0,H,7,9,1,1,4,10,13,9,0,2,0,0,2.15,3.5,3.3,Football-Data.co.uk,2021-03-01,2020/21|2021-03-01|Everton|Southampton
2020/21,02/03/2021,Man City,Wolves,4,1,H,1,0,H,22,6,10,1,10,2,9,5,0,1,0,0,1.18,7.0,15.0,Football-Data.co.uk,2021-03-02,2020/21|2021-03-02|Man City|Wolves
2020/21,03/03/2021,Burnley,Leicester,1,1,D,1,1,D,12,15,7,4,5,8,6,12,0,2,0,0,4.0,3.25,2.0,Football-Data.co.uk,2021-03-03,2020/21|2021-03-03|Burnley|Leicester
2020/21,03/03/2021,Crystal Palace,Man United,0,0,D,0,0,D,8,11,2,1,4,6,4,13,1,0,0,0,8.0,4.75,1.4,Football-Data.co.uk,2021-03-03,2020/21|2021-03-03|Crystal Palace|Man United
2020/21,03/03/2021,Sheffield United,Aston Villa,1,0,H,1,0,H,9,16,2,4,2,7,13,6,1,0,1,0,3.75,3.4,2.05,Football-Data.co.uk,2021-03-03,2020/21|2021-03-03|Sheffield United|Aston Villa
2020/21,04/03/2021,Fulham,Tottenham,0,1,A,0,1,A,11,9,3,2,4,1,13,9,2,1,0,0,4.0,3.6,1.9,Football-Data.co.uk,2021-03-04,2020/21|2021-03-04|Fulham|Tottenham
2020/21,04/03/2021,Liverpool,Chelsea,0,1,A,0,1,A,7,11,1,5,5,2,9,8,0,0,0,0,2.25,3.6,3.0,Football-Data.co.uk,2021-03-04,2020/21|2021-03-04|Liverpool|Chelsea
2020/21,04/03/2021,West Brom,Everton,0,1,A,0,0,D,11,11,3,3,3,3,9,7,3,1,0,0,4.33,3.6,1.83,Football-Data.co.uk,2021-03-04,2020/21|2021-03-04|West Brom|Everton
2020/21,06/03/2021,Aston Villa,Wolves,0,0,D,0,0,D,9,10,1,2,5,3,13,13,1,0,0,0,2.37,3.25,3.1,Football-Data.co.uk,2021-03-06,2020/21|2021-03-06|Aston Villa|Wolves
2020/21,06/03/2021,Brighton,Leicester,1,2,A,1,0,H,7,8,2,4,6,6,14,8,0,1,0,0,2.55,3.25,2.8,Football-Data.co.uk,2021-03-06,2020/21|2021-03-06|Brighton|Leicester
2020/21,06/03/2021,Burnley,Arsenal,1,1,D,1,1,D,9,15,5,3,2,4,5,12,1,1,0,0,5.5,4.0,1.61,Football-Data.co.uk,2021-03-06,2020/21|2021-03-06|Burnley|Arsenal
2020/21,06/03/2021,Sheffield United,Southampton,0,2,A,0,1,A,8,15,2,5,7,3,17,11,4,3,0,0,3.6,3.5,2.0,Football-Data.co.uk,2021-03-06,2020/21|2021-03-06|Sheffield United|Southampton
2020/21,07/03/2021,Liverpool,Fulham,0,1,A,0,1,A,16,10,3,3,9,4,10,8,2,3,0,0,1.36,5.0,8.5,Football-Data.co.uk,2021-03-07,2020/21|2021-03-07|Liverpool|Fulham
2020/21,07/03/2021,Man City,Man United,0,2,A,0,1,A,23,8,6,6,6,2,9,12,0,3,0,0,1.45,4.5,7.0,Football-Data.co.uk,2021-03-07,2020/21|2021-03-07|Man City|Man United
2020/21,07/03/2021,Tottenham,Crystal Palace,4,1,H,1,1,D,12,5,5,1,1,5,8,17,2,3,0,0,1.45,4.5,7.0,Football-Data.co.uk,2021-03-07,2020/21|2021-03-07|Tottenham|Crystal Palace
2020/21,07/03/2021,West Brom,Newcastle,0,0,D,0,0,D,13,9,3,5,9,7,11,10,0,0,0,0,2.37,3.2,3.1,Football-Data.co.uk,2021-03-07,2020/21|2021-03-07|West Brom|Newcastle
2020/21,08/03/2021,Chelsea,Everton,2,0,H,1,0,H,19,7,9,1,7,3,11,12,0,3,0,0,1.53,4.0,6.5,Football-Data.co.uk,2021-03-08,2020/21|2021-03-08|Chelsea|Everton
2020/21,08/03/2021,West Ham,Leeds,2,0,H,2,0,H,16,17,5,2,6,6,9,9,1,1,0,0,2.05,3.6,3.5,Football-Data.co.uk,2021-03-08,2020/21|2021-03-08|West Ham|Leeds
2020/21,10/03/2021,Man City,Southampton,5,2,H,3,1,H,17,11,10,6,5,5,6,4,1,0,0,0,1.18,7.5,15.0,Football-Data.co.uk,2021-03-10,2020/21|2021-03-10|Man City|Southampton
2020/21,12/03/2021,Newcastle,Aston Villa,1,1,D,0,0,D,12,15,3,6,2,2,10,10,2,3,0,0,3.8,3.3,2.05,Football-Data.co.uk,2021-03-12,2020/21|2021-03-12|Newcastle|Aston Villa
2020/21,13/03/2021,Crystal Palace,West Brom,1,0,H,1,0,H,6,12,4,1,3,2,16,15,3,1,0,0,2.15,3.2,3.6,Football-Data.co.uk,2021-03-13,2020/21|2021-03-13|Crystal Palace|West Brom
2020/21,13/03/2021,Everton,Burnley,1,2,A,1,2,A,14,14,4,5,7,4,9,6,0,4,0,0,1.83,3.5,4.5,Football-Data.co.uk,2021-03-13,2020/21|2021-03-13|Everton|Burnley
2020/21,13/03/2021,Fulham,Man City,0,3,A,0,0,D,3,8,0,7,4,2,14,13,0,0,0,0,10.0,5.0,1.33,Football-Data.co.uk,2021-03-13,2020/21|2021-03-13|Fulham|Man City
2020/21,13/03/2021,Leeds,Chelsea,0,0,D,0,0,D,7,15,4,8,8,5,16,6,3,0,0,0,4.75,4.0,1.7,Football-Data.co.uk,2021-03-13,2020/21|2021-03-13|Leeds|Chelsea
2020/21,14/03/2021,Arsenal,Tottenham,2,1,H,1,1,D,13,6,3,3,6,3,12,14,1,2,0,1,2.55,3.4,2.75,Football-Data.co.uk,2021-03-14,2020/21|2021-03-14|Arsenal|Tottenham
2020/21,14/03/2021,Leicester,Sheffield United,5,0,H,1,0,H,19,1,10,0,9,1,10,9,0,2,0,0,1.5,4.2,6.5,Football-Data.co.uk,2021-03-14,2020/21|2021-03-14|Leicester|Sheffield United
2020/21,14/03/2021,Man United,West Ham,1,0,H,0,0,D,15,7,4,0,6,3,12,2,4,0,0,0,1.83,3.6,4.33,Football-Data.co.uk,2021-03-14,2020/21|2021-03-14|Man United|West Ham
2020/21,14/03/2021,Southampton,Brighton,1,2,A,1,1,D,9,8,4,6,4,5,11,10,0,0,0,0,2.9,3.1,2.5,Football-Data.co.uk,2021-03-14,2020/21|2021-03-14|Southampton|Brighton
2020/21,15/03/2021,Wolves,Liverpool,0,1,A,0,1,A,10,12,5,4,3,2,17,10,2,1,0,0,4.75,3.75,1.72,Football-Data.co.uk,2021-03-15,2020/21|2021-03-15|Wolves|Liverpool
2020/21,19/03/2021,Fulham,Leeds,1,2,A,1,1,D,13,13,6,4,13,7,13,12,2,2,0,0,2.37,3.4,3.0,Football-Data.co.uk,2021-03-19,2020/21|2021-03-19|Fulham|Leeds
2020/21,20/03/2021,Brighton,Newcastle,3,0,H,1,0,H,11,3,6,1,3,1,12,5,0,1,0,0,1.66,3.5,6.0,Football-Data.co.uk,2021-03-20,2020/21|2021-03-20|Brighton|Newcastle
2020/21,21/03/2021,Aston Villa,Tottenham,0,2,A,0,1,A,8,9,1,3,5,8,18,13,3,2,0,0,2.9,3.3,2.45,Football-Data.co.uk,2021-03-21,2020/21|2021-03-21|Aston Villa|Tottenham
2020/21,21/03/2021,West Ham,Arsenal,3,3,D,3,1,H,15,16,5,7,3,5,18,8,3,1,0,0,2.8,3.5,2.45,Football-Data.co.uk,2021-03-21,2020/21|2021-03-21|West Ham|Arsenal
2020/21,03/04/2021,Arsenal,Liverpool,0,3,A,0,0,D,3,16,2,7,1,2,10,10,1,1,0,0,3.1,3.7,2.15,Football-Data.co.uk,2021-04-03,2020/21|2021-04-03|Arsenal|Liverpool
2020/21,03/04/2021,Chelsea,West Brom,2,5,A,1,2,A,18,14,8,7,10,3,11,6,1,1,1,0,1.22,6.0,15.0,Football-Data.co.uk,2021-04-03,2020/21|2021-04-03|Chelsea|West Brom
2020/21,03/04/2021,Leeds,Sheffield United,2,1,H,1,1,D,23,9,8,1,5,7,12,13,1,2,0,0,1.5,4.33,6.5,Football-Data.co.uk,2021-04-03,2020/21|2021-04-03|Leeds|Sheffield United
2020/21,03/04/2021,Leicester,Man City,0,2,A,0,0,D,5,11,2,4,1,1,13,12,2,3,0,0,6.0,4.2,1.53,Football-Data.co.uk,2021-04-03,2020/21|2021-04-03|Leicester|Man City
2020/21,04/04/2021,Aston Villa,Fulham,3,1,H,0,0,D,14,15,4,7,4,4,14,20,1,2,0,0,2.25,3.3,3.3,Football-Data.co.uk,2021-04-04,2020/21|2021-04-04|Aston Villa|Fulham
2020/21,04/04/2021,Man United,Brighton,2,1,H,0,1,A,15,5,7,3,5,6,14,7,2,2,0,0,1.61,4.0,5.5,Football-Data.co.uk,2021-04-04,2020/21|2021-04-04|Man United|Brighton
2020/21,04/04/2021,Newcastle,Tottenham,2,2,D,1,2,A,22,11,6,5,7,3,13,14,3,2,0,0,5.5,4.0,1.6,Football-Data.co.uk,2021-04-04,2020/21|2021-04-04|Newcastle|Tottenham
2020/21,04/04/2021,Southampton,Burnley,3,2,H,2,2,D,24,7,9,5,6,7,11,10,0,0,0,0,2.05,3.3,3.8,Football-Data.co.uk,2021-04-04,2020/21|2021-04-04|Southampton|Burnley
2020/21,05/04/2021,Everton,Crystal Palace,1,1,D,0,0,D,15,13,7,6,3,4,10,10,2,0,0,0,1.75,3.5,5.0,Football-Data.co.uk,2021-04-05,2020/21|2021-04-05|Everton|Crystal Palace
2020/21,05/04/2021,Wolves,West Ham,2,3,A,1,3,A,20,9,5,6,4,2,9,9,1,4,0,0,2.87,3.2,2.55,Football-Data.co.uk,2021-04-05,2020/21|2021-04-05|Wolves|West Ham
2020/21,09/04/2021,Fulham,Wolves,0,1,A,0,0,D,14,7,3,3,3,4,11,8,0,0,0,0,2.5,3.0,3.1,Football-Data.co.uk,2021-04-09,2020/21|2021-04-09|Fulham|Wolves
2020/21,10/04/2021,Crystal Palace,Chelsea,1,4,A,0,3,A,1,23,1,10,0,8,7,12,1,0,0,0,7.0,3.8,1.53,Football-Data.co.uk,2021-04-10,2020/21|2021-04-10|Crystal Palace|Chelsea
2020/21,10/04/2021,Liverpool,Aston Villa,2,1,H,0,1,A,23,9,10,5,7,0,16,11,2,4,0,0,1.5,4.33,6.5,Football-Data.co.uk,2021-04-10,2020/21|2021-04-10|Liverpool|Aston Villa
2020/21,10/04/2021,Man City,Leeds,1,2,A,0,1,A,29,2,7,2,9,3,12,15,3,1,0,1,1.28,5.75,10.0,Football-Data.co.uk,2021-04-10,2020/21|2021-04-10|Man City|Leeds
2020/21,11/04/2021,Burnley,Newcastle,1,2,A,1,0,H,24,10,4,5,13,3,11,12,1,0,0,0,2.3,3.1,3.4,Football-Data.co.uk,2021-04-11,2020/21|2021-04-11|Burnley|Newcastle
2020/21,11/04/2021,Sheffield United,Arsenal,0,3,A,0,1,A,7,14,2,5,2,4,9,6,1,1,0,0,6.5,3.75,1.57,Football-Data.co.uk,2021-04-11,2020/21|2021-04-11|Sheffield United|Arsenal
2020/21,11/04/2021,Tottenham,Man United,1,3,A,1,0,H,12,12,3,7,7,5,11,15,1,5,0,0,2.87,3.4,2.45,Football-Data.co.uk,2021-04-11,2020/21|2021-04-11|Tottenham|Man United
2020/21,11/04/2021,West Ham,Leicester,3,2,H,2,0,H,4,15,4,5,1,9,7,13,3,3,0,0,3.0,3.3,2.37,Football-Data.co.uk,2021-04-11,2020/21|2021-04-11|West Ham|Leicester
2020/21,12/04/2021,Brighton,Everton,0,0,D,0,0,D,23,8,3,1,10,3,12,7,1,2,0,0,2.25,3.3,3.3,Football-Data.co.uk,2021-04-12,2020/21|2021-04-12|Brighton|Everton
2020/21,12/04/2021,West Brom,Southampton,3,0,H,2,0,H,15,14,6,4,5,10,12,11,0,1,0,0,3.6,3.3,2.1,Football-Data.co.uk,2021-04-12,2020/21|2021-04-12|West Brom|Southampton
2020/21,16/04/2021,Everton,Tottenham,2,2,D,1,1,D,18,12,7,3,6,3,8,8,1,1,0,0,3.4,3.5,2.1,Football-Data.co.uk,2021-04-16,2020/21|2021-04-16|Everton|Tottenham
2020/21,17/04/2021,Newcastle,West Ham,3,2,H,2,0,H,16,16,8,6,3,8,9,7,2,0,0,1,3.5,3.5,2.05,Football-Data.co.uk,2021-04-17,2020/21|2021-04-17|Newcastle|West Ham
2020/21,17/04/2021,Wolves,Sheffield United,1,0,H,0,0,D,10,8,5,2,3,3,8,15,1,2,0,0,1.66,3.5,5.75,Football-Data.co.uk,2021-04-17,2020/21|2021-04-17|Wolves|Sheffield United
2020/21,18/04/2021,Arsenal,Fulham,1,1,D,0,0,D,18,3,5,1,11,1,9,11,0,3,0,0,1.7,3.8,4.8,Football-Data.co.uk,2021-04-18,2020/21|2021-04-18|Arsenal|Fulham
2020/21,18/04/2021,Man United,Burnley,3,1,H,0,0,D,17,10,9,3,8,3,9,12,1,2,0,0,1.33,5.25,9.0,Football-Data.co.uk,2021-04-18,2020/21|2021-04-18|Man United|Burnley
2020/21,19/04/2021,Leeds,Liverpool,1,1,D,0,1,A,12,17,5,7,10,8,17,15,2,1,0,0,4.5,4.33,1.66,Football-Data.co.uk,2021-04-19,2020/21|2021-04-19|Leeds|Liverpool
2020/21,20/04/2021,Chelsea,Brighton,0,0,D,0,0,D,7,11,4,2,0,3,8,9,2,0,0,1,1.57,4.0,6.0,Football-Data.co.uk,2021-04-20,2020/21|2021-04-20|Chelsea|Brighton
2020/21,21/04/2021,Aston Villa,Man City,1,2,A,1,2,A,8,13,3,3,1,11,12,7,0,1,1,1,9.0,4.75,1.36,Football-Data.co.uk,2021-04-21,2020/21|2021-04-21|Aston Villa|Man City
2020/21,21/04/2021,Tottenham,Southampton,2,1,H,0,1,A,12,10,3,5,5,5,10,14,2,1,0,0,1.75,3.8,4.5,Football-Data.co.uk,2021-04-21,2020/21|2021-04-21|Tottenham|Southampton
2020/21,22/04/2021,Leicester,West Brom,3,0,H,3,0,H,17,4,7,1,7,3,13,12,0,2,0,0,1.53,3.8,6.0,Football-Data.co.uk,2021-04-22,2020/21|2021-04-22|Leicester|West Brom
2020/21,23/04/2021,Arsenal,Everton,0,1,A,0,0,D,14,8,3,1,7,3,13,10,1,3,0,0,2.0,3.5,3.75,Football-Data.co.uk,2021-04-23,2020/21|2021-04-23|Arsenal|Everton
2020/21,24/04/2021,Liverpool,Newcastle,1,1,D,1,0,H,22,7,9,4,6,3,9,7,2,1,0,0,1.22,6.5,12.0,Football-Data.co.uk,2021-04-24,2020/21|2021-04-24|Liverpool|Newcastle
2020/21,24/04/2021,Sheffield United,Brighton,1,0,H,1,0,H,7,17,3,4,2,12,13,7,3,0,0,0,5.25,3.4,1.75,Football-Data.co.uk,2021-04-24,2020/21|2021-04-24|Sheffield United|Brighton
2020/21,24/04/2021,West Ham,Chelsea,0,1,A,0,1,A,9,17,2,6,4,2,9,11,0,4,1,0,4.75,3.6,1.75,Football-Data.co.uk,2021-04-24,2020/21|2021-04-24|West Ham|Chelsea
2020/21,25/04/2021,Aston Villa,West Brom,2,2,D,1,1,D,24,10,11,4,11,4,14,9,0,2,0,0,1.85,3.6,4.2,Football-Data.co.uk,2021-04-25,2020/21|2021-04-25|Aston Villa|West Brom
2020/21,25/04/2021,Leeds,Man United,0,0,D,0,0,D,6,16,3,4,2,6,21,11,4,1,0,0,4.0,4.2,1.75,Football-Data.co.uk,2021-04-25,2020/21|2021-04-25|Leeds|Man United
2020/21,25/04/2021,Wolves,Burnley,0,4,A,0,3,A,12,14,2,7,8,5,8,9,1,2,0,0,2.0,3.4,3.9,Football-Data.co.uk,2021-04-25,2020/21|2021-04-25|Wolves|Burnley
2020/21,26/04/2021,Leicester,Crystal Palace,2,1,H,0,1,A,13,4,5,2,7,2,13,12,0,1,0,0,1.4,4.33,8.5,Football-Data.co.uk,2021-04-26,2020/21|2021-04-26|Leicester|Crystal Palace
2020/21,30/04/2021,Southampton,Leicester,1,1,D,0,0,D,5,23,3,9,0,10,9,13,1,0,1,0,3.8,3.8,1.9,Football-Data.co.uk,2021-04-30,2020/21|2021-04-30|Southampton|Leicester
2020/21,01/05/2021,Brighton,Leeds,2,0,H,1,0,H,17,11,5,2,2,9,17,6,1,1,0,0,2.05,3.5,3.5,Football-Data.co.uk,2021-05-01,2020/21|2021-05-01|Brighton|Leeds
2020/21,01/05/2021,Chelsea,Fulham,2,0,H,1,0,H,9,10,5,3,1,8,15,8,1,1,0,0,1.44,4.4,7.5,Football-Data.co.uk,2021-05-01,2020/21|2021-05-01|Chelsea|Fulham
2020/21,01/05/2021,Crystal Palace,Man City,0,2,A,0,0,D,9,20,4,3,2,6,9,10,2,0,0,0,10.0,5.0,1.33,Football-Data.co.uk,2021-05-01,2020/21|2021-05-01|Crystal Palace|Man City
2020/21,01/05/2021,Everton,Aston Villa,1,2,A,1,1,D,16,13,3,5,3,6,10,13,0,2,0,0,1.95,3.6,3.8,Football-Data.co.uk,2021-05-01,2020/21|2021-05-01|Everton|Aston Villa
2020/21,02/05/2021,Newcastle,Arsenal,0,2,A,0,1,A,5,19,1,5,3,7,10,9,2,1,1,0,3.6,3.6,2.0,Football-Data.co.uk,2021-05-02,2020/21|2021-05-02|Newcastle|Arsenal
2020/21,02/05/2021,Tottenham,Sheffield United,4,0,H,1,0,H,20,8,11,1,6,6,8,9,1,1,0,0,1.25,6.0,12.0,Football-Data.co.uk,2021-05-02,2020/21|2021-05-02|Tottenham|Sheffield United
2020/21,03/05/2021,Burnley,West Ham,1,2,A,1,2,A,8,22,3,4,5,4,4,8,2,1,0,0,3.1,3.6,2.2,Football-Data.co.uk,2021-05-03,2020/21|2021-05-03|Burnley|West Ham
2020/21,03/05/2021,West Brom,Wolves,1,1,D,0,1,A,10,20,4,10,5,6,17,11,2,0,0,0,2.9,3.2,2.5,Football-Data.co.uk,2021-05-03,2020/21|2021-05-03|West Brom|Wolves
2020/21,07/05/2021,Leicester,Newcastle,2,4,A,0,2,A,25,14,9,6,9,6,12,9,1,1,0,0,1.4,4.75,8.0,Football-Data.co.uk,2021-05-07,2020/21|2021-05-07|Leicester|Newcastle
2020/21,08/05/2021,Leeds,Tottenham,3,1,H,2,1,H,16,11,7,3,8,6,12,10,1,2,0,0,3.4,3.8,2.0,Football-Data.co.uk,2021-05-08,2020/21|2021-05-08|Leeds|Tottenham
2020/21,08/05/2021,Liverpool,Southampton,2,0,H,1,0,H,14,12,6,6,8,4,10,6,0,1,0,0,1.25,6.0,11.0,Football-Data.co.uk,2021-05-08,2020/21|2021-05-08|Liverpool|Southampton
2020/21,08/05/2021,Man City,Chelsea,1,2,A,1,0,H,16,12,4,5,6,2,12,10,2,0,0,0,1.9,3.4,4.2,Football-Data.co.uk,2021-05-08,2020/21|2021-05-08|Man City|Chelsea
2020/21,08/05/2021,Sheffield United,Crystal Palace,0,2,A,0,1,A,7,21,0,8,5,11,11,8,1,1,0,0,3.0,3.2,2.45,Football-Data.co.uk,2021-05-08,2020/21|2021-05-08|Sheffield United|Crystal Palace
2020/21,09/05/2021,Arsenal,West Brom,3,1,H,2,0,H,15,12,7,1,6,6,7,9,1,2,0,0,1.44,4.5,7.0,Football-Data.co.uk,2021-05-09,2020/21|2021-05-09|Arsenal|West Brom
2020/21,09/05/2021,Aston Villa,Man United,1,3,A,1,0,H,11,18,5,7,5,6,13,18,1,1,1,0,4.2,3.8,1.8,Football-Data.co.uk,2021-05-09,2020/21|2021-05-09|Aston Villa|Man United
2020/21,09/05/2021,West Ham,Everton,0,1,A,0,1,A,11,9,0,3,5,6,8,10,2,1,0,0,2.2,3.5,3.2,Football-Data.co.uk,2021-05-09,2020/21|2021-05-09|West Ham|Everton
2020/21,09/05/2021,Wolves,Brighton,2,1,H,0,1,A,16,5,6,3,10,5,12,7,2,2,0,2,3.3,3.3,2.2,Football-Data.co.uk,2021-05-09,2020/21|2021-05-09|Wolves|Brighton
2020/21,10/05/2021,Fulham,Burnley,0,2,A,0,2,A,21,14,3,5,8,4,11,10,2,0,0,0,2.2,3.4,3.3,Football-Data.co.uk,2021-05-10,2020/21|2021-05-10|Fulham|Burnley
2020/21,11/05/2021,Man United,Leicester,1,2,A,1,1,D,4,12,1,3,3,4,9,12,0,0,0,0,2.5,3.4,2.8,Football-Data.co.uk,2021-05-11,2020/21|2021-05-11|Man United|Leicester
2020/21,11/05/2021,Southampton,Crystal Palace,3,1,H,1,1,D,13,11,6,4,12,8,20,13,2,3,0,0,2.05,3.6,3.5,Football-Data.co.uk,2021-05-11,2020/21|2021-05-11|Southampton|Crystal Palace
2020/21,12/05/2021,Chelsea,Arsenal,0,1,A,0,1,A,19,5,5,2,9,1,7,6,0,1,0,0,1.65,4.0,5.0,Football-Data.co.uk,2021-05-12,2020/21|2021-05-12|Chelsea|Arsenal
2020/21,13/05/2021,Aston Villa,Everton,0,0,D,0,0,D,13,15,2,5,9,1,9,12,2,0,0,0,2.7,3.4,2.6,Football-Data.co.uk,2021-05-13,2020/21|2021-05-13|Aston Villa|Everton
2020/21,13/05/2021,Man United,Liverpool,2,4,A,1,2,A,18,17,3,8,6,4,10,12,3,0,0,0,3.0,3.75,2.2,Football-Data.co.uk,2021-05-13,2020/21|2021-05-13|Man United|Liverpool
2020/21,14/05/2021,Newcastle,Man City,3,4,A,2,2,D,11,15,5,6,4,5,11,10,2,2,0,0,11.0,6.0,1.25,Football-Data.co.uk,2021-05-14,2020/21|2021-05-14|Newcastle|Man City
2020/21,15/05/2021,Brighton,West Ham,1,1,D,0,0,D,10,15,2,3,3,3,7,5,1,1,0,0,2.9,3.6,2.3,Football-Data.co.uk,2021-05-15,2020/21|2021-05-15|Brighton|West Ham
2020/21,15/05/2021,Burnley,Leeds,0,4,A,0,1,A,16,16,4,6,6,8,10,10,1,1,0,0,3.2,3.75,2.1,Football-Data.co.uk,2021-05-15,2020/21|2021-05-15|Burnley|Leeds
2020/21,15/05/2021,Southampton,Fulham,3,1,H,1,0,H,11,10,7,3,6,5,9,15,0,1,0,0,2.0,3.6,3.6,Football-Data.co.uk,2021-05-15,2020/21|2021-05-15|Southampton|Fulham
2020/21,16/05/2021,Crystal Palace,Aston Villa,3,2,H,1,2,A,23,19,8,5,7,7,23,13,3,2,0,0,3.0,3.6,2.25,Football-Data.co.uk,2021-05-16,2020/21|2021-05-16|Crystal Palace|Aston Villa
2020/21,16/05/2021,Everton,Sheffield United,0,1,A,0,1,A,16,10,6,3,11,4,8,12,1,3,0,0,1.36,4.75,8.5,Football-Data.co.uk,2021-05-16,2020/21|2021-05-16|Everton|Sheffield United
2020/21,16/05/2021,Tottenham,Wolves,2,0,H,1,0,H,24,15,13,3,10,3,8,11,1,0,0,0,1.5,4.33,6.5,Football-Data.co.uk,2021-05-16,2020/21|2021-05-16|Tottenham|Wolves
2020/21,16/05/2021,West Brom,Liverpool,1,2,A,1,1,D,10,26,3,6,9,13,7,14,0,0,0,0,12.0,6.5,1.22,Football-Data.co.uk,2021-05-16,2020/21|2021-05-16|West Brom|Liverpool
2020/21,18/05/2021,Brighton,Man City,3,2,H,0,1,A,19,8,6,4,5,3,13,11,3,3,0,1,7.0,4.5,1.45,Football-Data.co.uk,2021-05-18,2020/21|2021-05-18|Brighton|Man City
2020/21,18/05/2021,Chelsea,Leicester,2,1,H,0,0,D,17,7,6,3,6,5,15,16,2,4,0,0,1.7,3.75,5.0,Football-Data.co.uk,2021-05-18,2020/21|2021-05-18|Chelsea|Leicester
2020/21,18/05/2021,Man United,Fulham,1,1,D,1,0,H,13,8,6,5,6,1,10,15,2,3,0,0,1.28,6.0,9.0,Football-Data.co.uk,2021-05-18,2020/21|2021-05-18|Man United|Fulham
2020/21,18/05/2021,Southampton,Leeds,0,2,A,0,0,D,18,15,3,7,4,5,10,12,0,3,0,0,2.55,3.9,2.5,Football-Data.co.uk,2021-05-18,2020/21|2021-05-18|Southampton|Leeds
2020/21,19/05/2021,Burnley,Liverpool,0,3,A,0,1,A,10,20,4,3,6,7,10,7,0,0,0,0,11.0,7.0,1.22,Football-Data.co.uk,2021-05-19,2020/21|2021-05-19|Burnley|Liverpool
2020/21,19/05/2021,Crystal Palace,Arsenal,1,3,A,0,1,A,12,6,6,3,6,7,7,7,2,1,0,0,6.0,4.5,1.5,Football-Data.co.uk,2021-05-19,2020/21|2021-05-19|Crystal Palace|Arsenal
2020/21,19/05/2021,Everton,Wolves,1,0,H,0,0,D,14,9,4,3,7,12,11,11,0,2,0,0,1.85,3.6,4.2,Football-Data.co.uk,2021-05-19,2020/21|2021-05-19|Everton|Wolves
2020/21,19/05/2021,Newcastle,Sheffield United,1,0,H,1,0,H,16,11,5,1,5,2,7,7,0,2,0,0,1.72,3.8,4.75,Football-Data.co.uk,2021-05-19,2020/21|2021-05-19|Newcastle|Sheffield United
2020/21,19/05/2021,Tottenham,Aston Villa,1,2,A,1,2,A,10,20,4,4,4,5,14,13,1,1,0,0,1.5,4.5,6.0,Football-Data.co.uk,2021-05-19,2020/21|2021-05-19|Tottenham|Aston Villa
2020/21,19/05/2021,West Brom,West Ham,1,3,A,1,1,D,14,21,4,9,6,8,8,11,2,2,0,0,5.0,4.33,1.6,Football-Data.co.uk,2021-05-19,2020/21|2021-05-19|West Brom|West Ham
2020/21,23/05/2021,Arsenal,Brighton,2,0,H,0,0,D,16,5,5,1,11,3,10,8,0,0,0,0,1.57,4.33,5.25,Football-Data.co.uk,2021-05-23,2020/21|2021-05-23|Arsenal|Brighton
2020/21,23/05/2021,Aston Villa,Chelsea,2,1,H,1,0,H,6,23,3,7,2,9,11,12,3,3,0,1,6.5,4.6,1.45,Football-Data.co.uk,2021-05-23,2020/21|2021-05-23|Aston Villa|Chelsea
2020/21,23/05/2021,Fulham,Newcastle,0,2,A,0,1,A,14,10,0,4,5,4,12,6,1,0,0,0,2.05,3.8,3.3,Football-Data.co.uk,2021-05-23,2020/21|2021-05-23|Fulham|Newcastle
2020/21,23/05/2021,Leeds,West Brom,3,1,H,2,0,H,17,14,9,5,8,3,12,12,2,1,0,0,1.4,5.25,6.5,Football-Data.co.uk,2021-05-23,2020/21|2021-05-23|Leeds|West Brom
2020/21,23/05/2021,Leicester,Tottenham,2,4,A,1,1,D,10,11,6,4,8,7,9,8,0,2,0,0,2.0,4.0,3.3,Football-Data.co.uk,2021-05-23,2020/21|2021-05-23|Leicester|Tottenham
2020/21,23/05/2021,Liverpool,Crystal Palace,2,0,H,1,0,H,19,5,5,4,14,1,10,8,2,2,0,0,1.14,8.5,15.0,Football-Data.co.uk,2021-05-23,2020/21|2021-05-23|Liverpool|Crystal Palace
2020/21,23/05/2021,Man City,Everton,5,0,H,2,0,H,21,8,11,3,7,5,8,10,2,2,0,0,1.44,5.0,6.5,Football-Data.co.uk,2021-05-23,2020/21|2021-05-23|Man City|Everton
2020/21,23/05/2021,Sheffield United,Burnley,1,0,H,1,0,H,12,10,3,3,8,9,11,1,3,1,0,0,2.8,3.6,2.4,Football-Data.co.uk,2021-05-23,2020/21|2021-05-23|Sheffield United|Burnley
2020/21,23/05/2021,West Ham,Southampton,3,0,H,2,0,H,14,17,7,5,2,3,5,9,0,3,0,0,1.65,4.0,5.0,Football-Data.co.uk,2021-05-23,2020/21|2021-05-23|West Ham|Southampton
2020/21,23/05/2021,Wolves,Man United,1,2,A,1,2,A,14,9,4,4,6,2,14,3,4,1,0,0,2.5,3.5,2.7,Football-Data.co.uk,2021-05-23,2020/21|2021-05-23|Wolves|Man United
2021/22,13/08/2021,Brentford,Arsenal,2,0,H,1,0,H,8,22,3,4,2,5,12,8,0,0,0,0,4.0,3.4,1.95,Football-Data.co.uk,2021-08-13,2021/22|2021-08-13|Brentford|Arsenal
2021/22,14/08/2021,Burnley,Brighton,1,2,A,1,0,H,14,14,3,8,7,6,10,7,2,1,0,0,3.1,3.1,2.45,Football-Data.co.uk,2021-08-14,2021/22|2021-08-14|Burnley|Brighton
2021/22,14/08/2021,Chelsea,Crystal Palace,3,0,H,2,0,H,13,4,6,1,5,2,15,11,0,0,0,0,1.25,5.75,13.0,Football-Data.co.uk,2021-08-14,2021/22|2021-08-14|Chelsea|Crystal Palace
2021/22,14/08/2021,Everton,Southampton,3,1,H,0,1,A,14,6,6,3,6,8,13,15,2,0,0,0,1.9,3.5,4.0,Football-Data.co.uk,2021-08-14,2021/22|2021-08-14|Everton|Southampton
2021/22,14/08/2021,Leicester,Wolves,1,0,H,1,0,H,9,17,5,3,5,4,6,10,1,2,0,0,1.66,3.8,5.25,Football-Data.co.uk,2021-08-14,2021/22|2021-08-14|Leicester|Wolves
2021/22,14/08/2021,Man United,Leeds,5,1,H,1,0,H,16,10,8,3,5,4,11,9,1,2,0,0,1.53,4.5,5.75,Football-Data.co.uk,2021-08-14,2021/22|2021-08-14|Man United|Leeds
2021/22,14/08/2021,Norwich,Liverpool,0,3,A,0,1,A,14,19,3,8,3,11,4,14,1,1,0,0,9.0,5.75,1.3,Football-Data.co.uk,2021-08-14,2021/22|2021-08-14|Norwich|Liverpool
2021/22,14/08/2021,Watford,Aston Villa,3,2,H,2,0,H,13,11,7,2,2,4,18,13,3,1,0,0,3.1,3.2,2.37,Football-Data.co.uk,2021-08-14,2021/22|2021-08-14|Watford|Aston Villa
2021/22,15/08/2021,Newcastle,West Ham,2,4,A,2,1,H,17,8,3,9,7,6,4,3,1,0,0,0,3.2,3.5,2.2,Football-Data.co.uk,2021-08-15,2021/22|2021-08-15|Newcastle|West Ham
2021/22,15/08/2021,Tottenham,Man City,1,0,H,0,0,D,13,18,3,4,3,11,11,8,2,1,0,0,5.5,4.2,1.6,Football-Data.co.uk,2021-08-15,2021/22|2021-08-15|Tottenham|Man City
2021/22,21/08/2021,Aston Villa,Newcastle,2,0,H,1,0,H,10,9,2,1,3,4,8,18,3,4,0,0,1.8,3.75,4.33,Football-Data.co.uk,2021-08-21,2021/22|2021-08-21|Aston Villa|Newcastle
2021/22,21/08/2021,Brighton,Watford,2,0,H,2,0,H,13,10,3,1,7,2,11,6,4,0,0,0,1.7,3.5,5.75,Football-Data.co.uk,2021-08-21,2021/22|2021-08-21|Brighton|Watford
2021/22,21/08/2021,Crystal Palace,Brentford,0,0,D,0,0,D,7,14,2,3,3,5,12,9,3,1,0,0,2.55,3.2,2.87,Football-Data.co.uk,2021-08-21,2021/22|2021-08-21|Crystal Palace|Brentford
2021/22,21/08/2021,Leeds,Everton,2,2,D,1,1,D,17,17,4,8,8,5,6,13,2,4,0,0,2.37,3.4,3.0,Football-Data.co.uk,2021-08-21,2021/22|2021-08-21|Leeds|Everton
2021/22,21/08/2021,Liverpool,Burnley,2,0,H,1,0,H,27,9,9,3,8,4,6,12,0,0,0,0,1.18,7.5,13.0,Football-Data.co.uk,2021-08-21,2021/22|2021-08-21|Liverpool|Burnley
2021/22,21/08/2021,Man City,Norwich,5,0,H,2,0,H,16,1,4,0,6,1,13,7,1,0,0,0,1.08,11.0,26.0,Football-Data.co.uk,2021-08-21,2021/22|2021-08-21|Man City|Norwich
2021/22,22/08/2021,Arsenal,Chelsea,0,2,A,0,2,A,6,22,3,5,9,8,10,4,3,0,0,0,4.75,3.75,1.72,Football-Data.co.uk,2021-08-22,2021/22|2021-08-22|Arsenal|Chelsea
2021/22,22/08/2021,Southampton,Man United,1,1,D,1,0,H,8,15,3,4,7,7,12,10,2,3,0,0,5.5,4.2,1.57,Football-Data.co.uk,2021-08-22,2021/22|2021-08-22|Southampton|Man United
2021/22,22/08/2021,Wolves,Tottenham,0,1,A,0,1,A,25,8,6,6,5,4,9,7,1,4,0,0,3.2,3.2,2.35,Football-Data.co.uk,2021-08-22,2021/22|2021-08-22|Wolves|Tottenham
2021/22,23/08/2021,West Ham,Leicester,4,1,H,1,0,H,13,5,7,1,10,0,8,8,0,1,0,1,2.5,3.5,2.75,Football-Data.co.uk,2021-08-23,2021/22|2021-08-23|West Ham|Leicester
2021/22,28/08/2021,Aston Villa,Brentford,1,1,D,1,1,D,7,9,5,2,3,2,15,14,3,3,0,0,1.95,3.6,3.8,Football-Data.co.uk,2021-08-28,2021/22|2021-08-28|Aston Villa|Brentford
2021/22,28/08/2021,Brighton,Everton,0,2,A,0,1,A,14,14,3,5,4,5,7,9,1,2,0,0,2.3,3.2,3.3,Football-Data.co.uk,2021-08-28,2021/22|2021-08-28|Brighton|Everton
2021/22,28/08/2021,Liverpool,Chelsea,1,1,D,1,1,D,24,6,7,3,12,3,13,4,0,2,0,1,2.45,3.3,2.9,Football-Data.co.uk,2021-08-28,2021/22|2021-08-28|Liverpool|Chelsea
2021/22,28/08/2021,Man City,Arsenal,5,0,H,3,0,H,25,1,10,0,14,0,5,7,1,2,0,1,1.25,6.0,12.0,Football-Data.co.uk,2021-08-28,2021/22|2021-08-28|Man City|Arsenal
2021/22,28/08/2021,Newcastle,Southampton,2,2,D,0,0,D,10,22,5,6,4,4,11,6,3,3,0,0,2.5,3.4,2.8,Football-Data.co.uk,2021-08-28,2021/22|2021-08-28|Newcastle|Southampton
2021/22,28/08/2021,Norwich,Leicester,1,2,A,1,1,D,14,9,4,3,9,9,8,9,2,1,0,0,4.5,3.5,1.85,Football-Data.co.uk,2021-08-28,2021/22|2021-08-28|Norwich|Leicester
2021/22,28/08/2021,West Ham,Crystal Palace,2,2,D,1,0,H,14,9,4,2,5,3,10,7,1,0,0,0,1.55,4.0,6.5,Football-Data.co.uk,2021-08-28,2021/22|2021-08-28|West Ham|Crystal Palace
2021/22,29/08/2021,Burnley,Leeds,1,1,D,0,0,D,12,12,3,2,5,5,13,9,4,3,0,0,3.1,3.5,2.25,Football-Data.co.uk,2021-08-29,2021/22|2021-08-29|Burnley|Leeds
2021/22,29/08/2021,Tottenham,Watford,1,0,H,1,0,H,15,9,8,2,10,3,8,14,3,3,0,0,1.36,4.75,9.0,Football-Data.co.uk,2021-08-29,2021/22|2021-08-29|Tottenham|Watford
2021/22,29/08/2021,Wolves,Man United,0,1,A,0,0,D,15,10,6,3,5,7,7,9,3,4,0,0,5.0,3.5,1.75,Football-Data.co.uk,2021-08-29,2021/22|2021-08-29|Wolves|Man United
2021/22,11/09/2021,Arsenal,Norwich,1,0,H,0,0,D,30,10,7,1,8,4,9,11,1,2,0,0,1.5,4.6,6.0,Football-Data.co.uk,2021-09-11,2021/22|2021-09-11|Arsenal|Norwich
2021/22,11/09/2021,Brentford,Brighton,0,1,A,0,0,D,7,4,1,2,1,6,9,12,3,2,0,0,2.8,3.2,2.62,Football-Data.co.uk,2021-09-11,2021/22|2021-09-11|Brentford|Brighton
2021/22,11/09/2021,Chelsea,Aston Villa,3,0,H,1,0,H,12,18,4,6,4,11,11,11,1,4,0,0,1.28,5.5,11.0,Football-Data.co.uk,2021-09-11,2021/22|2021-09-11|Chelsea|Aston Villa
2021/22,11/09/2021,Crystal Palace,Tottenham,3,0,H,0,0,D,18,2,4,1,8,2,13,15,2,1,0,1,4.2,3.5,1.9,Football-Data.co.uk,2021-09-11,2021/22|2021-09-11|Crystal Palace|Tottenham
2021/22,11/09/2021,Leicester,Man City,0,1,A,0,0,D,6,25,1,8,5,8,4,11,1,2,0,0,6.0,4.0,1.57,Football-Data.co.uk,2021-09-11,2021/22|2021-09-11|Leicester|Man City
2021/22,11/09/2021,Man United,Newcastle,4,1,H,1,0,H,21,12,7,3,7,3,9,2,1,0,0,0,1.18,7.5,15.0,Football-Data.co.uk,2021-09-11,2021/22|2021-09-11|Man United|Newcastle
2021/22,11/09/2021,Southampton,West Ham,0,0,D,0,0,D,11,13,3,3,5,4,10,12,3,1,0,1,2.9,3.5,2.4,Football-Data.co.uk,2021-09-11,2021/22|2021-09-11|Southampton|West Ham
2021/22,11/09/2021,Watford,Wolves,0,2,A,0,0,D,6,14,2,5,6,8,15,13,3,3,0,0,3.4,3.2,2.25,Football-Data.co.uk,2021-09-11,2021/22|2021-09-11|Watford|Wolves
2021/22,12/09/2021,Leeds,Liverpool,0,3,A,0,1,A,9,30,4,9,2,11,9,8,2,1,1,0,4.33,4.0,1.75,Football-Data.co.uk,2021-09-12,2021/22|2021-09-12|Leeds|Liverpool
2021/22,13/09/2021,Everton,Burnley,3,1,H,0,0,D,14,11,6,6,4,6,3,6,1,1,0,0,1.7,3.75,5.0,Football-Data.co.uk,2021-09-13,2021/22|2021-09-13|Everton|Burnley
2021/22,17/09/2021,Newcastle,Leeds,1,1,D,1,1,D,17,22,7,9,4,5,9,11,2,2,0,0,3.0,3.6,2.3,Football-Data.co.uk,2021-09-17,2021/22|2021-09-17|Newcastle|Leeds
2021/22,18/09/2021,Aston Villa,Everton,3,0,H,0,0,D,15,11,3,1,5,4,7,10,1,1,0,0,2.4,3.3,3.0,Football-Data.co.uk,2021-09-18,2021/22|2021-09-18|Aston Villa|Everton
2021/22,18/09/2021,Burnley,Arsenal,0,1,A,0,1,A,18,13,3,3,8,3,9,8,2,1,0,0,3.8,3.6,1.95,Football-Data.co.uk,2021-09-18,2021/22|2021-09-18|Burnley|Arsenal
2021/22,18/09/2021,Liverpool,Crystal Palace,3,0,H,1,0,H,25,13,10,2,10,5,17,11,3,1,0,0,1.2,7.0,13.0,Football-Data.co.uk,2021-09-18,2021/22|2021-09-18|Liverpool|Crystal Palace
2021/22,18/09/2021,Man City,Southampton,0,0,D,0,0,D,18,10,1,2,8,5,5,12,0,2,0,0,1.12,9.5,17.0,Football-Data.co.uk,2021-09-18,2021/22|2021-09-18|Man City|Southampton
2021/22,18/09/2021,Norwich,Watford,1,3,A,1,1,D,12,12,5,8,4,8,10,14,1,1,0,0,2.15,3.3,3.5,Football-Data.co.uk,2021-09-18,2021/22|2021-09-18|Norwich|Watford
2021/22,18/09/2021,Wolves,Brentford,0,2,A,0,2,A,11,9,0,3,4,2,10,7,4,2,0,1,1.83,3.25,5.0,Football-Data.co.uk,2021-09-18,2021/22|2021-09-18|Wolves|Brentford
2021/22,19/09/2021,Brighton,Leicester,2,1,H,1,0,H,12,14,5,3,4,9,8,10,2,1,0,0,2.7,3.2,2.75,Football-Data.co.uk,2021-09-19,2021/22|2021-09-19|Brighton|Leicester
2021/22,19/09/2021,Tottenham,Chelsea,0,3,A,0,0,D,8,20,2,10,5,11,4,15,0,1,0,0,5.0,3.8,1.7,Football-Data.co.uk,2021-09-19,2021/22|2021-09-19|Tottenham|Chelsea
2021/22,19/09/2021,West Ham,Man United,1,2,A,1,1,D,13,17,4,10,2,11,5,8,0,0,0,0,4.33,4.0,1.75,Football-Data.co.uk,2021-09-19,2021/22|2021-09-19|West Ham|Man United
2021/22,25/09/2021,Brentford,Liverpool,3,3,D,1,1,D,12,16,4,6,2,11,8,7,1,1,0,0,7.0,4.5,1.45,Football-Data.co.uk,2021-09-25,2021/22|2021-09-25|Brentford|Liverpool
2021/22,25/09/2021,Chelsea,Man City,0,1,A,0,0,D,5,15,0,4,4,13,12,10,3,2,0,0,2.62,3.2,2.75,Football-Data.co.uk,2021-09-25,2021/22|2021-09-25|Chelsea|Man City
2021/22,25/09/2021,Everton,Norwich,2,0,H,1,0,H,11,10,4,2,6,4,12,9,2,3,0,0,1.61,3.8,5.75,Football-Data.co.uk,2021-09-25,2021/22|2021-09-25|Everton|Norwich
2021/22,25/09/2021,Leeds,West Ham,1,2,A,1,0,H,15,20,5,7,5,7,10,6,3,2,0,0,3.0,3.6,2.25,Football-Data.co.uk,2021-09-25,2021/22|2021-09-25|Leeds|West Ham
2021/22,25/09/2021,Leicester,Burnley,2,2,D,1,2,A,22,9,5,3,8,4,10,8,2,4,0,0,1.57,4.0,6.0,Football-Data.co.uk,2021-09-25,2021/22|2021-09-25|Leicester|Burnley
2021/22,25/09/2021,Man United,Aston Villa,0,1,A,0,0,D,28,7,4,3,5,5,9,13,2,2,0,0,1.36,5.25,8.0,Football-Data.co.uk,2021-09-25,2021/22|2021-09-25|Man United|Aston Villa
2021/22,25/09/2021,Watford,Newcastle,1,1,D,0,1,A,15,20,4,6,5,6,19,12,4,3,0,0,2.2,3.4,3.3,Football-Data.co.uk,2021-09-25,2021/22|2021-09-25|Watford|Newcastle
2021/22,26/09/2021,Arsenal,Tottenham,3,1,H,3,0,H,12,10,7,4,4,4,12,13,2,1,0,0,2.15,3.3,3.5,Football-Data.co.uk,2021-09-26,2021/22|2021-09-26|Arsenal|Tottenham
2021/22,26/09/2021,Southampton,Wolves,0,1,A,0,0,D,18,5,6,3,5,5,12,8,0,0,0,0,2.62,3.2,2.8,Football-Data.co.uk,2021-09-26,2021/22|2021-09-26|Southampton|Wolves
2021/22,27/09/2021,Crystal Palace,Brighton,1,1,D,1,0,H,8,8,3,4,6,5,12,10,2,3,0,0,3.1,3.2,2.45,Football-Data.co.uk,2021-09-27,2021/22|2021-09-27|Crystal Palace|Brighton
2021/22,02/10/2021,Brighton,Arsenal,0,0,D,0,0,D,21,8,2,2,8,5,8,5,2,1,0,0,3.0,3.25,2.4,Football-Data.co.uk,2021-10-02,2021/22|2021-10-02|Brighton|Arsenal
2021/22,02/10/2021,Burnley,Norwich,0,0,D,0,0,D,14,10,4,2,9,5,13,3,5,2,0,0,1.85,3.6,4.33,Football-Data.co.uk,2021-10-02,2021/22|2021-10-02|Burnley|Norwich
2021/22,02/10/2021,Chelsea,Southampton,3,1,H,1,0,H,20,6,9,2,7,2,11,13,1,3,0,1,1.36,4.75,9.0,Football-Data.co.uk,2021-10-02,2021/22|2021-10-02|Chelsea|Southampton
2021/22,02/10/2021,Leeds,Watford,1,0,H,1,0,H,20,5,4,1,6,3,10,16,0,3,0,0,1.7,4.0,4.75,Football-Data.co.uk,2021-10-02,2021/22|2021-10-02|Leeds|Watford
2021/22,02/10/2021,Man United,Everton,1,1,D,1,0,H,13,12,6,2,10,1,10,9,1,1,0,0,1.45,4.33,7.5,Football-Data.co.uk,2021-10-02,2021/22|2021-10-02|Man United|Everton
2021/22,02/10/2021,Wolves,Newcastle,2,1,H,1,1,D,7,8,3,2,0,4,15,5,0,2,0,0,1.61,4.2,5.25,Football-Data.co.uk,2021-10-02,2021/22|2021-10-02|Wolves|Newcastle
2021/22,03/10/2021,Crystal Palace,Leicester,2,2,D,0,2,A,18,9,4,5,1,3,15,11,2,3,0,0,3.1,3.4,2.3,Football-Data.co.uk,2021-10-03,2021/22|2021-10-03|Crystal Palace|Leicester
2021/22,03/10/2021,Liverpool,Man City,2,2,D,0,0,D,6,12,4,3,3,4,10,12,3,3,0,0,2.87,3.5,2.4,Football-Data.co.uk,2021-10-03,2021/22|2021-10-03|Liverpool|Man City
2021/22,03/10/2021,Tottenham,Aston Villa,2,1,H,1,0,H,17,14,8,3,5,8,11,14,2,1,0,0,2.1,3.6,3.4,Football-Data.co.uk,2021-10-03,2021/22|2021-10-03|Tottenham|Aston Villa
2021/22,03/10/2021,West Ham,Brentford,1,2,A,0,1,A,18,13,5,6,11,6,16,13,2,3,0,0,1.75,3.75,4.75,Football-Data.co.uk,2021-10-03,2021/22|2021-10-03|West Ham|Brentford
2021/22,16/10/2021,Aston Villa,Wolves,2,3,A,0,0,D,14,9,5,4,6,7,8,17,2,3,0,0,2.15,3.25,3.5,Football-Data.co.uk,2021-10-16,2021/22|2021-10-16|Aston Villa|Wolves
2021/22,16/10/2021,Brentford,Chelsea,0,1,A,0,1,A,17,5,7,1,5,5,13,8,1,1,0,0,6.5,3.8,1.57,Football-Data.co.uk,2021-10-16,2021/22|2021-10-16|Brentford|Chelsea
2021/22,16/10/2021,Leicester,Man United,4,2,H,1,1,D,22,18,11,6,4,3,5,17,0,3,0,0,3.5,3.6,2.05,Football-Data.co.uk,2021-10-16,2021/22|2021-10-16|Leicester|Man United
2021/22,16/10/2021,Man City,Burnley,2,0,H,1,0,H,15,7,6,2,6,2,11,5,1,0,0,0,1.12,9.0,19.0,Football-Data.co.uk,2021-10-16,2021/22|2021-10-16|Man City|Burnley
2021/22,16/10/2021,Norwich,Brighton,0,0,D,0,0,D,15,11,3,3,8,4,5,14,3,5,0,0,3.6,3.4,2.1,Football-Data.co.uk,2021-10-16,2021/22|2021-10-16|Norwich|Brighton
2021/22,16/10/2021,Southampton,Leeds,1,0,H,0,0,D,19,3,5,0,8,1,16,14,2,3,0,0,2.3,3.5,3.0,Football-Data.co.uk,2021-10-16,2021/22|2021-10-16|Southampton|Leeds
2021/22,16/10/2021,Watford,Liverpool,0,5,A,0,2,A,6,19,2,8,1,9,4,10,0,0,0,0,8.5,5.5,1.33,Football-Data.co.uk,2021-10-16,2021/22|2021-10-16|Watford|Liverpool
2021/22,17/10/2021,Everton,West Ham,0,1,A,0,0,D,15,16,2,4,7,9,3,3,0,2,0,0,2.5,3.4,2.8,Football-Data.co.uk,2021-10-17,2021/22|2021-10-17|Everton|West Ham
2021/22,17/10/2021,Newcastle,Tottenham,2,3,A,1,3,A,7,14,1,4,2,9,13,4,4,1,1,0,3.5,3.6,2.05,Football-Data.co.uk,2021-10-17,2021/22|2021-10-17|Newcastle|Tottenham
2021/22,18/10/2021,Arsenal,Crystal Palace,2,2,D,1,0,H,17,9,6,6,6,4,7,4,1,1,0,0,1.6,3.8,6.0,Football-Data.co.uk,2021-10-18,2021/22|2021-10-18|Arsenal|Crystal Palace
2021/22,22/10/2021,Arsenal,Aston Villa,3,1,H,2,0,H,22,10,9,4,7,4,17,10,2,5,0,0,1.83,3.75,4.2,Football-Data.co.uk,2021-10-22,2021/22|2021-10-22|Arsenal|Aston Villa
2021/22,23/10/2021,Brighton,Man City,1,4,A,0,3,A,10,23,5,14,7,6,10,6,2,3,0,0,8.0,4.75,1.4,Football-Data.co.uk,2021-10-23,2021/22|2021-10-23|Brighton|Man City
2021/22,23/10/2021,Chelsea,Norwich,7,0,H,3,0,H,23,3,13,1,5,0,14,16,0,2,0,1,1.18,7.0,15.0,Football-Data.co.uk,2021-10-23,2021/22|2021-10-23|Chelsea|Norwich
2021/22,23/10/2021,Crystal Palace,Newcastle,1,1,D,0,0,D,15,6,3,2,3,7,13,9,3,4,0,0,1.9,3.6,4.0,Football-Data.co.uk,2021-10-23,2021/22|2021-10-23|Crystal Palace|Newcastle
2021/22,23/10/2021,Everton,Watford,2,5,A,1,1,D,15,20,4,8,3,5,9,13,4,3,0,0,1.65,3.8,5.5,Football-Data.co.uk,2021-10-23,2021/22|2021-10-23|Everton|Watford
2021/22,23/10/2021,Leeds,Wolves,1,1,D,0,1,A,18,8,4,4,6,3,15,14,2,3,0,0,2.4,3.4,2.87,Football-Data.co.uk,2021-10-23,2021/22|2021-10-23|Leeds|Wolves
2021/22,23/10/2021,Southampton,Burnley,2,2,D,1,1,D,16,9,4,5,6,2,10,11,1,3,0,0,1.95,3.5,3.9,Football-Data.co.uk,2021-10-23,2021/22|2021-10-23|Southampton|Burnley
2021/22,24/10/2021,Brentford,Leicester,1,2,A,0,1,A,15,10,5,6,9,2,13,7,1,1,0,0,2.62,3.3,2.7,Football-Data.co.uk,2021-10-24,2021/22|2021-10-24|Brentford|Leicester
2021/22,24/10/2021,Man United,Liverpool,0,5,A,0,4,A,12,19,4,8,6,3,10,8,6,0,1,0,3.1,3.6,2.2,Football-Data.co.uk,2021-10-24,2021/22|2021-10-24|Man United|Liverpool
2021/22,24/10/2021,West Ham,Tottenham,1,0,H,0,0,D,13,7,4,4,2,4,11,4,2,1,0,0,2.3,3.5,3.0,Football-Data.co.uk,2021-10-24,2021/22|2021-10-24|West Ham|Tottenham
2021/22,30/10/2021,Burnley,Brentford,3,1,H,3,0,H,15,12,6,5,4,2,7,10,1,1,0,0,2.6,3.3,2.75,Football-Data.co.uk,2021-10-30,2021/22|2021-10-30|Burnley|Brentford
2021/22,30/10/2021,Leicester,Arsenal,0,2,A,0,2,A,16,9,8,5,7,6,8,11,2,0,0,0,2.4,3.5,2.87,Football-Data.co.uk,2021-10-30,2021/22|2021-10-30|Leicester|Arsenal
2021/22,30/10/2021,Liverpool,Brighton,2,2,D,2,1,H,14,9,3,6,5,3,8,5,2,2,0,0,1.22,6.5,13.0,Football-Data.co.uk,2021-10-30,2021/22|2021-10-30|Liverpool|Brighton
2021/22,30/10/2021,Man City,Crystal Palace,0,2,A,0,1,A,14,8,3,3,7,1,11,11,2,3,1,0,1.14,8.0,19.0,Football-Data.co.uk,2021-10-30,2021/22|2021-10-30|Man City|Crystal Palace
2021/22,30/10/2021,Newcastle,Chelsea,0,3,A,0,0,D,6,19,1,6,0,2,14,12,3,2,0,0,8.5,5.0,1.36,Football-Data.co.uk,2021-10-30,2021/22|2021-10-30|Newcastle|Chelsea
2021/22,30/10/2021,Tottenham,Man United,0,3,A,0,1,A,9,10,0,4,10,2,12,14,2,3,0,0,2.87,3.6,2.37,Football-Data.co.uk,2021-10-30,2021/22|2021-10-30|Tottenham|Man United
2021/22,30/10/2021,Watford,Southampton,0,1,A,0,1,A,10,12,4,1,5,8,16,6,2,2,0,0,3.2,3.3,2.3,Football-Data.co.uk,2021-10-30,2021/22|2021-10-30|Watford|Southampton
2021/22,31/10/2021,Aston Villa,West Ham,1,4,A,1,2,A,9,21,3,9,3,6,7,13,1,2,1,0,2.8,3.5,2.45,Football-Data.co.uk,2021-10-31,2021/22|2021-10-31|Aston Villa|West Ham
2021/22,31/10/2021,Norwich,Leeds,1,2,A,0,0,D,14,13,3,6,5,0,14,23,1,4,0,0,3.4,3.5,2.1,Football-Data.co.uk,2021-10-31,2021/22|2021-10-31|Norwich|Leeds
2021/22,01/11/2021,Wolves,Everton,2,1,H,2,0,H,10,14,4,5,4,3,10,8,1,1,0,0,2.2,3.2,3.5,Football-Data.co.uk,2021-11-01,2021/22|2021-11-01|Wolves|Everton
2021/22,05/11/2021,Southampton,Aston Villa,1,0,H,1,0,H,9,14,3,3,10,8,12,12,2,2,0,0,1.95,3.6,3.75,Football-Data.co.uk,2021-11-05,2021/22|2021-11-05|Southampton|Aston Villa
2021/22,06/11/2021,Brentford,Norwich,1,2,A,0,2,A,19,9,7,5,6,2,12,13,2,3,0,0,1.6,4.0,5.75,Football-Data.co.uk,2021-11-06,2021/22|2021-11-06|Brentford|Norwich
2021/22,06/11/2021,Brighton,Newcastle,1,1,D,1,0,H,14,6,5,1,2,5,16,10,3,4,1,0,1.57,3.9,6.0,Football-Data.co.uk,2021-11-06,2021/22|2021-11-06|Brighton|Newcastle
2021/22,06/11/2021,Chelsea,Burnley,1,1,D,1,0,H,25,5,4,2,14,2,6,9,1,4,0,0,1.25,6.0,12.0,Football-Data.co.uk,2021-11-06,2021/22|2021-11-06|Chelsea|Burnley
2021/22,06/11/2021,Crystal Palace,Wolves,2,0,H,0,0,D,13,4,6,2,4,6,14,13,2,1,0,0,2.45,3.2,3.0,Football-Data.co.uk,2021-11-06,2021/22|2021-11-06|Crystal Palace|Wolves
2021/22,06/11/2021,Man United,Man City,0,2,A,0,2,A,5,16,1,5,1,9,9,12,1,2,0,0,4.75,4.0,1.7,Football-Data.co.uk,2021-11-06,2021/22|2021-11-06|Man United|Man City
2021/22,07/11/2021,Arsenal,Watford,1,0,H,0,0,D,14,7,6,1,4,2,6,19,4,2,0,1,1.36,4.75,8.5,Football-Data.co.uk,2021-11-07,2021/22|2021-11-07|Arsenal|Watford
2021/22,07/11/2021,Everton,Tottenham,0,0,D,0,0,D,12,8,2,0,4,2,13,17,2,4,1,0,3.1,3.25,2.37,Football-Data.co.uk,2021-11-07,2021/22|2021-11-07|Everton|Tottenham
2021/22,07/11/2021,Leeds,Leicester,1,1,D,1,1,D,18,9,5,3,10,5,12,5,1,1,0,0,2.8,3.5,2.45,Football-Data.co.uk,2021-11-07,2021/22|2021-11-07|Leeds|Leicester
2021/22,07/11/2021,West Ham,Liverpool,3,2,H,1,1,D,7,16,3,5,3,2,11,6,1,1,0,0,4.75,4.0,1.7,Football-Data.co.uk,2021-11-07,2021/22|2021-11-07|West Ham|Liverpool
2021/22,20/11/2021,Aston Villa,Brighton,2,0,H,0,0,D,9,6,5,2,5,7,7,13,3,3,0,0,2.45,3.3,2.9,Football-Data.co.uk,2021-11-20,2021/22|2021-11-20|Aston Villa|Brighton
2021/22,20/11/2021,Burnley,Crystal Palace,3,3,D,2,3,A,15,18,9,8,3,6,14,15,2,3,0,0,2.7,3.2,2.7,Football-Data.co.uk,2021-11-20,2021/22|2021-11-20|Burnley|Crystal Palace
2021/22,20/11/2021,Leicester,Chelsea,0,3,A,0,2,A,4,16,3,7,3,5,15,8,3,1,0,0,4.75,3.75,1.75,Football-Data.co.uk,2021-11-20,2021/22|2021-11-20|Leicester|Chelsea
2021/22,20/11/2021,Liverpool,Arsenal,4,0,H,1,0,H,19,5,9,3,6,1,15,12,2,0,0,0,1.45,4.75,6.5,Football-Data.co.uk,2021-11-20,2021/22|2021-11-20|Liverpool|Arsenal
2021/22,20/11/2021,Newcastle,Brentford,3,3,D,2,2,D,23,10,9,4,8,2,13,11,2,2,0,0,2.62,3.4,2.7,Football-Data.co.uk,2021-11-20,2021/22|2021-11-20|Newcastle|Brentford
2021/22,20/11/2021,Norwich,Southampton,2,1,H,1,1,D,8,17,4,5,5,7,8,9,3,2,0,0,3.6,3.5,2.05,Football-Data.co.uk,2021-11-20,2021/22|2021-11-20|Norwich|Southampton
2021/22,20/11/2021,Watford,Man United,4,1,H,2,0,H,20,9,7,3,9,3,7,5,2,1,0,1,6.5,4.75,1.45,Football-Data.co.uk,2021-11-20,2021/22|2021-11-20|Watford|Man United
2021/22,20/11/2021,Wolves,West Ham,1,0,H,0,0,D,15,8,5,3,7,3,6,9,1,1,0,0,3.0,3.25,2.4,Football-Data.co.uk,2021-11-20,2021/22|2021-11-20|Wolves|West Ham
2021/22,21/11/2021,Man City,Everton,3,0,H,1,0,H,17,4,7,1,7,1,5,7,1,1,0,0,1.14,8.0,19.0,Football-Data.co.uk,2021-11-21,2021/22|2021-11-21|Man City|Everton
2021/22,21/11/2021,Tottenham,Leeds,2,1,H,0,1,A,13,18,4,7,4,8,11,12,1,4,0,0,1.7,4.2,4.5,Football-Data.co.uk,2021-11-21,2021/22|2021-11-21|Tottenham|Leeds
2021/22,27/11/2021,Arsenal,Newcastle,2,0,H,0,0,D,24,9,6,5,4,4,6,12,1,3,0,0,1.44,4.75,7.0,Football-Data.co.uk,2021-11-27,2021/22|2021-11-27|Arsenal|Newcastle
2021/22,27/11/2021,Brighton,Leeds,0,0,D,0,0,D,20,11,4,4,6,1,12,14,1,3,0,0,2.05,3.4,3.75,Football-Data.co.uk,2021-11-27,2021/22|2021-11-27|Brighton|Leeds
2021/22,27/11/2021,Crystal Palace,Aston Villa,1,2,A,0,1,A,8,10,3,3,7,3,12,10,3,3,0,0,2.2,3.4,3.3,Football-Data.co.uk,2021-11-27,2021/22|2021-11-27|Crystal Palace|Aston Villa
2021/22,27/11/2021,Liverpool,Southampton,4,0,H,3,0,H,20,7,6,3,5,7,7,14,0,1,0,0,1.28,6.0,9.0,Football-Data.co.uk,2021-11-27,2021/22|2021-11-27|Liverpool|Southampton
2021/22,27/11/2021,Norwich,Wolves,0,0,D,0,0,D,14,5,4,2,4,3,11,10,2,2,0,0,3.5,3.3,2.15,Football-Data.co.uk,2021-11-27,2021/22|2021-11-27|Norwich|Wolves
2021/22,28/11/2021,Brentford,Everton,1,0,H,1,0,H,6,14,4,5,3,3,8,11,4,3,0,0,2.25,3.2,3.4,Football-Data.co.uk,2021-11-28,2021/22|2021-11-28|Brentford|Everton
2021/22,28/11/2021,Chelsea,Man United,1,1,D,0,0,D,24,3,6,2,15,2,13,14,2,5,0,0,1.57,4.0,6.0,Football-Data.co.uk,2021-11-28,2021/22|2021-11-28|Chelsea|Man United
2021/22,28/11/2021,Leicester,Watford,4,2,H,3,1,H,18,16,8,5,8,6,5,19,0,0,0,0,1.61,4.0,5.5,Football-Data.co.uk,2021-11-28,2021/22|2021-11-28|Leicester|Watford
2021/22,28/11/2021,Man City,West Ham,2,1,H,1,0,H,19,5,9,3,8,4,7,6,2,0,0,0,1.28,5.75,10.0,Football-Data.co.uk,2021-11-28,2021/22|2021-11-28|Man City|West Ham
2021/22,30/11/2021,Leeds,Crystal Palace,1,0,H,0,0,D,15,9,3,1,7,4,15,15,5,3,0,0,2.4,3.3,3.0,Football-Data.co.uk,2021-11-30,2021/22|2021-11-30|Leeds|Crystal Palace
2021/22,30/11/2021,Newcastle,Norwich,1,1,D,0,0,D,9,16,1,6,2,5,8,11,0,0,0,1,1.95,3.5,3.9,Football-Data.co.uk,2021-11-30,2021/22|2021-11-30|Newcastle|Norwich
2021/22,01/12/2021,Aston Villa,Man City,1,2,A,0,2,A,9,17,3,7,4,11,8,12,0,0,0,0,9.0,5.25,1.33,Football-Data.co.uk,2021-12-01,2021/22|2021-12-01|Aston Villa|Man City
2021/22,01/12/2021,Everton,Liverpool,1,4,A,1,2,A,8,16,2,7,3,11,8,16,4,3,0,0,7.5,5.25,1.36,Football-Data.co.uk,2021-12-01,2021/22|2021-12-01|Everton|Liverpool
2021/22,01/12/2021,Southampton,Leicester,2,2,D,2,1,H,15,15,7,6,2,4,14,11,1,3,0,0,2.37,3.5,2.87,Football-Data.co.uk,2021-12-01,2021/22|2021-12-01|Southampton|Leicester
2021/22,01/12/2021,Watford,Chelsea,1,2,A,1,1,D,13,8,6,4,6,0,18,16,4,3,0,0,10.0,5.25,1.3,Football-Data.co.uk,2021-12-01,2021/22|2021-12-01|Watford|Chelsea
2021/22,01/12/2021,West Ham,Brighton,1,1,D,1,0,H,14,9,6,3,9,5,10,8,1,1,0,0,1.95,3.6,3.8,Football-Data.co.uk,2021-12-01,2021/22|2021-12-01|West Ham|Brighton
2021/22,01/12/2021,Wolves,Burnley,0,0,D,0,0,D,16,6,2,1,5,5,5,7,2,3,0,0,1.85,3.5,4.33,Football-Data.co.uk,2021-12-01,2021/22|2021-12-01|Wolves|Burnley
2021/22,02/12/2021,Man United,Arsenal,3,2,H,1,1,D,14,17,10,8,3,8,9,10,1,0,0,0,1.95,3.75,3.75,Football-Data.co.uk,2021-12-02,2021/22|2021-12-02|Man United|Arsenal
2021/22,02/12/2021,Tottenham,Brentford,2,0,H,1,0,H,11,6,6,2,11,5,13,11,0,0,0,0,1.6,4.2,5.25,Football-Data.co.uk,2021-12-02,2021/22|2021-12-02|Tottenham|Brentford
2021/22,04/12/2021,Newcastle,Burnley,1,0,H,1,0,H,19,10,4,1,10,3,11,9,1,1,0,0,2.3,3.3,3.2,Football-Data.co.uk,2021-12-04,2021/22|2021-12-04|Newcastle|Burnley
2021/22,04/12/2021,Southampton,Brighton,1,1,D,1,0,H,14,14,4,4,6,2,15,12,4,2,0,0,2.45,3.2,3.0,Football-Data.co.uk,2021-12-04,2021/22|2021-12-04|Southampton|Brighton
2021/22,04/12/2021,Watford,Man City,1,3,A,0,2,A,11,26,4,13,5,11,10,7,3,0,0,0,12.0,7.0,1.2,Football-Data.co.uk,2021-12-04,2021/22|2021-12-04|Watford|Man City
2021/22,04/12/2021,West Ham,Chelsea,3,2,H,1,2,A,11,19,5,7,1,9,10,10,1,3,0,0,4.75,3.6,1.75,Football-Data.co.uk,2021-12-04,2021/22|2021-12-04|West Ham|Chelsea
2021/22,04/12/2021,Wolves,Liverpool,0,1,A,0,0,D,3,17,1,5,2,8,4,7,2,2,0,0,8.0,4.75,1.4,Football-Data.co.uk,2021-12-04,2021/22|2021-12-04|Wolves|Liverpool
2021/22,05/12/2021,Aston Villa,Leicester,2,1,H,1,1,D,13,12,4,5,3,6,8,25,1,1,0,0,2.37,3.4,3.0,Football-Data.co.uk,2021-12-05,2021/22|2021-12-05|Aston Villa|Leicester
2021/22,05/12/2021,Leeds,Brentford,2,2,D,1,0,H,13,9,6,3,5,1,11,9,5,3,0,0,1.95,3.6,3.8,Football-Data.co.uk,2021-12-05,2021/22|2021-12-05|Leeds|Brentford
2021/22,05/12/2021,Man United,Crystal Palace,1,0,H,0,0,D,16,8,3,2,9,6,16,9,2,2,0,0,1.5,4.33,6.5,Football-Data.co.uk,2021-12-05,2021/22|2021-12-05|Man United|Crystal Palace
2021/22,05/12/2021,Tottenham,Norwich,3,0,H,1,0,H,17,10,7,1,6,4,11,4,1,2,0,0,1.36,5.0,8.5,Football-Data.co.uk,2021-12-05,2021/22|2021-12-05|Tottenham|Norwich
2021/22,06/12/2021,Everton,Arsenal,2,1,H,0,1,A,11,10,5,3,3,3,8,12,2,2,0,0,3.4,3.5,2.1,Football-Data.co.uk,2021-12-06,2021/22|2021-12-06|Everton|Arsenal
2021/22,10/12/2021,Brentford,Watford,2,1,H,0,1,A,14,6,5,2,8,2,12,18,4,0,0,0,2.25,3.3,3.3,Football-Data.co.uk,2021-12-10,2021/22|2021-12-10|Brentford|Watford
2021/22,11/12/2021,Arsenal,Southampton,3,0,H,2,0,H,15,11,5,6,9,8,5,9,2,0,0,0,1.61,4.0,5.5,Football-Data.co.uk,2021-12-11,2021/22|2021-12-11|Arsenal|Southampton
2021/22,11/12/2021,Chelsea,Leeds,3,2,H,1,1,D,16,12,6,5,5,2,9,15,2,5,0,0,1.25,5.75,12.0,Football-Data.co.uk,2021-12-11,2021/22|2021-12-11|Chelsea|Leeds
2021/22,11/12/2021,Liverpool,Aston Villa,1,0,H,0,0,D,20,4,5,0,11,3,13,6,1,2,0,0,1.2,7.0,13.0,Football-Data.co.uk,2021-12-11,2021/22|2021-12-11|Liverpool|Aston Villa
2021/22,11/12/2021,Man City,Wolves,1,0,H,0,0,D,24,2,10,1,14,1,12,5,3,2,0,1,1.14,8.0,19.0,Football-Data.co.uk,2021-12-11,2021/22|2021-12-11|Man City|Wolves
2021/22,11/12/2021,Norwich,Man United,0,1,A,0,0,D,11,13,5,5,8,6,6,17,1,1,0,0,7.0,4.5,1.45,Football-Data.co.uk,2021-12-11,2021/22|2021-12-11|Norwich|Man United
2021/22,12/12/2021,Burnley,West Ham,0,0,D,0,0,D,9,16,1,3,6,4,13,11,2,1,0,0,3.6,3.6,2.0,Football-Data.co.uk,2021-12-12,2021/22|2021-12-12|Burnley|West Ham
2021/22,12/12/2021,Crystal Palace,Everton,3,1,H,1,0,H,17,12,6,6,8,2,15,14,0,2,0,0,2.3,3.2,3.3,Football-Data.co.uk,2021-12-12,2021/22|2021-12-12|Crystal Palace|Everton
2021/22,12/12/2021,Leicester,Newcastle,4,0,H,1,0,H,8,12,5,3,4,6,9,16,2,3,0,0,1.66,4.1,4.75,Football-Data.co.uk,2021-12-12,2021/22|2021-12-12|Leicester|Newcastle
2021/22,14/12/2021,Man City,Leeds,7,0,H,3,0,H,31,6,15,3,6,2,5,9,1,1,0,0,1.14,8.5,15.0,Football-Data.co.uk,2021-12-14,2021/22|2021-12-14|Man City|Leeds
2021/22,14/12/2021,Norwich,Aston Villa,0,2,A,0,1,A,7,17,3,6,7,10,12,9,3,1,0,0,3.3,3.3,2.25,Football-Data.co.uk,2021-12-14,2021/22|2021-12-14|Norwich|Aston Villa
2021/22,15/12/2021,Arsenal,West Ham,2,0,H,0,0,D,21,7,8,1,5,2,8,9,2,0,0,1,2.1,3.6,3.3,Football-Data.co.uk,2021-12-15,2021/22|2021-12-15|Arsenal|West Ham
2021/22,15/12/2021,Brighton,Wolves,0,1,A,0,1,A,12,8,2,5,7,4,11,14,2,0,0,0,2.25,3.1,3.5,Football-Data.co.uk,2021-12-15,2021/22|2021-12-15|Brighton|Wolves
2021/22,15/12/2021,Crystal Palace,Southampton,2,2,D,1,2,A,9,15,6,4,4,6,16,20,2,4,0,0,2.15,3.3,3.5,Football-Data.co.uk,2021-12-15,2021/22|2021-12-15|Crystal Palace|Southampton
2021/22,16/12/2021,Chelsea,Everton,1,1,D,0,0,D,23,5,10,3,7,1,11,11,2,3,0,0,1.22,6.5,13.0,Football-Data.co.uk,2021-12-16,2021/22|2021-12-16|Chelsea|Everton
2021/22,16/12/2021,Liverpool,Newcastle,3,1,H,2,1,H,23,4,8,2,11,0,9,4,1,3,0,0,1.12,9.0,19.0,Football-Data.co.uk,2021-12-16,2021/22|2021-12-16|Liverpool|Newcastle
2021/22,18/12/2021,Leeds,Arsenal,1,4,A,0,3,A,9,21,2,12,1,4,11,7,3,1,0,0,3.9,3.8,1.83,Football-Data.co.uk,2021-12-18,2021/22|2021-12-18|Leeds|Arsenal
2021/22,19/12/2021,Newcastle,Man City,0,4,A,0,2,A,5,18,1,7,3,6,9,6,1,2,0,0,13.0,7.5,1.18,Football-Data.co.uk,2021-12-19,2021/22|2021-12-19|Newcastle|Man City
2021/22,19/12/2021,Tottenham,Liverpool,2,2,D,1,1,D,10,18,5,6,6,4,12,11,4,4,0,1,5.25,4.75,1.53,Football-Data.co.uk,2021-12-19,2021/22|2021-12-19|Tottenham|Liverpool
2021/22,19/12/2021,Wolves,Chelsea,0,0,D,0,0,D,4,8,1,1,4,9,9,7,0,2,0,0,7.0,4.2,1.5,Football-Data.co.uk,2021-12-19,2021/22|2021-12-19|Wolves|Chelsea
2021/22,26/12/2021,Aston Villa,Chelsea,1,3,A,1,1,D,8,10,1,4,2,5,8,11,3,1,0,0,5.25,3.8,1.65,Football-Data.co.uk,2021-12-26,2021/22|2021-12-26|Aston Villa|Chelsea
2021/22,26/12/2021,Brighton,Brentford,2,0,H,2,0,H,15,16,5,6,6,9,8,10,1,3,0,0,1.9,3.4,4.2,Football-Data.co.uk,2021-12-26,2021/22|2021-12-26|Brighton|Brentford
2021/22,26/12/2021,Man City,Leicester,6,3,H,4,0,H,17,14,9,8,14,4,11,9,1,2,0,0,1.18,7.5,13.0,Football-Data.co.uk,2021-12-26,2021/22|2021-12-26|Man City|Leicester
2021/22,26/12/2021,Norwich,Arsenal,0,5,A,0,2,A,4,16,2,6,3,5,13,7,1,2,0,0,8.0,4.75,1.4,Football-Data.co.uk,2021-12-26,2021/22|2021-12-26|Norwich|Arsenal
2021/22,26/12/2021,Tottenham,Crystal Palace,3,0,H,2,0,H,17,4,6,0,4,2,16,10,1,1,0,1,1.72,3.8,4.75,Football-Data.co.uk,2021-12-26,2021/22|2021-12-26|Tottenham|Crystal Palace
2021/22,26/12/2021,West Ham,Southampton,2,3,A,0,1,A,11,11,5,6,10,2,10,9,2,3,0,0,1.8,3.9,4.2,Football-Data.co.uk,2021-12-26,2021/22|2021-12-26|West Ham|Southampton
2021/22,27/12/2021,Newcastle,Man United,1,1,D,1,0,H,13,13,8,4,2,4,11,8,3,3,0,0,6.5,4.75,1.44,Football-Data.co.uk,2021-12-27,2021/22|2021-12-27|Newcastle|Man United
2021/22,28/12/2021,Crystal Palace,Norwich,3,0,H,3,0,H,19,12,6,3,8,8,9,13,1,2,0,0,1.65,3.75,5.5,Football-Data.co.uk,2021-12-28,2021/22|2021-12-28|Crystal Palace|Norwich
2021/22,28/12/2021,Leicester,Liverpool,1,0,H,0,0,D,6,21,1,4,1,12,8,11,0,1,0,0,8.0,5.5,1.33,Football-Data.co.uk,2021-12-28,2021/22|2021-12-28|Leicester|Liverpool
2021/22,28/12/2021,Southampton,Tottenham,1,1,D,1,1,D,9,21,2,11,3,7,15,5,2,2,1,0,3.75,3.5,2.0,Football-Data.co.uk,2021-12-28,2021/22|2021-12-28|Southampton|Tottenham
2021/22,28/12/2021,Watford,West Ham,1,4,A,1,2,A,14,13,5,6,4,5,12,12,0,1,0,0,3.4,3.6,2.1,Football-Data.co.uk,2021-12-28,2021/22|2021-12-28|Watford|West Ham
2021/22,29/12/2021,Brentford,Man City,0,1,A,0,1,A,6,12,2,3,3,5,12,10,0,0,0,0,19.0,8.0,1.14,Football-Data.co.uk,2021-12-29,2021/22|2021-12-29|Brentford|Man City
2021/22,29/12/2021,Chelsea,Brighton,1,1,D,1,0,H,11,18,5,6,10,8,14,7,4,1,0,0,1.4,4.5,7.5,Football-Data.co.uk,2021-12-29,2021/22|2021-12-29|Chelsea|Brighton
2021/22,30/12/2021,Man United,Burnley,3,1,H,3,1,H,18,10,6,3,7,5,5,10,0,0,0,0,1.36,5.0,9.0,Football-Data.co.uk,2021-12-30,2021/22|2021-12-30|Man United|Burnley
2021/22,01/01/2022,Arsenal,Man City,1,2,A,1,0,H,7,15,2,2,5,5,13,5,3,2,1,0,5.75,4.75,1.5,Football-Data.co.uk,2022-01-01,2021/22|2022-01-01|Arsenal|Man City
2021/22,01/01/2022,Crystal Palace,West Ham,2,3,A,0,3,A,22,10,6,5,9,1,6,16,0,2,0,0,3.1,3.4,2.3,Football-Data.co.uk,2022-01-01,2021/22|2022-01-01|Crystal Palace|West Ham
2021/22,01/01/2022,Watford,Tottenham,0,1,A,0,0,D,6,21,4,9,3,7,6,9,0,1,0,0,5.0,4.2,1.61,Football-Data.co.uk,2022-01-01,2021/22|2022-01-01|Watford|Tottenham
2021/22,02/01/2022,Brentford,Aston Villa,2,1,H,1,1,D,10,16,4,5,3,7,17,11,2,2,0,0,3.0,3.3,2.4,Football-Data.co.uk,2022-01-02,2021/22|2022-01-02|Brentford|Aston Villa
2021/22,02/01/2022,Chelsea,Liverpool,2,2,D,2,2,D,15,10,6,6,6,7,5,13,1,2,0,0,3.1,3.5,2.25,Football-Data.co.uk,2022-01-02,2021/22|2022-01-02|Chelsea|Liverpool
2021/22,02/01/2022,Everton,Brighton,2,3,A,0,2,A,17,12,6,5,8,5,5,12,1,1,0,0,2.75,3.2,2.62,Football-Data.co.uk,2022-01-02,2021/22|2022-01-02|Everton|Brighton
2021/22,02/01/2022,Leeds,Burnley,3,1,H,1,0,H,22,8,7,2,9,3,11,7,2,1,0,0,2.05,3.5,3.5,Football-Data.co.uk,2022-01-02,2021/22|2022-01-02|Leeds|Burnley
2021/22,03/01/2022,Man United,Wolves,0,1,A,0,0,D,9,19,2,6,3,8,9,8,3,1,0,0,1.53,4.33,6.0,Football-Data.co.uk,2022-01-03,2021/22|2022-01-03|Man United|Wolves
2021/22,11/01/2022,Southampton,Brentford,4,1,H,2,1,H,12,5,6,4,5,2,9,8,0,1,0,0,2.05,3.4,3.6,Football-Data.co.uk,2022-01-11,2021/22|2022-01-11|Southampton|Brentford
2021/22,12/01/2022,West Ham,Norwich,2,0,H,1,0,H,13,7,5,3,11,2,9,8,0,0,0,0,1.28,5.5,10.0,Football-Data.co.uk,2022-01-12,2021/22|2022-01-12|West Ham|Norwich
2021/22,14/01/2022,Brighton,Crystal Palace,1,1,D,0,0,D,19,3,4,1,9,0,11,7,0,2,0,0,2.05,3.3,3.8,Football-Data.co.uk,2022-01-14,2021/22|2022-01-14|Brighton|Crystal Palace
2021/22,15/01/2022,Aston Villa,Man United,2,2,D,0,1,A,13,13,9,6,3,6,8,13,1,2,0,0,2.87,3.5,2.4,Football-Data.co.uk,2022-01-15,2021/22|2022-01-15|Aston Villa|Man United
2021/22,15/01/2022,Man City,Chelsea,1,0,H,0,0,D,11,4,6,1,9,1,11,6,0,2,0,0,1.65,4.0,5.0,Football-Data.co.uk,2022-01-15,2021/22|2022-01-15|Man City|Chelsea
2021/22,15/01/2022,Newcastle,Watford,1,1,D,0,0,D,12,18,1,5,4,6,13,13,3,2,0,0,2.0,3.6,3.6,Football-Data.co.uk,2022-01-15,2021/22|2022-01-15|Newcastle|Watford
2021/22,15/01/2022,Norwich,Everton,2,1,H,2,0,H,14,12,3,5,8,8,12,14,3,1,0,0,3.75,3.5,2.0,Football-Data.co.uk,2022-01-15,2021/22|2022-01-15|Norwich|Everton
2021/22,15/01/2022,Wolves,Southampton,3,1,H,1,0,H,9,13,5,10,2,10,13,14,2,3,0,0,2.25,3.2,3.4,Football-Data.co.uk,2022-01-15,2021/22|2022-01-15|Wolves|Southampton
2021/22,16/01/2022,Liverpool,Brentford,3,0,H,1,0,H,27,6,13,1,9,0,6,6,0,1,0,0,1.3,5.5,10.0,Football-Data.co.uk,2022-01-16,2021/22|2022-01-16|Liverpool|Brentford
2021/22,16/01/2022,West Ham,Leeds,2,3,A,1,2,A,15,18,5,5,4,3,6,9,3,2,0,0,1.61,4.2,5.0,Football-Data.co.uk,2022-01-16,2021/22|2022-01-16|West Ham|Leeds
2021/22,18/01/2022,Brighton,Chelsea,1,1,D,0,1,A,10,15,2,3,5,7,8,5,1,2,0,0,4.75,3.75,1.72,Football-Data.co.uk,2022-01-18,2021/22|2022-01-18|Brighton|Chelsea
2021/22,19/01/2022,Brentford,Man United,1,3,A,0,0,D,18,13,8,5,6,9,7,9,0,0,0,0,4.5,3.7,1.8,Football-Data.co.uk,2022-01-19,2021/22|2022-01-19|Brentford|Man United
2021/22,19/01/2022,Leicester,Tottenham,2,3,A,1,1,D,14,27,4,10,3,8,6,12,1,2,0,0,3.0,3.5,2.3,Football-Data.co.uk,2022-01-19,2021/22|2022-01-19|Leicester|Tottenham
2021/22,21/01/2022,Watford,Norwich,0,3,A,0,0,D,15,7,4,2,5,1,16,11,0,1,1,0,2.0,3.5,3.75,Football-Data.co.uk,2022-01-21,2021/22|2022-01-21|Watford|Norwich
2021/22,22/01/2022,Brentford,Wolves,1,2,A,0,0,D,11,7,1,2,6,3,6,7,2,3,0,0,3.2,2.8,2.6,Football-Data.co.uk,2022-01-22,2021/22|2022-01-22|Brentford|Wolves
2021/22,22/01/2022,Everton,Aston Villa,0,1,A,0,1,A,15,8,1,3,9,2,14,16,5,3,0,0,2.75,3.25,2.62,Football-Data.co.uk,2022-01-22,2021/22|2022-01-22|Everton|Aston Villa
2021/22,22/01/2022,Leeds,Newcastle,0,1,A,0,0,D,13,15,4,3,6,7,9,9,4,2,0,0,2.0,3.5,3.75,Football-Data.co.uk,2022-01-22,2021/22|2022-01-22|Leeds|Newcastle
2021/22,22/01/2022,Man United,West Ham,1,0,H,0,0,D,18,6,3,1,3,3,9,8,1,1,0,0,1.85,3.8,4.0,Football-Data.co.uk,2022-01-22,2021/22|2022-01-22|Man United|West Ham
2021/22,22/01/2022,Southampton,Man City,1,1,D,1,0,H,7,20,3,5,2,11,13,5,3,0,0,0,10.0,6.5,1.25,Football-Data.co.uk,2022-01-22,2021/22|2022-01-22|Southampton|Man City
2021/22,23/01/2022,Arsenal,Burnley,0,0,D,0,0,D,20,10,5,1,12,4,9,13,0,2,0,0,1.36,4.75,9.0,Football-Data.co.uk,2022-01-23,2021/22|2022-01-23|Arsenal|Burnley
2021/22,23/01/2022,Chelsea,Tottenham,2,0,H,0,0,D,15,6,7,3,10,3,17,14,2,1,0,0,1.61,4.2,5.0,Football-Data.co.uk,2022-01-23,2021/22|2022-01-23|Chelsea|Tottenham
2021/22,23/01/2022,Crystal Palace,Liverpool,1,3,A,0,2,A,8,15,5,7,2,5,12,10,4,1,0,0,6.0,4.2,1.53,Football-Data.co.uk,2022-01-23,2021/22|2022-01-23|Crystal Palace|Liverpool
2021/22,23/01/2022,Leicester,Brighton,1,1,D,0,0,D,15,14,5,5,4,5,6,8,0,1,0,0,2.5,3.25,2.9,Football-Data.co.uk,2022-01-23,2021/22|2022-01-23|Leicester|Brighton
2021/22,05/02/2022,Burnley,Watford,0,0,D,0,0,D,13,11,2,5,4,7,16,9,1,2,0,0,2.2,3.25,3.5,Football-Data.co.uk,2022-02-05,2021/22|2022-02-05|Burnley|Watford
2021/22,08/02/2022,Burnley,Man United,1,1,D,0,1,A,9,22,3,5,2,10,11,10,2,1,0,0,5.5,4.0,1.61,Football-Data.co.uk,2022-02-08,2021/22|2022-02-08|Burnley|Man United
2021/22,08/02/2022,Newcastle,Everton,3,1,H,1,1,D,20,11,9,3,6,2,13,13,2,3,0,0,2.5,3.25,2.87,Football-Data.co.uk,2022-02-08,2021/22|2022-02-08|Newcastle|Everton
2021/22,08/02/2022,West Ham,Watford,1,0,H,0,0,D,9,6,3,1,5,6,1,6,1,0,0,0,1.55,4.2,5.75,Football-Data.co.uk,2022-02-08,2021/22|2022-02-08|West Ham|Watford
2021/22,09/02/2022,Aston Villa,Leeds,3,3,D,3,2,H,12,16,4,8,6,11,11,9,1,3,1,0,1.8,3.8,4.2,Football-Data.co.uk,2022-02-09,2021/22|2022-02-09|Aston Villa|Leeds
2021/22,09/02/2022,Man City,Brentford,2,0,H,1,0,H,15,6,7,2,9,3,7,13,0,0,0,0,1.1,9.5,23.0,Football-Data.co.uk,2022-02-09,2021/22|2022-02-09|Man City|Brentford
2021/22,09/02/2022,Norwich,Crystal Palace,1,1,D,1,0,H,5,13,1,5,4,6,11,15,1,2,0,0,3.5,3.25,2.15,Football-Data.co.uk,2022-02-09,2021/22|2022-02-09|Norwich|Crystal Palace
2021/22,09/02/2022,Tottenham,Southampton,2,3,A,1,1,D,8,23,3,10,2,8,7,13,2,3,0,0,1.6,4.0,5.5,Football-Data.co.uk,2022-02-09,2021/22|2022-02-09|Tottenham|Southampton
2021/22,10/02/2022,Liverpool,Leicester,2,0,H,1,0,H,22,5,11,1,7,6,11,7,1,0,0,0,1.25,6.5,10.0,Football-Data.co.uk,2022-02-10,2021/22|2022-02-10|Liverpool|Leicester
2021/22,10/02/2022,Wolves,Arsenal,0,1,A,0,1,A,15,12,4,2,7,4,12,13,2,3,0,1,3.5,3.2,2.2,Football-Data.co.uk,2022-02-10,2021/22|2022-02-10|Wolves|Arsenal
2021/22,12/02/2022,Brentford,Crystal Palace,0,0,D,0,0,D,9,6,2,3,3,9,10,10,1,0,0,0,2.55,3.1,3.0,Football-Data.co.uk,2022-02-12,2021/22|2022-02-12|Brentford|Crystal Palace
2021/22,12/02/2022,Everton,Leeds,3,0,H,2,0,H,21,7,10,0,5,3,8,9,1,1,0,0,2.25,3.5,3.0,Football-Data.co.uk,2022-02-12,2021/22|2022-02-12|Everton|Leeds
2021/22,12/02/2022,Man United,Southampton,1,1,D,1,0,H,12,13,8,4,1,4,12,13,4,0,0,0,1.6,4.0,5.5,Football-Data.co.uk,2022-02-12,2021/22|2022-02-12|Man United|Southampton
2021/22,12/02/2022,Norwich,Man City,0,4,A,0,1,A,8,22,3,9,4,12,7,8,0,2,0,0,15.0,8.0,1.16,Football-Data.co.uk,2022-02-12,2021/22|2022-02-12|Norwich|Man City
2021/22,12/02/2022,Watford,Brighton,0,2,A,0,1,A,9,11,1,6,4,5,16,9,3,2,0,0,3.5,3.3,2.05,Football-Data.co.uk,2022-02-12,2021/22|2022-02-12|Watford|Brighton
2021/22,13/02/2022,Burnley,Liverpool,0,1,A,0,1,A,8,12,5,4,5,8,7,6,0,1,0,0,10.0,5.25,1.28,Football-Data.co.uk,2022-02-13,2021/22|2022-02-13|Burnley|Liverpool
2021/22,13/02/2022,Leicester,West Ham,2,2,D,1,1,D,13,8,2,3,5,4,10,9,1,2,0,0,2.9,3.5,2.3,Football-Data.co.uk,2022-02-13,2021/22|2022-02-13|Leicester|West Ham
2021/22,13/02/2022,Newcastle,Aston Villa,1,0,H,1,0,H,10,11,2,1,3,6,22,15,3,4,0,0,2.7,3.3,2.62,Football-Data.co.uk,2022-02-13,2021/22|2022-02-13|Newcastle|Aston Villa
2021/22,13/02/2022,Tottenham,Wolves,0,2,A,0,2,A,17,11,7,7,7,3,13,13,3,1,0,0,1.7,3.6,5.5,Football-Data.co.uk,2022-02-13,2021/22|2022-02-13|Tottenham|Wolves
2021/22,15/02/2022,Man United,Brighton,2,0,H,0,0,D,19,10,7,3,10,2,8,10,3,1,0,1,1.72,3.75,4.75,Football-Data.co.uk,2022-02-15,2021/22|2022-02-15|Man United|Brighton
2021/22,19/02/2022,Arsenal,Brentford,2,1,H,0,0,D,24,6,8,2,14,0,10,5,1,1,0,0,1.44,4.2,8.0,Football-Data.co.uk,2022-02-19,2021/22|2022-02-19|Arsenal|Brentford
2021/22,19/02/2022,Aston Villa,Watford,0,1,A,0,0,D,20,8,1,4,10,5,12,7,1,2,0,0,1.65,3.6,5.75,Football-Data.co.uk,2022-02-19,2021/22|2022-02-19|Aston Villa|Watford
2021/22,19/02/2022,Brighton,Burnley,0,3,A,0,2,A,11,10,1,4,4,4,12,12,1,4,0,0,1.66,3.5,6.0,Football-Data.co.uk,2022-02-19,2021/22|2022-02-19|Brighton|Burnley
2021/22,19/02/2022,Crystal Palace,Chelsea,0,1,A,0,0,D,7,9,0,3,4,4,4,20,1,3,0,0,5.5,3.8,1.65,Football-Data.co.uk,2022-02-19,2021/22|2022-02-19|Crystal Palace|Chelsea
2021/22,19/02/2022,Liverpool,Norwich,3,1,H,0,0,D,29,6,8,1,9,4,7,8,0,1,0,0,1.1,9.0,23.0,Football-Data.co.uk,2022-02-19,2021/22|2022-02-19|Liverpool|Norwich
2021/22,19/02/2022,Man City,Tottenham,2,3,A,1,1,D,21,6,4,5,10,0,5,7,0,3,0,0,1.28,6.0,10.0,Football-Data.co.uk,2022-02-19,2021/22|2022-02-19|Man City|Tottenham
2021/22,19/02/2022,Southampton,Everton,2,0,H,0,0,D,19,9,11,0,4,4,6,9,0,2,0,0,2.1,3.5,3.5,Football-Data.co.uk,2022-02-19,2021/22|2022-02-19|Southampton|Everton
2021/22,19/02/2022,West Ham,Newcastle,1,1,D,1,1,D,11,14,3,3,3,7,3,7,3,3,0,0,1.7,4.0,4.75,Football-Data.co.uk,2022-02-19,2021/22|2022-02-19|West Ham|Newcastle
2021/22,20/02/2022,Leeds,Man United,2,4,A,0,2,A,16,15,6,9,3,3,13,19,6,3,0,0,3.9,3.8,1.85,Football-Data.co.uk,2022-02-20,2021/22|2022-02-20|Leeds|Man United
2021/22,20/02/2022,Wolves,Leicester,2,1,H,1,1,D,11,17,3,7,7,10,12,9,4,4,0,0,2.25,3.3,3.25,Football-Data.co.uk,2022-02-20,2021/22|2022-02-20|Wolves|Leicester
2021/22,23/02/2022,Burnley,Tottenham,1,0,H,0,0,D,15,12,4,2,3,7,8,8,0,0,0,0,4.6,3.8,1.75,Football-Data.co.uk,2022-02-23,2021/22|2022-02-23|Burnley|Tottenham
2021/22,23/02/2022,Liverpool,Leeds,6,0,H,3,0,H,23,3,15,2,4,0,5,11,0,3,0,0,1.16,8.0,15.0,Football-Data.co.uk,2022-02-23,2021/22|2022-02-23|Liverpool|Leeds
2021/22,23/02/2022,Watford,Crystal Palace,1,4,A,1,2,A,8,7,1,5,6,4,12,9,2,1,0,0,3.1,3.3,2.3,Football-Data.co.uk,2022-02-23,2021/22|2022-02-23|Watford|Crystal Palace
2021/22,24/02/2022,Arsenal,Wolves,2,1,H,0,1,A,26,6,5,2,5,4,8,9,1,1,0,0,1.65,3.8,5.5,Football-Data.co.uk,2022-02-24,2021/22|2022-02-24|Arsenal|Wolves
2021/22,25/02/2022,Southampton,Norwich,2,0,H,1,0,H,27,8,9,1,13,6,12,9,1,2,0,0,1.53,4.33,6.0,Football-Data.co.uk,2022-02-25,2021/22|2022-02-25|Southampton|Norwich
2021/22,26/02/2022,Brentford,Newcastle,0,2,A,0,2,A,6,26,1,11,6,6,9,7,3,1,1,0,2.5,3.2,3.0,Football-Data.co.uk,2022-02-26,2021/22|2022-02-26|Brentford|Newcastle
2021/22,26/02/2022,Brighton,Aston Villa,0,2,A,0,1,A,12,9,1,4,7,2,17,11,4,5,0,0,2.2,3.3,3.5,Football-Data.co.uk,2022-02-26,2021/22|2022-02-26|Brighton|Aston Villa
2021/22,26/02/2022,Crystal Palace,Burnley,1,1,D,1,0,H,11,5,4,1,5,4,5,17,0,2,0,0,1.9,3.6,4.0,Football-Data.co.uk,2022-02-26,2021/22|2022-02-26|Crystal Palace|Burnley
2021/22,26/02/2022,Everton,Man City,0,1,A,0,0,D,6,13,2,8,3,4,7,14,3,2,0,0,10.0,5.75,1.28,Football-Data.co.uk,2022-02-26,2021/22|2022-02-26|Everton|Man City
2021/22,26/02/2022,Leeds,Tottenham,0,4,A,0,3,A,19,15,3,11,3,6,16,11,4,2,0,0,4.2,3.6,1.85,Football-Data.co.uk,2022-02-26,2021/22|2022-02-26|Leeds|Tottenham
2021/22,26/02/2022,Man United,Watford,0,0,D,0,0,D,22,10,3,2,4,3,2,7,0,0,0,0,1.3,5.5,9.5,Football-Data.co.uk,2022-02-26,2021/22|2022-02-26|Man United|Watford
2021/22,27/02/2022,West Ham,Wolves,1,0,H,0,0,D,13,14,4,1,3,5,8,2,1,0,0,0,2.05,3.3,3.8,Football-Data.co.uk,2022-02-27,2021/22|2022-02-27|West Ham|Wolves
2021/22,01/03/2022,Burnley,Leicester,0,2,A,0,0,D,9,22,2,6,6,8,10,13,1,1,0,0,2.9,3.4,2.4,Football-Data.co.uk,2022-03-01,2021/22|2022-03-01|Burnley|Leicester
2021/22,05/03/2022,Aston Villa,Southampton,4,0,H,2,0,H,14,11,9,1,4,7,10,8,1,1,0,0,2.3,3.5,3.0,Football-Data.co.uk,2022-03-05,2021/22|2022-03-05|Aston Villa|Southampton
2021/22,05/03/2022,Burnley,Chelsea,0,4,A,0,0,D,6,11,1,5,5,2,12,7,2,0,0,0,6.5,4.33,1.5,Football-Data.co.uk,2022-03-05,2021/22|2022-03-05|Burnley|Chelsea
2021/22,05/03/2022,Leicester,Leeds,1,0,H,0,0,D,7,19,4,4,5,10,9,12,1,2,0,0,1.75,4.0,4.2,Football-Data.co.uk,2022-03-05,2021/22|2022-03-05|Leicester|Leeds
2021/22,05/03/2022,Liverpool,West Ham,1,0,H,1,0,H,22,13,5,5,4,6,7,7,2,1,0,0,1.28,5.75,9.5,Football-Data.co.uk,2022-03-05,2021/22|2022-03-05|Liverpool|West Ham
2021/22,05/03/2022,Newcastle,Brighton,2,1,H,2,0,H,10,15,4,4,4,7,8,10,1,1,0,0,2.75,3.2,2.62,Football-Data.co.uk,2022-03-05,2021/22|2022-03-05|Newcastle|Brighton
2021/22,05/03/2022,Norwich,Brentford,1,3,A,0,1,A,15,10,7,6,5,5,13,18,2,5,0,0,2.9,3.1,2.5,Football-Data.co.uk,2022-03-05,2021/22|2022-03-05|Norwich|Brentford
2021/22,05/03/2022,Wolves,Crystal Palace,0,2,A,0,2,A,12,12,5,8,7,7,13,8,0,3,0,0,2.3,3.1,3.4,Football-Data.co.uk,2022-03-05,2021/22|2022-03-05|Wolves|Crystal Palace
2021/22,06/03/2022,Man City,Man United,4,1,H,2,1,H,24,5,10,2,9,3,10,14,0,1,0,0,1.4,4.75,7.5,Football-Data.co.uk,2022-03-06,2021/22|2022-03-06|Man City|Man United
2021/22,06/03/2022,Watford,Arsenal,2,3,A,1,2,A,13,16,7,4,1,5,5,11,1,2,0,0,6.0,4.0,1.57,Football-Data.co.uk,2022-03-06,2021/22|2022-03-06|Watford|Arsenal
2021/22,07/03/2022,Tottenham,Everton,5,0,H,3,0,H,14,6,7,0,5,2,15,10,2,0,0,0,1.57,3.8,5.75,Football-Data.co.uk,2022-03-07,2021/22|2022-03-07|Tottenham|Everton
2021/22,10/03/2022,Leeds,Aston Villa,0,3,A,0,1,A,4,15,1,9,3,5,17,11,5,3,0,0,2.7,3.5,2.5,Football-Data.co.uk,2022-03-10,2021/22|2022-03-10|Leeds|Aston Villa
2021/22,10/03/2022,Norwich,Chelsea,1,3,A,0,2,A,9,15,3,7,3,8,8,15,0,2,0,0,11.0,4.75,1.3,Football-Data.co.uk,2022-03-10,2021/22|2022-03-10|Norwich|Chelsea
2021/22,10/03/2022,Southampton,Newcastle,1,2,A,1,1,D,14,8,5,4,12,5,6,7,1,1,0,0,2.0,3.75,3.5,Football-Data.co.uk,2022-03-10,2021/22|2022-03-10|Southampton|Newcastle
2021/22,10/03/2022,Wolves,Watford,4,0,H,3,0,H,10,9,5,0,5,2,11,10,2,2,0,0,1.75,3.6,4.5,Football-Data.co.uk,2022-03-10,2021/22|2022-03-10|Wolves|Watford
2021/22,12/03/2022,Brentford,Burnley,2,0,H,0,0,D,13,7,4,1,2,9,6,10,1,1,0,1,2.15,3.2,3.6,Football-Data.co.uk,2022-03-12,2021/22|2022-03-12|Brentford|Burnley
2021/22,12/03/2022,Brighton,Liverpool,0,2,A,0,1,A,8,18,3,9,7,6,12,15,3,1,0,0,6.0,4.33,1.5,Football-Data.co.uk,2022-03-12,2021/22|2022-03-12|Brighton|Liverpool
2021/22,12/03/2022,Man United,Tottenham,3,2,H,2,1,H,10,10,6,3,4,5,8,7,2,1,0,0,2.2,3.4,3.25,Football-Data.co.uk,2022-03-12,2021/22|2022-03-12|Man United|Tottenham
2021/22,13/03/2022,Arsenal,Leicester,2,0,H,1,0,H,21,6,8,3,2,6,8,10,0,3,0,0,1.5,4.5,6.0,Football-Data.co.uk,2022-03-13,2021/22|2022-03-13|Arsenal|Leicester
2021/22,13/03/2022,Chelsea,Newcastle,1,0,H,0,0,D,8,7,3,2,7,2,17,16,4,3,0,0,1.3,5.25,11.0,Football-Data.co.uk,2022-03-13,2021/22|2022-03-13|Chelsea|Newcastle
2021/22,13/03/2022,Everton,Wolves,0,1,A,0,0,D,8,14,2,3,5,2,13,11,2,1,1,0,2.3,3.2,3.3,Football-Data.co.uk,2022-03-13,2021/22|2022-03-13|Everton|Wolves
2021/22,13/03/2022,Leeds,Norwich,2,1,H,1,0,H,13,12,7,4,6,2,18,8,3,1,0,0,1.55,4.2,5.75,Football-Data.co.uk,2022-03-13,2021/22|2022-03-13|Leeds|Norwich
2021/22,13/03/2022,Southampton,Watford,1,2,A,1,2,A,13,9,7,5,11,3,8,12,3,2,0,0,1.6,4.2,5.25,Football-Data.co.uk,2022-03-13,2021/22|2022-03-13|Southampton|Watford
2021/22,13/03/2022,West Ham,Aston Villa,2,1,H,0,0,D,11,13,4,7,5,7,9,3,1,0,0,0,2.25,3.3,3.3,Football-Data.co.uk,2022-03-13,2021/22|2022-03-13|West Ham|Aston Villa
2021/22,14/03/2022,Crystal Palace,Man City,0,0,D,0,0,D,7,18,1,4,2,6,6,11,3,1,0,0,10.0,5.0,1.33,Football-Data.co.uk,2022-03-14,2021/22|2022-03-14|Crystal Palace|Man City
2021/22,16/03/2022,Arsenal,Liverpool,0,2,A,0,0,D,9,9,2,3,1,6,9,9,0,1,0,0,3.5,4.0,1.9,Football-Data.co.uk,2022-03-16,2021/22|2022-03-16|Arsenal|Liverpool
2021/22,16/03/2022,Brighton,Tottenham,0,2,A,0,1,A,15,17,0,7,6,3,11,9,2,2,0,0,3.3,3.3,2.25,Football-Data.co.uk,2022-03-16,2021/22|2022-03-16|Brighton|Tottenham
2021/22,17/03/2022,Everton,Newcastle,1,0,H,0,0,D,9,17,3,6,5,7,13,11,2,1,1,0,2.4,3.25,3.1,Football-Data.co.uk,2022-03-17,2021/22|2022-03-17|Everton|Newcastle
2021/22,18/03/2022,Wolves,Leeds,2,3,A,2,0,H,14,15,8,6,2,5,13,14,1,4,1,0,2.1,3.5,3.4,Football-Data.co.uk,2022-03-18,2021/22|2022-03-18|Wolves|Leeds
2021/22,19/03/2022,Aston Villa,Arsenal,0,1,A,0,1,A,8,10,1,3,6,5,13,14,3,3,0,0,3.0,3.3,2.4,Football-Data.co.uk,2022-03-19,2021/22|2022-03-19|Aston Villa|Arsenal
2021/22,20/03/2022,Leicester,Brentford,2,1,H,2,0,H,12,15,4,6,2,5,10,10,1,2,0,0,2.15,3.4,3.4,Football-Data.co.uk,2022-03-20,2021/22|2022-03-20|Leicester|Brentford
2021/22,20/03/2022,Tottenham,West Ham,3,1,H,2,1,H,17,6,4,1,5,3,7,7,0,1,0,0,1.72,3.8,4.75,Football-Data.co.uk,2022-03-20,2021/22|2022-03-20|Tottenham|West Ham
2021/22,02/04/2022,Brighton,Norwich,0,0,D,0,0,D,31,6,4,0,11,2,12,11,1,1,0,0,1.5,4.0,7.0,Football-Data.co.uk,2022-04-02,2021/22|2022-04-02|Brighton|Norwich
2021/22,02/04/2022,Burnley,Man City,0,2,A,0,2,A,3,18,1,6,1,8,11,6,1,0,0,0,15.0,6.5,1.2,Football-Data.co.uk,2022-04-02,2021/22|2022-04-02|Burnley|Man City
2021/22,02/04/2022,Chelsea,Brentford,1,4,A,0,0,D,21,17,8,6,12,7,11,7,0,0,0,0,1.33,5.0,10.0,Football-Data.co.uk,2022-04-02,2021/22|2022-04-02|Chelsea|Brentford
2021/22,02/04/2022,Leeds,Southampton,1,1,D,1,0,H,12,14,3,6,4,7,14,7,1,1,0,0,2.37,3.75,2.75,Football-Data.co.uk,2022-04-02,2021/22|2022-04-02|Leeds|Southampton
2021/22,02/04/2022,Liverpool,Watford,2,0,H,1,0,H,20,5,3,2,9,3,9,8,1,1,0,0,1.12,9.5,17.0,Football-Data.co.uk,2022-04-02,2021/22|2022-04-02|Liverpool|Watford
2021/22,02/04/2022,Man United,Leicester,1,1,D,0,0,D,11,11,5,3,6,5,13,6,2,2,0,0,1.5,4.5,6.0,Football-Data.co.uk,2022-04-02,2021/22|2022-04-02|Man United|Leicester
2021/22,02/04/2022,Wolves,Aston Villa,2,1,H,2,0,H,11,15,5,5,4,9,15,8,4,3,0,0,3.0,3.1,2.55,Football-Data.co.uk,2022-04-02,2021/22|2022-04-02|Wolves|Aston Villa
2021/22,03/04/2022,Tottenham,Newcastle,5,1,H,1,1,D,19,8,6,1,2,3,10,7,2,3,0,0,1.5,4.33,6.5,Football-Data.co.uk,2022-04-03,2021/22|2022-04-03|Tottenham|Newcastle
2021/22,03/04/2022,West Ham,Everton,2,1,H,1,0,H,11,13,5,2,2,4,9,12,1,1,0,1,1.75,3.8,4.5,Football-Data.co.uk,2022-04-03,2021/22|2022-04-03|West Ham|Everton
2021/22,04/04/2022,Crystal Palace,Arsenal,3,0,H,2,0,H,6,12,5,3,0,2,11,15,0,2,0,0,4.0,3.4,1.95,Football-Data.co.uk,2022-04-04,2021/22|2022-04-04|Crystal Palace|Arsenal
2021/22,06/04/2022,Burnley,Everton,3,2,H,1,2,A,13,16,4,4,9,6,11,16,2,2,0,0,2.62,3.1,2.87,Football-Data.co.uk,2022-04-06,2021/22|2022-04-06|Burnley|Everton
2021/22,08/04/2022,Newcastle,Wolves,1,0,H,0,0,D,12,5,4,2,1,2,6,13,1,1,0,0,2.25,3.1,3.4,Football-Data.co.uk,2022-04-08,2021/22|2022-04-08|Newcastle|Wolves
2021/22,09/04/2022,Arsenal,Brighton,1,2,A,0,1,A,20,8,4,3,11,2,12,19,3,4,0,0,1.61,3.8,5.75,Football-Data.co.uk,2022-04-09,2021/22|2022-04-09|Arsenal|Brighton
2021/22,09/04/2022,Aston Villa,Tottenham,0,4,A,0,1,A,9,11,8,5,9,3,12,14,2,3,0,0,3.2,3.4,2.25,Football-Data.co.uk,2022-04-09,2021/22|2022-04-09|Aston Villa|Tottenham
2021/22,09/04/2022,Everton,Man United,1,0,H,1,0,H,7,12,3,4,5,7,4,10,2,2,0,0,4.6,3.75,1.75,Football-Data.co.uk,2022-04-09,2021/22|2022-04-09|Everton|Man United
2021/22,09/04/2022,Southampton,Chelsea,0,6,A,0,4,A,4,24,1,14,3,3,11,10,1,0,0,0,3.8,3.6,1.95,Football-Data.co.uk,2022-04-09,2021/22|2022-04-09|Southampton|Chelsea
2021/22,09/04/2022,Watford,Leeds,0,3,A,0,1,A,8,10,1,5,3,8,8,12,2,0,0,0,2.7,3.4,2.55,Football-Data.co.uk,2022-04-09,2021/22|2022-04-09|Watford|Leeds
2021/22,10/04/2022,Brentford,West Ham,2,0,H,0,0,D,15,5,7,1,4,6,2,6,0,1,0,0,2.62,3.3,2.62,Football-Data.co.uk,2022-04-10,2021/22|2022-04-10|Brentford|West Ham
2021/22,10/04/2022,Leicester,Crystal Palace,2,1,H,2,0,H,12,11,3,3,3,4,11,12,1,1,0,0,2.37,3.3,2.9,Football-Data.co.uk,2022-04-10,2021/22|2022-04-10|Leicester|Crystal Palace
2021/22,10/04/2022,Man City,Liverpool,2,2,D,2,1,H,11,6,5,4,4,1,9,11,1,4,0,0,2.0,3.75,3.5,Football-Data.co.uk,2022-04-10,2021/22|2022-04-10|Man City|Liverpool
2021/22,10/04/2022,Norwich,Burnley,2,0,H,1,0,H,17,18,6,4,6,7,12,10,1,1,0,0,2.87,3.2,2.55,Football-Data.co.uk,2022-04-10,2021/22|2022-04-10|Norwich|Burnley
2021/22,16/04/2022,Man United,Norwich,3,2,H,2,1,H,20,15,9,4,6,7,7,6,0,0,0,0,1.25,6.5,10.0,Football-Data.co.uk,2022-04-16,2021/22|2022-04-16|Man United|Norwich
2021/22,16/04/2022,Southampton,Arsenal,1,0,H,1,0,H,9,23,3,6,6,8,6,6,2,1,0,0,3.8,3.6,1.95,Football-Data.co.uk,2022-04-16,2021/22|2022-04-16|Southampton|Arsenal
2021/22,16/04/2022,Tottenham,Brighton,0,1,A,0,0,D,5,12,0,5,4,4,14,10,3,3,0,0,1.53,4.0,6.5,Football-Data.co.uk,2022-04-16,2021/22|2022-04-16|Tottenham|Brighton
2021/22,16/04/2022,Watford,Brentford,1,2,A,0,1,A,17,16,4,5,6,5,11,9,2,1,0,0,2.7,3.3,2.55,Football-Data.co.uk,2022-04-16,2021/22|2022-04-16|Watford|Brentford
2021/22,17/04/2022,Newcastle,Leicester,2,1,H,1,1,D,16,8,7,2,3,5,10,10,2,2,0,0,2.2,3.4,3.3,Football-Data.co.uk,2022-04-17,2021/22|2022-04-17|Newcastle|Leicester
2021/22,17/04/2022,West Ham,Burnley,1,1,D,0,1,A,21,9,8,1,13,4,9,10,2,2,0,0,1.7,3.8,5.0,Football-Data.co.uk,2022-04-17,2021/22|2022-04-17|West Ham|Burnley
2021/22,19/04/2022,Liverpool,Man United,4,0,H,2,0,H,14,2,5,1,10,2,3,6,1,2,0,0,1.4,5.0,7.0,Football-Data.co.uk,2022-04-19,2021/22|2022-04-19|Liverpool|Man United
2021/22,20/04/2022,Chelsea,Arsenal,2,4,A,2,2,D,11,14,2,4,6,1,7,6,3,1,0,0,1.83,3.6,4.33,Football-Data.co.uk,2022-04-20,2021/22|2022-04-20|Chelsea|Arsenal
2021/22,20/04/2022,Everton,Leicester,1,1,D,0,1,A,13,11,3,3,5,4,8,17,3,1,0,0,2.25,3.4,3.25,Football-Data.co.uk,2022-04-20,2021/22|2022-04-20|Everton|Leicester
2021/22,20/04/2022,Man City,Brighton,3,0,H,0,0,D,17,2,5,1,7,4,12,7,0,3,0,0,1.16,7.0,17.0,Football-Data.co.uk,2022-04-20,2021/22|2022-04-20|Man City|Brighton
2021/22,20/04/2022,Newcastle,Crystal Palace,1,0,H,1,0,H,13,10,4,2,2,5,12,12,1,1,0,0,2.25,3.4,3.25,Football-Data.co.uk,2022-04-20,2021/22|2022-04-20|Newcastle|Crystal Palace
2021/22,21/04/2022,Burnley,Southampton,2,0,H,2,0,H,16,11,6,3,10,10,7,7,2,2,0,0,2.75,3.25,2.62,Football-Data.co.uk,2022-04-21,2021/22|2022-04-21|Burnley|Southampton
2021/22,23/04/2022,Arsenal,Man United,3,1,H,2,1,H,14,14,7,5,1,7,9,12,3,4,0,0,2.05,3.5,3.5,Football-Data.co.uk,2022-04-23,2021/22|2022-04-23|Arsenal|Man United
2021/22,23/04/2022,Brentford,Tottenham,0,0,D,0,0,D,15,9,2,0,12,8,8,7,2,1,0,0,4.33,3.5,1.85,Football-Data.co.uk,2022-04-23,2021/22|2022-04-23|Brentford|Tottenham
2021/22,23/04/2022,Leicester,Aston Villa,0,0,D,0,0,D,5,11,2,3,7,6,15,16,3,2,0,0,2.8,3.4,2.5,Football-Data.co.uk,2022-04-23,2021/22|2022-04-23|Leicester|Aston Villa
2021/22,23/04/2022,Man City,Watford,5,1,H,3,1,H,21,5,8,2,11,4,9,7,1,0,0,0,1.1,10.0,26.0,Football-Data.co.uk,2022-04-23,2021/22|2022-04-23|Man City|Watford
2021/22,23/04/2022,Norwich,Newcastle,0,3,A,0,2,A,5,13,2,7,2,3,11,10,0,2,0,0,3.5,3.3,2.15,Football-Data.co.uk,2022-04-23,2021/22|2022-04-23|Norwich|Newcastle
2021/22,24/04/2022,Brighton,Southampton,2,2,D,2,1,H,8,18,5,5,6,6,12,7,1,0,0,0,2.1,3.4,3.6,Football-Data.co.uk,2022-04-24,2021/22|2022-04-24|Brighton|Southampton
2021/22,24/04/2022,Burnley,Wolves,1,0,H,0,0,D,14,10,5,4,3,6,8,7,3,1,0,0,2.7,3.0,2.87,Football-Data.co.uk,2022-04-24,2021/22|2022-04-24|Burnley|Wolves
2021/22,24/04/2022,Chelsea,West Ham,1,0,H,0,0,D,26,6,5,2,3,1,11,9,1,0,0,1,1.5,4.33,6.5,Football-Data.co.uk,2022-04-24,2021/22|2022-04-24|Chelsea|West Ham
2021/22,24/04/2022,Liverpool,Everton,2,0,H,0,0,D,18,9,4,1,13,1,8,8,2,5,0,0,1.18,7.0,15.0,Football-Data.co.uk,2022-04-24,2021/22|2022-04-24|Liverpool|Everton
2021/22,25/04/2022,Crystal Palace,Leeds,0,0,D,0,0,D,17,9,7,2,6,3,12,13,2,2,0,0,2.05,3.5,3.5,Football-Data.co.uk,2022-04-25,2021/22|2022-04-25|Crystal Palace|Leeds
2021/22,28/04/2022,Man United,Chelsea,1,1,D,0,0,D,6,21,3,6,2,9,9,12,0,1,0,0,3.2,3.4,2.25,Football-Data.co.uk,2022-04-28,2021/22|2022-04-28|Man United|Chelsea
2021/22,30/04/2022,Aston Villa,Norwich,2,0,H,1,0,H,21,9,6,3,2,3,16,8,4,1,0,0,1.4,4.5,9.0,Football-Data.co.uk,2022-04-30,2021/22|2022-04-30|Aston Villa|Norwich
2021/22,30/04/2022,Leeds,Man City,0,4,A,0,1,A,7,19,2,6,3,6,13,3,1,2,0,0,8.5,6.0,1.3,Football-Data.co.uk,2022-04-30,2021/22|2022-04-30|Leeds|Man City
2021/22,30/04/2022,Newcastle,Liverpool,0,1,A,0,1,A,4,24,2,10,0,6,11,11,1,3,0,0,8.5,5.0,1.36,Football-Data.co.uk,2022-04-30,2021/22|2022-04-30|Newcastle|Liverpool
2021/22,30/04/2022,Southampton,Crystal Palace,1,2,A,1,0,H,8,14,3,5,6,7,13,11,1,3,0,0,2.4,3.3,3.1,Football-Data.co.uk,2022-04-30,2021/22|2022-04-30|Southampton|Crystal Palace
2021/22,30/04/2022,Watford,Burnley,1,2,A,1,0,H,13,17,1,6,5,6,13,9,1,2,0,0,2.6,3.3,2.75,Football-Data.co.uk,2022-04-30,2021/22|2022-04-30|Watford|Burnley
2021/22,30/04/2022,Wolves,Brighton,0,3,A,0,1,A,11,17,1,9,7,3,6,4,2,1,0,0,2.7,3.2,2.75,Football-Data.co.uk,2022-04-30,2021/22|2022-04-30|Wolves|Brighton
2021/22,01/05/2022,Everton,Chelsea,1,0,H,0,0,D,9,17,4,5,3,8,9,12,3,5,0,0,5.0,3.6,1.75,Football-Data.co.uk,2022-05-01,2021/22|2022-05-01|Everton|Chelsea
2021/22,01/05/2022,Tottenham,Leicester,3,1,H,1,0,H,13,6,7,2,7,3,13,8,2,3,0,0,1.44,4.75,7.0,Football-Data.co.uk,2022-05-01,2021/22|2022-05-01|Tottenham|Leicester
2021/22,01/05/2022,West Ham,Arsenal,1,2,A,1,1,D,8,13,3,7,3,7,8,9,2,2,0,0,4.33,3.8,1.8,Football-Data.co.uk,2022-05-01,2021/22|2022-05-01|West Ham|Arsenal
2021/22,02/05/2022,Man United,Brentford,3,0,H,1,0,H,9,12,5,4,3,8,4,6,1,0,0,0,1.72,4.0,4.5,Football-Data.co.uk,2022-05-02,2021/22|2022-05-02|Man United|Brentford
2021/22,07/05/2022,Brentford,Southampton,3,0,H,2,0,H,18,19,5,4,4,7,12,9,0,1,0,0,2.15,3.5,3.3,Football-Data.co.uk,2022-05-07,2021/22|2022-05-07|Brentford|Southampton
2021/22,07/05/2022,Brighton,Man United,4,0,H,1,0,H,17,15,6,5,7,6,13,9,0,2,0,0,2.8,3.5,2.45,Football-Data.co.uk,2022-05-07,2021/22|2022-05-07|Brighton|Man United
2021/22,07/05/2022,Burnley,Aston Villa,1,3,A,0,2,A,14,12,6,7,4,5,13,11,1,2,0,0,3.0,3.3,2.4,Football-Data.co.uk,2022-05-07,2021/22|2022-05-07|Burnley|Aston Villa
2021/22,07/05/2022,Chelsea,Wolves,2,2,D,0,0,D,19,14,6,4,9,3,7,11,1,3,0,0,1.33,5.0,9.5,Football-Data.co.uk,2022-05-07,2021/22|2022-05-07|Chelsea|Wolves
2021/22,07/05/2022,Crystal Palace,Watford,1,0,H,1,0,H,15,6,7,1,8,5,11,18,2,1,0,1,1.65,4.0,5.0,Football-Data.co.uk,2022-05-07,2021/22|2022-05-07|Crystal Palace|Watford
2021/22,07/05/2022,Liverpool,Tottenham,1,1,D,0,0,D,22,8,3,3,11,5,12,8,3,2,0,0,1.4,5.0,7.0,Football-Data.co.uk,2022-05-07,2021/22|2022-05-07|Liverpool|Tottenham
2021/22,08/05/2022,Arsenal,Leeds,2,1,H,2,0,H,19,3,9,2,8,2,13,15,2,2,0,1,1.45,4.5,7.0,Football-Data.co.uk,2022-05-08,2021/22|2022-05-08|Arsenal|Leeds
2021/22,08/05/2022,Leicester,Everton,1,2,A,1,2,A,16,10,9,4,6,1,11,6,3,0,0,0,2.6,3.3,2.75,Football-Data.co.uk,2022-05-08,2021/22|2022-05-08|Leicester|Everton
2021/22,08/05/2022,Man City,Newcastle,5,0,H,2,0,H,21,7,9,3,8,2,6,11,1,3,0,0,1.16,7.0,17.0,Football-Data.co.uk,2022-05-08,2021/22|2022-05-08|Man City|Newcastle
2021/22,08/05/2022,Norwich,West Ham,0,4,A,0,3,A,8,13,2,5,9,5,7,7,1,1,0,0,4.5,3.8,1.75,Football-Data.co.uk,2022-05-08,2021/22|2022-05-08|Norwich|West Ham
2021/22,10/05/2022,Aston Villa,Liverpool,1,2,A,1,1,D,9,17,4,6,2,3,10,12,0,0,0,0,7.5,4.75,1.4,Football-Data.co.uk,2022-05-10,2021/22|2022-05-10|Aston Villa|Liverpool
2021/22,11/05/2022,Leeds,Chelsea,0,3,A,0,1,A,5,17,0,4,1,5,10,14,1,0,1,0,4.75,4.2,1.65,Football-Data.co.uk,2022-05-11,2021/22|2022-05-11|Leeds|Chelsea
2021/22,11/05/2022,Leicester,Norwich,3,0,H,0,0,D,20,9,8,5,10,2,10,5,0,0,0,0,1.44,4.75,7.0,Football-Data.co.uk,2022-05-11,2021/22|2022-05-11|Leicester|Norwich
2021/22,11/05/2022,Watford,Everton,0,0,D,0,0,D,6,16,0,5,1,13,5,12,1,2,0,0,4.2,3.6,1.83,Football-Data.co.uk,2022-05-11,2021/22|2022-05-11|Watford|Everton
2021/22,11/05/2022,Wolves,Man City,1,5,A,1,3,A,7,16,3,5,6,2,2,10,0,1,0,0,11.0,6.0,1.25,Football-Data.co.uk,2022-05-11,2021/22|2022-05-11|Wolves|Man City
2021/22,12/05/2022,Tottenham,Arsenal,3,0,H,2,0,H,16,8,6,4,2,2,8,15,1,3,0,1,2.05,3.75,3.5,Football-Data.co.uk,2022-05-12,2021/22|2022-05-12|Tottenham|Arsenal
2021/22,15/05/2022,Aston Villa,Crystal Palace,1,1,D,0,0,D,13,16,4,4,1,5,11,15,1,3,0,0,2.0,3.5,3.75,Football-Data.co.uk,2022-05-15,2021/22|2022-05-15|Aston Villa|Crystal Palace
2021/22,15/05/2022,Everton,Brentford,2,3,A,2,1,H,10,18,5,7,5,2,8,8,0,3,2,0,2.05,3.6,3.5,Football-Data.co.uk,2022-05-15,2021/22|2022-05-15|Everton|Brentford
2021/22,15/05/2022,Leeds,Brighton,1,1,D,0,1,A,19,16,5,6,8,1,16,8,3,2,0,0,2.62,3.5,2.62,Football-Data.co.uk,2022-05-15,2021/22|2022-05-15|Leeds|Brighton
2021/22,15/05/2022,Tottenham,Burnley,1,0,H,1,0,H,21,8,8,1,8,2,12,8,3,2,0,0,1.33,5.25,9.0,Football-Data.co.uk,2022-05-15,2021/22|2022-05-15|Tottenham|Burnley
2021/22,15/05/2022,Watford,Leicester,1,5,A,1,2,A,13,13,5,7,7,3,4,6,0,1,0,0,3.8,3.5,1.95,Football-Data.co.uk,2022-05-15,2021/22|2022-05-15|Watford|Leicester
2021/22,15/05/2022,West Ham,Man City,2,2,D,2,0,H,6,31,2,8,4,9,9,5,3,1,0,0,7.5,5.0,1.4,Football-Data.co.uk,2022-05-15,2021/22|2022-05-15|West Ham|Man City
2021/22,15/05/2022,Wolves,Norwich,1,1,D,0,1,A,17,11,4,2,5,3,5,10,0,3,0,0,1.45,4.75,6.5,Football-Data.co.uk,2022-05-15,2021/22|2022-05-15|Wolves|Norwich
2021/22,16/05/2022,Newcastle,Arsenal,2,0,H,0,0,D,16,11,4,2,12,8,11,8,0,3,0,0,4.33,3.6,1.83,Football-Data.co.uk,2022-05-16,2021/22|2022-05-16|Newcastle|Arsenal
2021/22,17/05/2022,Southampton,Liverpool,1,2,A,1,1,D,4,24,2,5,1,9,6,6,2,0,0,0,7.5,5.5,1.33,Football-Data.co.uk,2022-05-17,2021/22|2022-05-17|Southampton|Liverpool
2021/22,19/05/2022,Aston Villa,Burnley,1,1,D,0,1,A,22,10,9,5,13,6,11,20,0,1,0,1,2.05,3.5,3.6,Football-Data.co.uk,2022-05-19,2021/22|2022-05-19|Aston Villa|Burnley
2021/22,19/05/2022,Chelsea,Leicester,1,1,D,1,1,D,20,2,7,1,6,0,13,7,4,1,0,0,1.4,4.75,8.0,Football-Data.co.uk,2022-05-19,2021/22|2022-05-19|Chelsea|Leicester
2021/22,19/05/2022,Everton,Crystal Palace,3,2,H,0,2,A,12,7,6,5,4,5,9,13,2,3,0,0,1.9,3.4,4.33,Football-Data.co.uk,2022-05-19,2021/22|2022-05-19|Everton|Crystal Palace
2021/22,22/05/2022,Arsenal,Everton,5,1,H,2,1,H,26,6,9,2,12,2,8,9,0,1,0,0,1.36,4.75,9.0,Football-Data.co.uk,2022-05-22,2021/22|2022-05-22|Arsenal|Everton
2021/22,22/05/2022,Brentford,Leeds,1,2,A,0,0,D,14,14,5,6,3,2,11,13,2,1,1,0,2.45,3.8,2.62,Football-Data.co.uk,2022-05-22,2021/22|2022-05-22|Brentford|Leeds
2021/22,22/05/2022,Brighton,West Ham,3,1,H,0,1,A,18,7,7,2,5,6,9,9,1,1,0,0,2.37,3.5,2.9,Football-Data.co.uk,2022-05-22,2021/22|2022-05-22|Brighton|West Ham
2021/22,22/05/2022,Burnley,Newcastle,1,2,A,0,1,A,12,8,5,6,8,2,8,9,1,0,0,0,2.25,3.4,3.2,Football-Data.co.uk,2022-05-22,2021/22|2022-05-22|Burnley|Newcastle
2021/22,22/05/2022,Chelsea,Watford,2,1,H,1,0,H,19,8,8,3,3,3,9,9,0,0,0,0,1.18,7.5,15.0,Football-Data.co.uk,2022-05-22,2021/22|2022-05-22|Chelsea|Watford
2021/22,22/05/2022,Crystal Palace,Man United,1,0,H,1,0,H,6,10,3,4,3,6,12,22,2,4,0,0,3.0,3.6,2.25,Football-Data.co.uk,2022-05-22,2021/22|2022-05-22|Crystal Palace|Man United
2021/22,22/05/2022,Leicester,Southampton,4,1,H,0,0,D,12,7,6,2,3,3,10,5,0,1,0,0,1.85,4.0,3.8,Football-Data.co.uk,2022-05-22,2021/22|2022-05-22|Leicester|Southampton
2021/22,22/05/2022,Liverpool,Wolves,3,1,H,1,1,D,29,7,8,5,5,3,6,3,1,0,0,0,1.14,8.5,15.0,Football-Data.co.uk,2022-05-22,2021/22|2022-05-22|Liverpool|Wolves
2021/22,22/05/2022,Man City,Aston Villa,3,2,H,0,1,A,24,4,5,2,13,1,5,11,0,1,0,0,1.16,8.0,17.0,Football-Data.co.uk,2022-05-22,2021/22|2022-05-22|Man City|Aston Villa
2021/22,22/05/2022,Norwich,Tottenham,0,5,A,0,2,A,9,19,0,13,3,2,13,7,3,1,0,0,9.5,6.5,1.25,Football-Data.co.uk,2022-05-22,2021/22|2022-05-22|Norwich|Tottenham
2022/23,05/08/2022,Crystal Palace,Arsenal,0,2,A,0,1,A,10,10,2,2,3,5,16,11,1,2,0,0,4.2,3.6,1.85,Football-Data.co.uk,2022-08-05,2022/23|2022-08-05|Crystal Palace|Arsenal
2022/23,06/08/2022,Bournemouth,Aston Villa,2,0,H,1,0,H,7,15,3,2,5,5,18,16,3,3,0,0,3.75,3.5,2.0,Football-Data.co.uk,2022-08-06,2022/23|2022-08-06|Bournemouth|Aston Villa
2022/23,06/08/2022,Everton,Chelsea,0,1,A,0,1,A,8,15,4,6,4,16,14,11,3,2,0,0,5.5,4.0,1.61,Football-Data.co.uk,2022-08-06,2022/23|2022-08-06|Everton|Chelsea
2022/23,06/08/2022,Fulham,Liverpool,2,2,D,1,0,H,9,11,3,4,4,4,7,9,2,0,0,0,11.0,6.0,1.25,Football-Data.co.uk,2022-08-06,2022/23|2022-08-06|Fulham|Liverpool
2022/23,06/08/2022,Leeds,Wolves,2,1,H,1,1,D,12,15,4,6,6,4,13,9,2,0,0,0,2.25,3.4,3.2,Football-Data.co.uk,2022-08-06,2022/23|2022-08-06|Leeds|Wolves
2022/23,06/08/2022,Newcastle,Nott'm Forest,2,0,H,0,0,D,23,5,10,0,11,1,9,14,0,3,0,0,1.66,3.8,5.25,Football-Data.co.uk,2022-08-06,2022/23|2022-08-06|Newcastle|Nott'm Forest
2022/23,06/08/2022,Tottenham,Southampton,4,1,H,2,1,H,18,10,8,2,10,2,11,6,3,0,0,0,1.33,5.5,8.5,Football-Data.co.uk,2022-08-06,2022/23|2022-08-06|Tottenham|Southampton
2022/23,07/08/2022,Leicester,Brentford,2,2,D,1,0,H,14,8,5,3,5,6,6,5,0,0,0,0,2.0,3.75,3.5,Football-Data.co.uk,2022-08-07,2022/23|2022-08-07|Leicester|Brentford
2022/23,07/08/2022,Man United,Brighton,1,2,A,0,2,A,17,15,5,4,6,2,7,12,4,1,0,0,1.6,4.2,5.25,Football-Data.co.uk,2022-08-07,2022/23|2022-08-07|Man United|Brighton
2022/23,07/08/2022,West Ham,Man City,0,2,A,0,1,A,6,14,1,2,1,4,8,4,0,1,0,0,8.0,5.0,1.36,Football-Data.co.uk,2022-08-07,2022/23|2022-08-07|West Ham|Man City
2022/23,13/08/2022,Arsenal,Leicester,4,2,H,2,0,H,19,6,7,2,6,2,15,9,1,1,0,0,1.53,4.33,5.75,Football-Data.co.uk,2022-08-13,2022/23|2022-08-13|Arsenal|Leicester
2022/23,13/08/2022,Aston Villa,Everton,2,1,H,1,0,H,12,15,4,4,5,8,9,7,4,1,0,0,1.8,3.5,4.75,Football-Data.co.uk,2022-08-13,2022/23|2022-08-13|Aston Villa|Everton
2022/23,13/08/2022,Brentford,Man United,4,0,H,4,0,H,13,15,7,4,8,2,6,15,0,4,0,0,3.75,3.5,2.0,Football-Data.co.uk,2022-08-13,2022/23|2022-08-13|Brentford|Man United
2022/23,13/08/2022,Brighton,Newcastle,0,0,D,0,0,D,13,4,7,1,7,3,8,6,2,3,0,0,2.45,3.2,3.0,Football-Data.co.uk,2022-08-13,2022/23|2022-08-13|Brighton|Newcastle
2022/23,13/08/2022,Man City,Bournemouth,4,0,H,3,0,H,19,3,7,1,11,1,9,9,0,3,0,0,1.06,13.0,29.0,Football-Data.co.uk,2022-08-13,2022/23|2022-08-13|Man City|Bournemouth
2022/23,13/08/2022,Southampton,Leeds,2,2,D,0,0,D,14,13,4,5,2,5,10,12,1,3,0,0,2.25,3.5,3.1,Football-Data.co.uk,2022-08-13,2022/23|2022-08-13|Southampton|Leeds
2022/23,13/08/2022,Wolves,Fulham,0,0,D,0,0,D,7,9,1,3,5,3,7,14,3,3,0,0,2.3,3.3,3.2,Football-Data.co.uk,2022-08-13,2022/23|2022-08-13|Wolves|Fulham
2022/23,14/08/2022,Chelsea,Tottenham,2,2,D,1,0,H,16,10,3,5,8,5,9,9,3,0,0,0,2.25,3.4,3.2,Football-Data.co.uk,2022-08-14,2022/23|2022-08-14|Chelsea|Tottenham
2022/23,14/08/2022,Nott'm Forest,West Ham,1,0,H,1,0,H,13,19,6,5,6,7,10,11,4,1,0,0,4.2,3.6,1.85,Football-Data.co.uk,2022-08-14,2022/23|2022-08-14|Nott'm Forest|West Ham
2022/23,15/08/2022,Liverpool,Crystal Palace,1,1,D,0,1,A,24,7,4,3,4,2,7,8,2,4,1,0,1.18,6.75,16.0,Football-Data.co.uk,2022-08-15,2022/23|2022-08-15|Liverpool|Crystal Palace
2022/23,20/08/2022,Bournemouth,Arsenal,0,3,A,0,2,A,6,14,1,6,3,4,12,10,2,1,0,0,8.0,4.75,1.4,Football-Data.co.uk,2022-08-20,2022/23|2022-08-20|Bournemouth|Arsenal
2022/23,20/08/2022,Crystal Palace,Aston Villa,3,1,H,1,1,D,17,13,9,5,4,2,16,14,2,1,0,0,2.5,3.25,2.9,Football-Data.co.uk,2022-08-20,2022/23|2022-08-20|Crystal Palace|Aston Villa
2022/23,20/08/2022,Everton,Nott'm Forest,1,1,D,0,0,D,19,14,8,5,6,2,6,9,3,2,0,0,1.9,3.6,4.0,Football-Data.co.uk,2022-08-20,2022/23|2022-08-20|Everton|Nott'm Forest
2022/23,20/08/2022,Fulham,Brentford,3,2,H,2,1,H,18,13,9,5,6,3,13,7,3,2,0,0,2.45,3.4,2.9,Football-Data.co.uk,2022-08-20,2022/23|2022-08-20|Fulham|Brentford
2022/23,20/08/2022,Leicester,Southampton,1,2,A,0,0,D,6,9,1,3,2,5,11,15,2,3,0,0,1.83,4.0,4.0,Football-Data.co.uk,2022-08-20,2022/23|2022-08-20|Leicester|Southampton
2022/23,20/08/2022,Tottenham,Wolves,1,0,H,0,0,D,11,20,4,3,8,6,10,8,2,2,0,0,1.4,4.75,7.5,Football-Data.co.uk,2022-08-20,2022/23|2022-08-20|Tottenham|Wolves
2022/23,21/08/2022,Leeds,Chelsea,3,0,H,2,0,H,12,14,6,3,4,6,16,15,0,1,0,1,5.75,4.5,1.53,Football-Data.co.uk,2022-08-21,2022/23|2022-08-21|Leeds|Chelsea
2022/23,21/08/2022,Newcastle,Man City,3,3,D,2,1,H,12,21,6,10,5,5,14,7,4,2,0,0,7.5,5.0,1.36,Football-Data.co.uk,2022-08-21,2022/23|2022-08-21|Newcastle|Man City
2022/23,21/08/2022,West Ham,Brighton,0,2,A,0,1,A,13,11,3,2,5,4,10,7,2,0,0,0,2.3,3.4,3.1,Football-Data.co.uk,2022-08-21,2022/23|2022-08-21|West Ham|Brighton
2022/23,22/08/2022,Man United,Liverpool,2,1,H,1,0,H,12,17,4,5,6,8,11,7,3,1,0,0,5.25,4.33,1.6,Football-Data.co.uk,2022-08-22,2022/23|2022-08-22|Man United|Liverpool
2022/23,27/08/2022,Arsenal,Fulham,2,1,H,0,0,D,22,11,8,3,9,2,6,12,2,3,0,0,1.3,5.75,9.0,Football-Data.co.uk,2022-08-27,2022/23|2022-08-27|Arsenal|Fulham
2022/23,27/08/2022,Brentford,Everton,1,1,D,0,1,A,19,14,5,7,8,5,8,8,2,2,0,0,2.0,3.5,3.75,Football-Data.co.uk,2022-08-27,2022/23|2022-08-27|Brentford|Everton
2022/23,27/08/2022,Brighton,Leeds,1,0,H,0,0,D,13,10,4,2,5,3,10,14,2,3,0,0,1.9,3.8,3.8,Football-Data.co.uk,2022-08-27,2022/23|2022-08-27|Brighton|Leeds
2022/23,27/08/2022,Chelsea,Leicester,2,1,H,0,0,D,7,17,3,5,3,11,10,7,1,2,1,0,1.4,5.0,7.0,Football-Data.co.uk,2022-08-27,2022/23|2022-08-27|Chelsea|Leicester
2022/23,27/08/2022,Liverpool,Bournemouth,9,0,H,5,0,H,19,5,12,2,8,1,6,5,0,1,0,0,1.1,10.0,26.0,Football-Data.co.uk,2022-08-27,2022/23|2022-08-27|Liverpool|Bournemouth
2022/23,27/08/2022,Man City,Crystal Palace,4,2,H,0,2,A,18,2,5,2,6,1,14,8,1,2,0,0,1.18,7.5,13.0,Football-Data.co.uk,2022-08-27,2022/23|2022-08-27|Man City|Crystal Palace
2022/23,27/08/2022,Southampton,Man United,0,1,A,0,0,D,17,11,5,6,5,3,4,14,0,3,0,0,4.2,4.0,1.8,Football-Data.co.uk,2022-08-27,2022/23|2022-08-27|Southampton|Man United
2022/23,28/08/2022,Aston Villa,West Ham,0,1,A,0,0,D,9,7,3,2,3,2,10,10,2,0,0,0,2.3,3.4,3.1,Football-Data.co.uk,2022-08-28,2022/23|2022-08-28|Aston Villa|West Ham
2022/23,28/08/2022,Nott'm Forest,Tottenham,0,2,A,0,1,A,17,18,1,7,6,1,11,13,6,1,0,0,7.0,4.6,1.44,Football-Data.co.uk,2022-08-28,2022/23|2022-08-28|Nott'm Forest|Tottenham
2022/23,28/08/2022,Wolves,Newcastle,1,1,D,1,0,H,10,21,4,6,4,13,10,11,2,1,0,0,2.7,3.3,2.7,Football-Data.co.uk,2022-08-28,2022/23|2022-08-28|Wolves|Newcastle
2022/23,30/08/2022,Crystal Palace,Brentford,1,1,D,0,0,D,13,9,4,3,4,6,11,8,1,2,0,0,2.05,3.4,3.6,Football-Data.co.uk,2022-08-30,2022/23|2022-08-30|Crystal Palace|Brentford
2022/23,30/08/2022,Fulham,Brighton,2,1,H,0,0,D,10,7,3,4,3,3,9,11,2,1,0,0,3.1,3.3,2.3,Football-Data.co.uk,2022-08-30,2022/23|2022-08-30|Fulham|Brighton
2022/23,30/08/2022,Leeds,Everton,1,1,D,0,1,A,14,7,5,2,10,2,10,9,3,3,0,0,2.15,3.5,3.3,Football-Data.co.uk,2022-08-30,2022/23|2022-08-30|Leeds|Everton
2022/23,30/08/2022,Southampton,Chelsea,2,1,H,2,1,H,9,10,7,4,5,3,15,10,2,1,0,0,5.25,4.0,1.61,Football-Data.co.uk,2022-08-30,2022/23|2022-08-30|Southampton|Chelsea
2022/23,31/08/2022,Arsenal,Aston Villa,2,1,H,1,0,H,22,4,9,3,10,3,10,14,2,3,0,0,1.45,4.5,6.0,Football-Data.co.uk,2022-08-31,2022/23|2022-08-31|Arsenal|Aston Villa
2022/23,31/08/2022,Bournemouth,Wolves,0,0,D,0,0,D,5,17,2,4,2,5,12,12,2,1,0,0,3.5,3.3,2.15,Football-Data.co.uk,2022-08-31,2022/23|2022-08-31|Bournemouth|Wolves
2022/23,31/08/2022,Liverpool,Newcastle,2,1,H,0,1,A,23,5,6,2,13,0,9,10,0,2,0,0,1.33,5.25,9.0,Football-Data.co.uk,2022-08-31,2022/23|2022-08-31|Liverpool|Newcastle
2022/23,31/08/2022,Man City,Nott'm Forest,6,0,H,3,0,H,17,8,9,1,10,1,9,7,0,1,0,0,1.06,13.0,29.0,Football-Data.co.uk,2022-08-31,2022/23|2022-08-31|Man City|Nott'm Forest
2022/23,31/08/2022,West Ham,Tottenham,1,1,D,0,1,A,14,13,4,4,3,4,10,9,2,5,0,0,3.6,3.8,1.95,Football-Data.co.uk,2022-08-31,2022/23|2022-08-31|West Ham|Tottenham
2022/23,01/09/2022,Leicester,Man United,0,1,A,0,1,A,10,9,2,2,1,3,7,15,1,3,0,0,3.4,3.75,2.05,Football-Data.co.uk,2022-09-01,2022/23|2022-09-01|Leicester|Man United
2022/23,03/09/2022,Aston Villa,Man City,1,1,D,0,0,D,3,13,1,4,1,4,7,6,2,0,0,0,8.0,5.5,1.33,Football-Data.co.uk,2022-09-03,2022/23|2022-09-03|Aston Villa|Man City
2022/23,03/09/2022,Brentford,Leeds,5,2,H,2,1,H,14,17,8,6,2,6,8,9,2,2,0,0,2.1,3.5,3.4,Football-Data.co.uk,2022-09-03,2022/23|2022-09-03|Brentford|Leeds
2022/23,03/09/2022,Chelsea,West Ham,2,1,H,0,0,D,8,6,3,3,10,3,6,11,4,2,0,0,1.55,4.5,5.5,Football-Data.co.uk,2022-09-03,2022/23|2022-09-03|Chelsea|West Ham
2022/23,03/09/2022,Everton,Liverpool,0,0,D,0,0,D,14,23,3,8,7,9,7,11,2,2,0,0,7.0,4.75,1.4,Football-Data.co.uk,2022-09-03,2022/23|2022-09-03|Everton|Liverpool
2022/23,03/09/2022,Newcastle,Crystal Palace,0,0,D,0,0,D,23,19,6,9,13,5,19,12,2,1,0,0,2.0,3.5,3.75,Football-Data.co.uk,2022-09-03,2022/23|2022-09-03|Newcastle|Crystal Palace
2022/23,03/09/2022,Nott'm Forest,Bournemouth,2,3,A,2,0,H,11,8,3,3,4,6,13,10,2,1,0,0,1.95,3.5,3.8,Football-Data.co.uk,2022-09-03,2022/23|2022-09-03|Nott'm Forest|Bournemouth
2022/23,03/09/2022,Tottenham,Fulham,2,1,H,1,0,H,23,9,10,3,10,3,9,6,3,4,0,0,1.5,4.5,6.5,Football-Data.co.uk,2022-09-03,2022/23|2022-09-03|Tottenham|Fulham
2022/23,03/09/2022,Wolves,Southampton,1,0,H,1,0,H,7,12,2,1,5,6,10,14,4,2,0,0,2.2,3.4,3.25,Football-Data.co.uk,2022-09-03,2022/23|2022-09-03|Wolves|Southampton
2022/23,04/09/2022,Brighton,Leicester,5,2,H,2,2,D,23,6,11,4,10,1,6,8,1,1,0,0,1.83,3.5,4.5,Football-Data.co.uk,2022-09-04,2022/23|2022-09-04|Brighton|Leicester
2022/23,04/09/2022,Man United,Arsenal,3,1,H,1,0,H,10,16,6,3,2,5,13,9,3,3,0,0,2.5,3.5,2.7,Football-Data.co.uk,2022-09-04,2022/23|2022-09-04|Man United|Arsenal
2022/23,16/09/2022,Aston Villa,Southampton,1,0,H,1,0,H,11,7,3,1,6,3,13,13,3,1,0,0,2.1,3.5,3.5,Football-Data.co.uk,2022-09-16,2022/23|2022-09-16|Aston Villa|Southampton
2022/23,16/09/2022,Nott'm Forest,Fulham,2,3,A,1,0,H,11,15,3,7,2,10,11,10,2,4,0,0,2.75,3.3,2.62,Football-Data.co.uk,2022-09-16,2022/23|2022-09-16|Nott'm Forest|Fulham
2022/23,17/09/2022,Newcastle,Bournemouth,1,1,D,0,0,D,20,10,7,3,8,1,10,11,2,2,0,0,1.44,4.4,7.5,Football-Data.co.uk,2022-09-17,2022/23|2022-09-17|Newcastle|Bournemouth
2022/23,17/09/2022,Tottenham,Leicester,6,2,H,2,2,D,16,19,11,7,6,1,9,9,1,2,0,0,1.45,4.5,7.0,Football-Data.co.uk,2022-09-17,2022/23|2022-09-17|Tottenham|Leicester
2022/23,17/09/2022,Wolves,Man City,0,3,A,0,2,A,6,16,1,7,5,7,7,9,2,1,1,0,9.5,5.0,1.33,Football-Data.co.uk,2022-09-17,2022/23|2022-09-17|Wolves|Man City
2022/23,18/09/2022,Brentford,Arsenal,0,3,A,0,2,A,5,13,2,7,3,3,10,10,0,2,0,0,4.2,3.8,1.8,Football-Data.co.uk,2022-09-18,2022/23|2022-09-18|Brentford|Arsenal
2022/23,18/09/2022,Everton,West Ham,1,0,H,0,0,D,7,14,2,4,5,14,8,11,3,1,0,0,2.9,3.25,2.5,Football-Data.co.uk,2022-09-18,2022/23|2022-09-18|Everton|West Ham
2022/23,01/10/2022,Arsenal,Tottenham,3,1,H,1,1,D,22,7,9,3,5,2,10,10,2,1,0,1,2.05,3.75,3.3,Football-Data.co.uk,2022-10-01,2022/23|2022-10-01|Arsenal|Tottenham
2022/23,01/10/2022,Bournemouth,Brentford,0,0,D,0,0,D,7,13,1,4,7,8,11,10,1,2,0,0,3.3,3.4,2.2,Football-Data.co.uk,2022-10-01,2022/23|2022-10-01|Bournemouth|Brentford
2022/23,01/10/2022,Crystal Palace,Chelsea,1,2,A,1,1,D,7,13,3,3,5,2,11,13,1,3,0,0,4.2,3.6,1.85,Football-Data.co.uk,2022-10-01,2022/23|2022-10-01|Crystal Palace|Chelsea
2022/23,01/10/2022,Fulham,Newcastle,1,4,A,0,3,A,3,19,1,10,1,8,9,10,2,0,1,0,3.0,3.4,2.37,Football-Data.co.uk,2022-10-01,2022/23|2022-10-01|Fulham|Newcastle
2022/23,01/10/2022,Liverpool,Brighton,3,3,D,1,2,A,15,6,7,6,9,2,9,13,1,1,0,0,1.33,5.25,8.5,Football-Data.co.uk,2022-10-01,2022/23|2022-10-01|Liverpool|Brighton
2022/23,01/10/2022,Southampton,Everton,1,2,A,0,0,D,22,12,6,5,7,6,11,10,2,2,0,0,2.15,3.4,3.4,Football-Data.co.uk,2022-10-01,2022/23|2022-10-01|Southampton|Everton
2022/23,01/10/2022,West Ham,Wolves,2,0,H,1,0,H,18,15,5,4,1,6,8,6,2,2,0,0,1.95,3.5,4.2,Football-Data.co.uk,2022-10-01,2022/23|2022-10-01|West Ham|Wolves
2022/23,02/10/2022,Leeds,Aston Villa,0,0,D,0,0,D,9,19,1,7,2,9,23,12,3,2,1,0,2.35,3.4,3.0,Football-Data.co.uk,2022-10-02,2022/23|2022-10-02|Leeds|Aston Villa
2022/23,02/10/2022,Man City,Man United,6,3,H,4,0,H,22,12,10,8,5,1,3,9,0,3,0,0,1.33,5.75,7.5,Football-Data.co.uk,2022-10-02,2022/23|2022-10-02|Man City|Man United
2022/23,03/10/2022,Leicester,Nott'm Forest,4,0,H,3,0,H,17,10,7,3,6,6,13,12,2,4,0,0,1.75,4.0,4.33,Football-Data.co.uk,2022-10-03,2022/23|2022-10-03|Leicester|Nott'm Forest
2022/23,08/10/2022,Bournemouth,Leicester,2,1,H,0,1,A,10,9,4,5,7,2,8,16,1,2,0,0,3.6,3.4,2.05,Football-Data.co.uk,2022-10-08,2022/23|2022-10-08|Bournemouth|Leicester
2022/23,08/10/2022,Brighton,Tottenham,0,1,A,0,1,A,14,8,4,3,6,2,9,14,1,2,0,0,2.8,3.4,2.5,Football-Data.co.uk,2022-10-08,2022/23|2022-10-08|Brighton|Tottenham
2022/23,08/10/2022,Chelsea,Wolves,3,0,H,1,0,H,20,8,7,2,4,2,8,8,2,0,0,0,1.4,4.5,8.0,Football-Data.co.uk,2022-10-08,2022/23|2022-10-08|Chelsea|Wolves
2022/23,08/10/2022,Man City,Southampton,4,0,H,2,0,H,21,5,8,0,9,1,4,8,0,1,0,0,1.11,10.0,17.0,Football-Data.co.uk,2022-10-08,2022/23|2022-10-08|Man City|Southampton
2022/23,08/10/2022,Newcastle,Brentford,5,1,H,2,0,H,16,6,6,3,9,5,14,9,0,1,0,0,1.83,3.8,4.2,Football-Data.co.uk,2022-10-08,2022/23|2022-10-08|Newcastle|Brentford
2022/23,09/10/2022,Arsenal,Liverpool,3,2,H,2,1,H,11,8,7,3,4,3,11,11,1,2,0,0,2.5,3.6,2.62,Football-Data.co.uk,2022-10-09,2022/23|2022-10-09|Arsenal|Liverpool
2022/23,09/10/2022,Crystal Palace,Leeds,2,1,H,1,1,D,13,10,5,4,5,3,13,23,3,3,0,0,2.05,3.5,3.6,Football-Data.co.uk,2022-10-09,2022/23|2022-10-09|Crystal Palace|Leeds
2022/23,09/10/2022,Everton,Man United,1,2,A,1,2,A,11,12,2,4,5,4,7,13,2,1,0,0,3.6,3.5,2.05,Football-Data.co.uk,2022-10-09,2022/23|2022-10-09|Everton|Man United
2022/23,09/10/2022,West Ham,Fulham,3,1,H,1,1,D,17,8,8,2,4,2,9,7,1,3,0,0,1.72,3.8,4.75,Football-Data.co.uk,2022-10-09,2022/23|2022-10-09|West Ham|Fulham
2022/23,10/10/2022,Nott'm Forest,Aston Villa,1,1,D,1,1,D,6,12,3,2,1,4,13,19,3,3,0,0,3.3,3.4,2.2,Football-Data.co.uk,2022-10-10,2022/23|2022-10-10|Nott'm Forest|Aston Villa
2022/23,14/10/2022,Brentford,Brighton,2,0,H,1,0,H,7,21,3,7,2,11,12,15,3,1,0,0,3.1,3.4,2.3,Football-Data.co.uk,2022-10-14,2022/23|2022-10-14|Brentford|Brighton
2022/23,15/10/2022,Fulham,Bournemouth,2,2,D,1,2,A,19,10,4,6,5,6,9,11,2,0,0,0,1.85,3.75,4.0,Football-Data.co.uk,2022-10-15,2022/23|2022-10-15|Fulham|Bournemouth
2022/23,15/10/2022,Leicester,Crystal Palace,0,0,D,0,0,D,14,8,5,1,9,2,18,13,2,2,0,0,2.3,3.4,3.1,Football-Data.co.uk,2022-10-15,2022/23|2022-10-15|Leicester|Crystal Palace
2022/23,15/10/2022,Tottenham,Everton,2,0,H,0,0,D,21,4,7,0,7,1,12,13,1,4,0,0,1.5,4.5,6.5,Football-Data.co.uk,2022-10-15,2022/23|2022-10-15|Tottenham|Everton
2022/23,15/10/2022,Wolves,Nott'm Forest,1,0,H,0,0,D,9,10,2,2,4,5,17,13,2,2,0,0,1.7,3.75,5.0,Football-Data.co.uk,2022-10-15,2022/23|2022-10-15|Wolves|Nott'm Forest
2022/23,16/10/2022,Aston Villa,Chelsea,0,2,A,0,1,A,18,8,7,4,7,1,12,11,0,3,0,0,4.33,3.75,1.8,Football-Data.co.uk,2022-10-16,2022/23|2022-10-16|Aston Villa|Chelsea
2022/23,16/10/2022,Leeds,Arsenal,0,1,A,0,1,A,16,9,4,4,6,3,10,11,0,2,0,0,6.0,4.2,1.55,Football-Data.co.uk,2022-10-16,2022/23|2022-10-16|Leeds|Arsenal
2022/23,16/10/2022,Liverpool,Man City,1,0,H,0,0,D,13,16,2,6,5,6,10,7,3,1,0,0,3.6,4.0,1.9,Football-Data.co.uk,2022-10-16,2022/23|2022-10-16|Liverpool|Man City
2022/23,16/10/2022,Man United,Newcastle,0,0,D,0,0,D,15,9,2,2,4,4,13,11,3,1,0,0,1.95,3.8,3.5,Football-Data.co.uk,2022-10-16,2022/23|2022-10-16|Man United|Newcastle
2022/23,16/10/2022,Southampton,West Ham,1,1,D,1,0,H,10,25,8,4,4,14,7,3,1,1,0,0,2.9,3.4,2.4,Football-Data.co.uk,2022-10-16,2022/23|2022-10-16|Southampton|West Ham
2022/23,18/10/2022,Brighton,Nott'm Forest,0,0,D,0,0,D,19,3,7,0,9,1,10,14,3,1,0,0,1.4,4.75,7.0,Football-Data.co.uk,2022-10-18,2022/23|2022-10-18|Brighton|Nott'm Forest
2022/23,18/10/2022,Crystal Palace,Wolves,2,1,H,0,1,A,14,10,4,4,4,3,14,18,3,1,0,0,2.25,3.1,3.4,Football-Data.co.uk,2022-10-18,2022/23|2022-10-18|Crystal Palace|Wolves
2022/23,19/10/2022,Bournemouth,Southampton,0,1,A,0,1,A,15,9,3,3,7,3,8,13,1,3,0,0,2.62,3.3,2.62,Football-Data.co.uk,2022-10-19,2022/23|2022-10-19|Bournemouth|Southampton
2022/23,19/10/2022,Brentford,Chelsea,0,0,D,0,0,D,8,14,5,5,6,2,7,7,0,0,0,0,4.75,3.8,1.72,Football-Data.co.uk,2022-10-19,2022/23|2022-10-19|Brentford|Chelsea
2022/23,19/10/2022,Liverpool,West Ham,1,0,H,1,0,H,22,8,7,3,8,3,9,8,0,0,0,0,1.4,5.0,7.0,Football-Data.co.uk,2022-10-19,2022/23|2022-10-19|Liverpool|West Ham
2022/23,19/10/2022,Man United,Tottenham,2,0,H,0,0,D,28,9,10,2,8,3,7,7,1,0,0,0,2.45,3.5,2.75,Football-Data.co.uk,2022-10-19,2022/23|2022-10-19|Man United|Tottenham
2022/23,19/10/2022,Newcastle,Everton,1,0,H,1,0,H,16,1,4,0,8,2,9,12,2,4,0,0,1.6,3.8,5.75,Football-Data.co.uk,2022-10-19,2022/23|2022-10-19|Newcastle|Everton
2022/23,20/10/2022,Fulham,Aston Villa,3,0,H,1,0,H,18,12,8,6,9,7,11,11,0,2,0,1,2.9,3.3,2.5,Football-Data.co.uk,2022-10-20,2022/23|2022-10-20|Fulham|Aston Villa
2022/23,20/10/2022,Leicester,Leeds,2,0,H,2,0,H,5,14,1,2,2,9,15,11,2,1,0,0,2.25,3.6,3.0,Football-Data.co.uk,2022-10-20,2022/23|2022-10-20|Leicester|Leeds
2022/23,22/10/2022,Chelsea,Man United,1,1,D,0,0,D,6,13,2,6,6,4,8,10,1,4,0,0,2.05,3.5,3.5,Football-Data.co.uk,2022-10-22,2022/23|2022-10-22|Chelsea|Man United
2022/23,22/10/2022,Everton,Crystal Palace,3,0,H,1,0,H,9,9,6,2,3,4,16,14,3,4,0,0,2.6,3.2,2.87,Football-Data.co.uk,2022-10-22,2022/23|2022-10-22|Everton|Crystal Palace
2022/23,22/10/2022,Man City,Brighton,3,1,H,2,0,H,10,8,4,2,7,3,11,12,1,3,0,0,1.2,7.0,13.0,Football-Data.co.uk,2022-10-22,2022/23|2022-10-22|Man City|Brighton
2022/23,22/10/2022,Nott'm Forest,Liverpool,1,0,H,0,0,D,10,15,7,7,2,11,14,8,2,1,0,0,11.0,6.0,1.25,Football-Data.co.uk,2022-10-22,2022/23|2022-10-22|Nott'm Forest|Liverpool
2022/23,23/10/2022,Aston Villa,Brentford,4,0,H,3,0,H,19,12,11,3,7,6,14,11,1,0,0,0,2.1,3.5,3.5,Football-Data.co.uk,2022-10-23,2022/23|2022-10-23|Aston Villa|Brentford
2022/23,23/10/2022,Leeds,Fulham,2,3,A,1,1,D,14,11,5,5,3,6,12,8,1,1,0,0,2.05,3.5,3.6,Football-Data.co.uk,2022-10-23,2022/23|2022-10-23|Leeds|Fulham
2022/23,23/10/2022,Southampton,Arsenal,1,1,D,0,1,A,10,12,3,3,9,4,11,8,2,1,0,0,6.0,4.0,1.57,Football-Data.co.uk,2022-10-23,2022/23|2022-10-23|Southampton|Arsenal
2022/23,23/10/2022,Tottenham,Newcastle,1,2,A,0,2,A,17,13,5,5,6,7,12,6,4,2,0,0,2.05,3.5,3.5,Football-Data.co.uk,2022-10-23,2022/23|2022-10-23|Tottenham|Newcastle
2022/23,23/10/2022,Wolves,Leicester,0,4,A,0,2,A,21,5,5,4,9,2,10,13,2,1,0,0,2.25,3.25,3.25,Football-Data.co.uk,2022-10-23,2022/23|2022-10-23|Wolves|Leicester
2022/23,24/10/2022,West Ham,Bournemouth,2,0,H,1,0,H,20,5,4,3,5,0,9,11,0,2,0,0,1.55,4.0,6.0,Football-Data.co.uk,2022-10-24,2022/23|2022-10-24|West Ham|Bournemouth
2022/23,29/10/2022,Bournemouth,Tottenham,2,3,A,1,0,H,6,23,4,7,2,19,10,5,1,2,0,0,5.0,3.8,1.7,Football-Data.co.uk,2022-10-29,2022/23|2022-10-29|Bournemouth|Tottenham
2022/23,29/10/2022,Brentford,Wolves,1,1,D,0,0,D,12,14,3,4,3,6,10,17,3,3,0,1,2.2,3.4,3.3,Football-Data.co.uk,2022-10-29,2022/23|2022-10-29|Brentford|Wolves
2022/23,29/10/2022,Brighton,Chelsea,4,1,H,3,0,H,19,15,9,7,8,7,16,6,1,2,0,0,3.0,3.3,2.4,Football-Data.co.uk,2022-10-29,2022/23|2022-10-29|Brighton|Chelsea
2022/23,29/10/2022,Crystal Palace,Southampton,1,0,H,1,0,H,12,14,3,4,8,4,13,12,3,3,0,0,1.9,3.6,4.0,Football-Data.co.uk,2022-10-29,2022/23|2022-10-29|Crystal Palace|Southampton
2022/23,29/10/2022,Fulham,Everton,0,0,D,0,0,D,24,9,6,4,13,4,10,8,2,1,0,0,2.37,3.4,3.0,Football-Data.co.uk,2022-10-29,2022/23|2022-10-29|Fulham|Everton
2022/23,29/10/2022,Leicester,Man City,0,1,A,0,0,D,10,15,5,5,3,10,5,10,0,0,0,0,10.0,6.5,1.25,Football-Data.co.uk,2022-10-29,2022/23|2022-10-29|Leicester|Man City
2022/23,29/10/2022,Liverpool,Leeds,1,2,A,1,1,D,22,14,10,6,14,5,9,3,0,1,0,0,1.3,6.0,9.0,Football-Data.co.uk,2022-10-29,2022/23|2022-10-29|Liverpool|Leeds
2022/23,29/10/2022,Newcastle,Aston Villa,4,0,H,1,0,H,20,3,7,0,3,0,11,11,1,1,0,0,1.8,3.75,4.5,Football-Data.co.uk,2022-10-29,2022/23|2022-10-29|Newcastle|Aston Villa
2022/23,30/10/2022,Arsenal,Nott'm Forest,5,0,H,1,0,H,24,5,10,2,9,4,9,8,0,1,0,0,1.2,7.0,12.0,Football-Data.co.uk,2022-10-30,2022/23|2022-10-30|Arsenal|Nott'm Forest
2022/23,30/10/2022,Man United,West Ham,1,0,H,1,0,H,16,13,3,5,5,10,12,10,1,3,0,0,1.66,4.0,4.8,Football-Data.co.uk,2022-10-30,2022/23|2022-10-30|Man United|West Ham
2022/23,05/11/2022,Everton,Leicester,0,2,A,0,1,A,12,22,2,8,8,3,9,5,0,0,0,0,2.4,3.3,3.0,Football-Data.co.uk,2022-11-05,2022/23|2022-11-05|Everton|Leicester
2022/23,05/11/2022,Leeds,Bournemouth,4,3,H,1,2,A,18,9,4,6,13,3,16,10,2,2,0,0,1.72,3.8,4.75,Football-Data.co.uk,2022-11-05,2022/23|2022-11-05|Leeds|Bournemouth
2022/23,05/11/2022,Man City,Fulham,2,1,H,1,1,D,16,4,5,2,9,0,6,11,2,4,1,0,1.11,9.5,19.0,Football-Data.co.uk,2022-11-05,2022/23|2022-11-05|Man City|Fulham
2022/23,05/11/2022,Nott'm Forest,Brentford,2,2,D,1,1,D,15,6,7,2,3,3,10,11,2,2,0,0,2.75,3.3,2.6,Football-Data.co.uk,2022-11-05,2022/23|2022-11-05|Nott'm Forest|Brentford
2022/23,05/11/2022,Wolves,Brighton,2,3,A,2,2,D,8,19,5,8,4,9,15,11,2,0,1,0,3.3,3.3,2.25,Football-Data.co.uk,2022-11-05,2022/23|2022-11-05|Wolves|Brighton
2022/23,06/11/2022,Aston Villa,Man United,3,1,H,2,1,H,6,8,4,3,3,5,6,12,3,3,0,0,3.3,3.8,2.1,Football-Data.co.uk,2022-11-06,2022/23|2022-11-06|Aston Villa|Man United
2022/23,06/11/2022,Chelsea,Arsenal,0,1,A,0,0,D,5,14,1,2,4,6,20,13,5,2,0,0,2.55,3.4,2.7,Football-Data.co.uk,2022-11-06,2022/23|2022-11-06|Chelsea|Arsenal
2022/23,06/11/2022,Southampton,Newcastle,1,4,A,0,1,A,16,7,5,4,8,2,7,10,1,0,0,0,4.0,3.6,1.9,Football-Data.co.uk,2022-11-06,2022/23|2022-11-06|Southampton|Newcastle
2022/23,06/11/2022,Tottenham,Liverpool,1,2,A,0,2,A,14,13,5,6,5,3,10,8,0,0,0,0,3.3,3.6,2.1,Football-Data.co.uk,2022-11-06,2022/23|2022-11-06|Tottenham|Liverpool
2022/23,06/11/2022,West Ham,Crystal Palace,1,2,A,1,1,D,5,15,2,6,2,5,10,7,1,1,0,0,1.9,3.4,4.2,Football-Data.co.uk,2022-11-06,2022/23|2022-11-06|West Ham|Crystal Palace
2022/23,12/11/2022,Bournemouth,Everton,3,0,H,2,0,H,16,15,9,3,3,5,12,8,2,0,0,0,2.8,3.25,2.6,Football-Data.co.uk,2022-11-12,2022/23|2022-11-12|Bournemouth|Everton
2022/23,12/11/2022,Liverpool,Southampton,3,1,H,3,1,H,15,9,7,5,6,0,8,8,0,2,0,0,1.25,6.5,11.0,Football-Data.co.uk,2022-11-12,2022/23|2022-11-12|Liverpool|Southampton
2022/23,12/11/2022,Man City,Brentford,1,2,A,1,1,D,29,10,6,8,10,2,9,7,2,2,0,0,1.14,8.0,17.0,Football-Data.co.uk,2022-11-12,2022/23|2022-11-12|Man City|Brentford
2022/23,12/11/2022,Newcastle,Chelsea,1,0,H,0,0,D,10,5,3,2,5,3,14,11,3,2,0,0,2.35,3.4,3.0,Football-Data.co.uk,2022-11-12,2022/23|2022-11-12|Newcastle|Chelsea
2022/23,12/11/2022,Nott'm Forest,Crystal Palace,1,0,H,0,0,D,9,8,2,0,1,5,11,13,1,4,0,0,3.1,3.1,2.45,Football-Data.co.uk,2022-11-12,2022/23|2022-11-12|Nott'm Forest|Crystal Palace
2022/23,12/11/2022,Tottenham,Leeds,4,3,H,1,2,A,14,12,8,5,9,2,8,7,1,1,0,1,1.65,4.2,4.75,Football-Data.co.uk,2022-11-12,2022/23|2022-11-12|Tottenham|Leeds
2022/23,12/11/2022,West Ham,Leicester,0,2,A,0,1,A,18,9,6,6,7,2,9,8,3,1,0,0,2.05,3.4,3.75,Football-Data.co.uk,2022-11-12,2022/23|2022-11-12|West Ham|Leicester
2022/23,12/11/2022,Wolves,Arsenal,0,2,A,0,0,D,11,14,2,4,6,4,5,6,3,2,0,0,6.0,4.2,1.55,Football-Data.co.uk,2022-11-12,2022/23|2022-11-12|Wolves|Arsenal
2022/23,13/11/2022,Brighton,Aston Villa,1,2,A,1,1,D,7,8,2,2,11,4,14,11,2,7,0,0,1.83,3.75,4.2,Football-Data.co.uk,2022-11-13,2022/23|2022-11-13|Brighton|Aston Villa
2022/23,13/11/2022,Fulham,Man United,1,2,A,0,1,A,14,14,7,9,10,3,9,10,1,1,0,0,3.8,3.8,1.9,Football-Data.co.uk,2022-11-13,2022/23|2022-11-13|Fulham|Man United
2022/23,26/12/2022,Arsenal,West Ham,3,1,H,0,1,A,16,8,5,4,7,5,13,17,0,2,0,0,1.5,4.33,6.5,Football-Data.co.uk,2022-12-26,2022/23|2022-12-26|Arsenal|West Ham
2022/23,26/12/2022,Aston Villa,Liverpool,1,3,A,0,2,A,12,16,6,9,0,6,7,12,0,0,0,0,4.75,4.0,1.7,Football-Data.co.uk,2022-12-26,2022/23|2022-12-26|Aston Villa|Liverpool
2022/23,26/12/2022,Brentford,Tottenham,2,2,D,1,0,H,9,16,5,8,6,5,11,10,3,1,0,0,4.0,3.6,1.91,Football-Data.co.uk,2022-12-26,2022/23|2022-12-26|Brentford|Tottenham
2022/23,26/12/2022,Crystal Palace,Fulham,0,3,A,0,1,A,4,23,0,11,1,8,12,15,0,0,2,0,2.05,3.6,3.5,Football-Data.co.uk,2022-12-26,2022/23|2022-12-26|Crystal Palace|Fulham
2022/23,26/12/2022,Everton,Wolves,1,2,A,1,1,D,12,7,6,4,2,2,9,22,1,6,0,0,2.3,3.25,3.2,Football-Data.co.uk,2022-12-26,2022/23|2022-12-26|Everton|Wolves
2022/23,26/12/2022,Leicester,Newcastle,0,3,A,0,3,A,8,12,2,5,5,5,9,6,0,0,0,0,3.25,3.5,2.2,Football-Data.co.uk,2022-12-26,2022/23|2022-12-26|Leicester|Newcastle
2022/23,26/12/2022,Southampton,Brighton,1,3,A,0,2,A,14,7,4,4,4,2,9,10,1,2,0,0,3.3,3.5,2.15,Football-Data.co.uk,2022-12-26,2022/23|2022-12-26|Southampton|Brighton
2022/23,27/12/2022,Chelsea,Bournemouth,2,0,H,2,0,H,15,9,5,4,6,8,8,10,0,0,0,0,1.3,5.5,10.0,Football-Data.co.uk,2022-12-27,2022/23|2022-12-27|Chelsea|Bournemouth
2022/23,27/12/2022,Man United,Nott'm Forest,3,0,H,2,0,H,17,8,8,3,9,9,13,4,3,1,0,0,1.29,5.5,11.0,Football-Data.co.uk,2022-12-27,2022/23|2022-12-27|Man United|Nott'm Forest
2022/23,28/12/2022,Leeds,Man City,1,3,A,0,1,A,9,26,1,9,3,5,11,14,3,3,0,0,9.5,6.0,1.29,Football-Data.co.uk,2022-12-28,2022/23|2022-12-28|Leeds|Man City
2022/23,30/12/2022,Liverpool,Leicester,2,1,H,2,1,H,21,7,5,2,4,5,8,15,0,1,0,0,1.29,6.0,9.5,Football-Data.co.uk,2022-12-30,2022/23|2022-12-30|Liverpool|Leicester
2022/23,30/12/2022,West Ham,Brentford,0,2,A,0,2,A,20,9,5,6,8,1,9,5,1,0,0,0,2.0,3.6,3.6,Football-Data.co.uk,2022-12-30,2022/23|2022-12-30|West Ham|Brentford
2022/23,31/12/2022,Bournemouth,Crystal Palace,0,2,A,0,2,A,6,15,2,6,2,7,17,11,4,1,0,0,2.8,3.3,2.5,Football-Data.co.uk,2022-12-31,2022/23|2022-12-31|Bournemouth|Crystal Palace
2022/23,31/12/2022,Brighton,Arsenal,2,4,A,0,2,A,9,14,5,7,7,4,7,11,3,3,0,0,3.4,3.5,2.1,Football-Data.co.uk,2022-12-31,2022/23|2022-12-31|Brighton|Arsenal
2022/23,31/12/2022,Fulham,Southampton,2,1,H,1,0,H,8,9,2,3,4,4,8,13,0,1,0,0,1.95,3.6,3.75,Football-Data.co.uk,2022-12-31,2022/23|2022-12-31|Fulham|Southampton
2022/23,31/12/2022,Man City,Everton,1,1,D,1,0,H,16,2,3,1,7,1,13,14,3,4,0,0,1.13,9.0,19.0,Football-Data.co.uk,2022-12-31,2022/23|2022-12-31|Man City|Everton
2022/23,31/12/2022,Newcastle,Leeds,0,0,D,0,0,D,16,8,5,1,9,3,13,19,3,5,0,0,1.45,4.5,7.0,Football-Data.co.uk,2022-12-31,2022/23|2022-12-31|Newcastle|Leeds
2022/23,31/12/2022,Wolves,Man United,0,1,A,0,0,D,10,16,3,6,7,5,11,11,1,3,0,0,4.0,3.6,1.91,Football-Data.co.uk,2022-12-31,2022/23|2022-12-31|Wolves|Man United
2022/23,01/01/2023,Nott'm Forest,Chelsea,1,1,D,0,1,A,12,7,5,2,1,2,16,14,2,2,0,0,5.0,3.8,1.7,Football-Data.co.uk,2023-01-01,2022/23|2023-01-01|Nott'm Forest|Chelsea
2022/23,01/01/2023,Tottenham,Aston Villa,0,2,A,0,0,D,6,13,2,4,5,3,15,10,4,3,0,0,1.67,4.0,5.0,Football-Data.co.uk,2023-01-01,2022/23|2023-01-01|Tottenham|Aston Villa
2022/23,02/01/2023,Brentford,Liverpool,3,1,H,2,0,H,10,16,7,6,4,9,5,8,1,3,0,0,5.5,4.33,1.55,Football-Data.co.uk,2023-01-02,2022/23|2023-01-02|Brentford|Liverpool
2022/23,03/01/2023,Arsenal,Newcastle,0,0,D,0,0,D,17,8,4,1,5,5,10,16,4,4,0,0,1.8,3.8,4.33,Football-Data.co.uk,2023-01-03,2022/23|2023-01-03|Arsenal|Newcastle
2022/23,03/01/2023,Everton,Brighton,1,4,A,0,1,A,10,19,4,8,5,2,8,10,3,1,0,0,3.5,3.5,2.1,Football-Data.co.uk,2023-01-03,2022/23|2023-01-03|Everton|Brighton
2022/23,03/01/2023,Leicester,Fulham,0,1,A,0,1,A,15,11,6,2,6,3,12,11,2,6,0,0,2.2,3.6,3.1,Football-Data.co.uk,2023-01-03,2022/23|2023-01-03|Leicester|Fulham
2022/23,03/01/2023,Man United,Bournemouth,3,0,H,1,0,H,18,7,6,4,6,5,13,7,0,3,0,0,1.29,5.5,11.0,Football-Data.co.uk,2023-01-03,2022/23|2023-01-03|Man United|Bournemouth
2022/23,04/01/2023,Aston Villa,Wolves,1,1,D,0,1,A,13,10,4,3,7,8,6,12,1,3,0,0,1.95,3.6,4.0,Football-Data.co.uk,2023-01-04,2022/23|2023-01-04|Aston Villa|Wolves
2022/23,04/01/2023,Crystal Palace,Tottenham,0,4,A,0,0,D,19,14,4,6,10,4,11,8,1,2,0,0,3.4,3.5,2.15,Football-Data.co.uk,2023-01-04,2022/23|2023-01-04|Crystal Palace|Tottenham
2022/23,04/01/2023,Leeds,West Ham,2,2,D,1,1,D,14,15,6,2,8,1,11,18,3,1,0,0,2.6,3.5,2.6,Football-Data.co.uk,2023-01-04,2022/23|2023-01-04|Leeds|West Ham
2022/23,04/01/2023,Southampton,Nott'm Forest,0,1,A,0,1,A,8,11,0,1,6,2,14,17,2,2,0,0,2.0,3.5,3.8,Football-Data.co.uk,2023-01-04,2022/23|2023-01-04|Southampton|Nott'm Forest
2022/23,05/01/2023,Chelsea,Man City,0,1,A,0,0,D,8,12,2,3,3,2,9,9,2,0,0,0,5.0,4.0,1.67,Football-Data.co.uk,2023-01-05,2022/23|2023-01-05|Chelsea|Man City
2022/23,12/01/2023,Fulham,Chelsea,2,1,H,1,0,H,8,20,3,10,5,7,12,16,4,3,0,1,3.3,3.5,2.15,Football-Data.co.uk,2023-01-12,2022/23|2023-01-12|Fulham|Chelsea
2022/23,13/01/2023,Aston Villa,Leeds,2,1,H,1,0,H,11,16,5,4,0,11,12,8,2,2,0,0,1.91,3.6,4.0,Football-Data.co.uk,2023-01-13,2022/23|2023-01-13|Aston Villa|Leeds
2022/23,14/01/2023,Brentford,Bournemouth,2,0,H,1,0,H,12,7,4,2,5,3,5,9,1,1,0,0,1.65,4.0,5.25,Football-Data.co.uk,2023-01-14,2022/23|2023-01-14|Brentford|Bournemouth
2022/23,14/01/2023,Brighton,Liverpool,3,0,H,0,0,D,16,6,9,2,7,1,8,15,1,3,0,0,3.4,3.6,2.1,Football-Data.co.uk,2023-01-14,2022/23|2023-01-14|Brighton|Liverpool
2022/23,14/01/2023,Everton,Southampton,1,2,A,1,0,H,12,13,4,5,6,4,7,19,0,3,0,0,2.25,3.25,3.3,Football-Data.co.uk,2023-01-14,2022/23|2023-01-14|Everton|Southampton
2022/23,14/01/2023,Man United,Man City,2,1,H,0,0,D,8,5,4,1,1,2,15,5,3,0,0,0,4.2,3.6,1.85,Football-Data.co.uk,2023-01-14,2022/23|2023-01-14|Man United|Man City
2022/23,14/01/2023,Nott'm Forest,Leicester,2,0,H,0,0,D,15,6,5,1,3,5,11,12,1,2,0,0,2.7,3.3,2.63,Football-Data.co.uk,2023-01-14,2022/23|2023-01-14|Nott'm Forest|Leicester
2022/23,14/01/2023,Wolves,West Ham,1,0,H,0,0,D,17,16,4,4,4,3,10,7,0,2,0,0,2.63,3.3,2.7,Football-Data.co.uk,2023-01-14,2022/23|2023-01-14|Wolves|West Ham
2022/23,15/01/2023,Chelsea,Crystal Palace,1,0,H,0,0,D,15,10,5,5,11,7,10,17,2,5,0,0,1.62,4.0,5.25,Football-Data.co.uk,2023-01-15,2022/23|2023-01-15|Chelsea|Crystal Palace
2022/23,15/01/2023,Newcastle,Fulham,1,0,H,0,0,D,20,5,5,0,10,5,6,14,1,3,0,0,1.5,4.33,6.5,Football-Data.co.uk,2023-01-15,2022/23|2023-01-15|Newcastle|Fulham
2022/23,15/01/2023,Tottenham,Arsenal,0,2,A,0,2,A,17,14,7,5,4,3,16,15,4,2,0,0,3.1,3.6,2.2,Football-Data.co.uk,2023-01-15,2022/23|2023-01-15|Tottenham|Arsenal
2022/23,18/01/2023,Crystal Palace,Man United,1,1,D,0,1,A,10,15,5,4,3,3,9,10,1,2,0,0,4.5,3.6,1.8,Football-Data.co.uk,2023-01-18,2022/23|2023-01-18|Crystal Palace|Man United
2022/23,19/01/2023,Man City,Tottenham,4,2,H,0,2,A,16,9,6,3,8,3,10,14,1,2,0,0,1.36,5.0,8.5,Football-Data.co.uk,2023-01-19,2022/23|2023-01-19|Man City|Tottenham
2022/23,21/01/2023,Bournemouth,Nott'm Forest,1,1,D,1,0,H,16,20,4,5,4,6,10,7,1,2,0,0,2.75,3.1,2.75,Football-Data.co.uk,2023-01-21,2022/23|2023-01-21|Bournemouth|Nott'm Forest
2022/23,21/01/2023,Crystal Palace,Newcastle,0,0,D,0,0,D,6,16,1,7,3,15,13,7,4,2,0,0,4.4,3.5,1.85,Football-Data.co.uk,2023-01-21,2022/23|2023-01-21|Crystal Palace|Newcastle
2022/23,21/01/2023,Leicester,Brighton,2,2,D,1,1,D,9,13,2,4,5,6,9,9,0,1,0,0,3.6,3.5,2.05,Football-Data.co.uk,2023-01-21,2022/23|2023-01-21|Leicester|Brighton
2022/23,21/01/2023,Liverpool,Chelsea,0,0,D,0,0,D,15,11,3,2,5,5,16,9,3,1,0,0,1.85,3.75,4.0,Football-Data.co.uk,2023-01-21,2022/23|2023-01-21|Liverpool|Chelsea
2022/23,21/01/2023,Southampton,Aston Villa,0,1,A,0,0,D,8,16,5,5,2,2,19,9,1,2,0,0,2.88,3.25,2.55,Football-Data.co.uk,2023-01-21,2022/23|2023-01-21|Southampton|Aston Villa
2022/23,21/01/2023,West Ham,Everton,2,0,H,2,0,H,11,5,4,2,4,9,9,6,1,1,0,0,1.8,3.75,4.75,Football-Data.co.uk,2023-01-21,2022/23|2023-01-21|West Ham|Everton
2022/23,22/01/2023,Arsenal,Man United,3,2,H,1,1,D,25,6,5,4,12,4,8,9,1,2,0,0,1.8,3.8,4.2,Football-Data.co.uk,2023-01-22,2022/23|2023-01-22|Arsenal|Man United
2022/23,22/01/2023,Leeds,Brentford,0,0,D,0,0,D,9,6,5,0,2,3,10,18,2,2,0,0,2.38,3.6,2.88,Football-Data.co.uk,2023-01-22,2022/23|2023-01-22|Leeds|Brentford
2022/23,22/01/2023,Man City,Wolves,3,0,H,1,0,H,13,10,7,1,5,7,10,10,1,2,0,0,1.2,8.0,11.0,Football-Data.co.uk,2023-01-22,2022/23|2023-01-22|Man City|Wolves
2022/23,23/01/2023,Fulham,Tottenham,0,1,A,0,1,A,10,10,5,3,3,8,10,10,1,3,0,0,3.3,3.6,2.1,Football-Data.co.uk,2023-01-23,2022/23|2023-01-23|Fulham|Tottenham
2022/23,03/02/2023,Chelsea,Fulham,0,0,D,0,0,D,12,10,3,4,6,2,16,12,1,4,0,0,1.62,4.0,5.25,Football-Data.co.uk,2023-02-03,2022/23|2023-02-03|Chelsea|Fulham
2022/23,04/02/2023,Aston Villa,Leicester,2,4,A,2,3,A,19,9,4,5,11,3,10,10,0,2,0,0,1.95,3.6,3.8,Football-Data.co.uk,2023-02-04,2022/23|2023-02-04|Aston Villa|Leicester
2022/23,04/02/2023,Brentford,Southampton,3,0,H,2,0,H,14,14,4,6,4,4,10,9,1,2,0,0,1.85,3.6,4.2,Football-Data.co.uk,2023-02-04,2022/23|2023-02-04|Brentford|Southampton
2022/23,04/02/2023,Brighton,Bournemouth,1,0,H,0,0,D,20,12,6,2,7,3,14,7,3,1,0,0,1.33,5.25,8.5,Football-Data.co.uk,2023-02-04,2022/23|2023-02-04|Brighton|Bournemouth
2022/23,04/02/2023,Everton,Arsenal,1,0,H,0,0,D,12,15,4,3,7,5,13,8,4,1,0,0,8.5,4.5,1.4,Football-Data.co.uk,2023-02-04,2022/23|2023-02-04|Everton|Arsenal
2022/23,04/02/2023,Man United,Crystal Palace,2,1,H,1,0,H,14,10,5,3,5,5,9,9,1,2,1,0,1.4,4.75,8.0,Football-Data.co.uk,2023-02-04,2022/23|2023-02-04|Man United|Crystal Palace
2022/23,04/02/2023,Newcastle,West Ham,1,1,D,1,1,D,8,10,2,1,4,2,11,13,2,1,0,0,1.6,3.8,6.0,Football-Data.co.uk,2023-02-04,2022/23|2023-02-04|Newcastle|West Ham
2022/23,04/02/2023,Wolves,Liverpool,3,0,H,2,0,H,12,22,6,4,2,7,9,7,1,1,0,0,4.0,3.8,1.85,Football-Data.co.uk,2023-02-04,2022/23|2023-02-04|Wolves|Liverpool
2022/23,05/02/2023,Nott'm Forest,Leeds,1,0,H,1,0,H,6,10,2,4,0,2,15,14,4,2,0,0,2.63,3.3,2.7,Football-Data.co.uk,2023-02-05,2022/23|2023-02-05|Nott'm Forest|Leeds
2022/23,05/02/2023,Tottenham,Man City,1,0,H,1,0,H,12,15,3,5,4,6,19,14,2,3,1,0,4.33,4.2,1.73,Football-Data.co.uk,2023-02-05,2022/23|2023-02-05|Tottenham|Man City
2022/23,08/02/2023,Man United,Leeds,2,2,D,0,1,A,24,8,7,2,6,5,7,11,1,3,0,0,1.45,5.0,6.0,Football-Data.co.uk,2023-02-08,2022/23|2023-02-08|Man United|Leeds
2022/23,11/02/2023,Arsenal,Brentford,1,1,D,0,0,D,23,9,7,2,7,4,9,9,0,2,0,0,1.44,4.75,7.0,Football-Data.co.uk,2023-02-11,2022/23|2023-02-11|Arsenal|Brentford
2022/23,11/02/2023,Bournemouth,Newcastle,1,1,D,1,1,D,11,15,5,7,4,6,8,10,2,3,0,0,6.5,4.0,1.53,Football-Data.co.uk,2023-02-11,2022/23|2023-02-11|Bournemouth|Newcastle
2022/23,11/02/2023,Crystal Palace,Brighton,1,1,D,0,0,D,6,17,1,7,1,6,10,11,4,1,0,0,3.8,3.5,2.0,Football-Data.co.uk,2023-02-11,2022/23|2023-02-11|Crystal Palace|Brighton
2022/23,11/02/2023,Fulham,Nott'm Forest,2,0,H,1,0,H,16,10,3,1,5,4,9,11,0,1,0,0,1.91,3.5,4.33,Football-Data.co.uk,2023-02-11,2022/23|2023-02-11|Fulham|Nott'm Forest
2022/23,11/02/2023,Leicester,Tottenham,4,1,H,3,1,H,15,11,7,4,1,5,14,9,5,2,0,0,3.4,3.6,2.1,Football-Data.co.uk,2023-02-11,2022/23|2023-02-11|Leicester|Tottenham
2022/23,11/02/2023,Southampton,Wolves,1,2,A,1,0,H,17,11,2,2,5,2,12,14,2,2,0,1,2.9,3.2,2.55,Football-Data.co.uk,2023-02-11,2022/23|2023-02-11|Southampton|Wolves
2022/23,11/02/2023,West Ham,Chelsea,1,1,D,1,1,D,10,12,2,4,5,6,9,11,1,1,0,0,3.3,3.3,2.25,Football-Data.co.uk,2023-02-11,2022/23|2023-02-11|West Ham|Chelsea
2022/23,12/02/2023,Leeds,Man United,0,2,A,0,0,D,16,11,6,5,7,3,10,13,2,1,0,0,3.75,3.8,1.91,Football-Data.co.uk,2023-02-12,2022/23|2023-02-12|Leeds|Man United
2022/23,12/02/2023,Man City,Aston Villa,3,1,H,3,0,H,17,6,9,2,8,4,13,14,1,2,0,0,1.25,6.5,11.0,Football-Data.co.uk,2023-02-12,2022/23|2023-02-12|Man City|Aston Villa
2022/23,13/02/2023,Liverpool,Everton,2,0,H,1,0,H,15,6,6,1,3,3,8,16,1,3,0,0,1.5,4.33,6.5,Football-Data.co.uk,2023-02-13,2022/23|2023-02-13|Liverpool|Everton
2022/23,15/02/2023,Arsenal,Man City,1,3,A,1,1,D,10,9,1,6,1,3,11,15,2,3,0,0,2.9,3.5,2.35,Football-Data.co.uk,2023-02-15,2022/23|2023-02-15|Arsenal|Man City
2022/23,18/02/2023,Aston Villa,Arsenal,2,4,A,2,1,H,7,20,5,5,2,9,13,4,2,1,0,0,4.5,3.6,1.5,Football-Data.co.uk,2023-02-18,2022/23|2023-02-18|Aston Villa|Arsenal
2022/23,18/02/2023,Brentford,Crystal Palace,1,1,D,0,0,D,12,10,5,4,2,6,10,8,2,2,0,0,1.83,3.5,4.5,Football-Data.co.uk,2023-02-18,2022/23|2023-02-18|Brentford|Crystal Palace
2022/23,18/02/2023,Brighton,Fulham,0,1,A,0,0,D,21,5,7,2,10,2,12,14,0,5,0,0,1.65,3.8,5.5,Football-Data.co.uk,2023-02-18,2022/23|2023-02-18|Brighton|Fulham
2022/23,18/02/2023,Chelsea,Southampton,0,1,A,0,1,A,17,8,5,5,8,2,16,24,3,6,0,0,1.4,4.75,8.5,Football-Data.co.uk,2023-02-18,2022/23|2023-02-18|Chelsea|Southampton
2022/23,18/02/2023,Everton,Leeds,1,0,H,0,0,D,15,8,6,0,6,4,8,6,2,3,0,0,2.4,3.3,3.0,Football-Data.co.uk,2023-02-18,2022/23|2023-02-18|Everton|Leeds
2022/23,18/02/2023,Newcastle,Liverpool,0,2,A,0,2,A,14,13,4,7,6,7,3,8,1,1,1,0,2.5,3.5,2.7,Football-Data.co.uk,2023-02-18,2022/23|2023-02-18|Newcastle|Liverpool
2022/23,18/02/2023,Nott'm Forest,Man City,1,1,D,0,1,A,4,26,1,6,0,10,8,6,1,0,0,0,8.5,5.5,1.3,Football-Data.co.uk,2023-02-18,2022/23|2023-02-18|Nott'm Forest|Man City
2022/23,18/02/2023,Wolves,Bournemouth,0,1,A,0,0,D,15,5,4,1,12,2,12,10,3,3,0,0,1.67,3.6,6.0,Football-Data.co.uk,2023-02-18,2022/23|2023-02-18|Wolves|Bournemouth
2022/23,19/02/2023,Man United,Leicester,3,0,H,1,0,H,26,19,8,3,6,6,9,9,0,2,0,0,1.62,4.33,5.25,Football-Data.co.uk,2023-02-19,2022/23|2023-02-19|Man United|Leicester
2022/23,19/02/2023,Tottenham,West Ham,2,0,H,0,0,D,16,6,6,1,4,7,16,10,2,1,0,0,1.75,3.6,4.75,Football-Data.co.uk,2023-02-19,2022/23|2023-02-19|Tottenham|West Ham
2022/23,24/02/2023,Fulham,Wolves,1,1,D,0,1,A,10,8,5,2,4,3,12,17,2,0,0,0,2.5,3.2,3.0,Football-Data.co.uk,2023-02-24,2022/23|2023-02-24|Fulham|Wolves
2022/23,25/02/2023,Bournemouth,Man City,1,4,A,0,3,A,13,20,2,5,4,6,10,9,2,2,0,0,10.0,5.75,1.29,Football-Data.co.uk,2023-02-25,2022/23|2023-02-25|Bournemouth|Man City
2022/23,25/02/2023,Crystal Palace,Liverpool,0,0,D,0,0,D,6,12,0,4,5,3,11,14,2,5,0,0,4.75,3.8,1.73,Football-Data.co.uk,2023-02-25,2022/23|2023-02-25|Crystal Palace|Liverpool
2022/23,25/02/2023,Everton,Aston Villa,0,2,A,0,0,D,15,9,5,5,5,1,12,12,2,1,0,0,2.5,3.2,3.0,Football-Data.co.uk,2023-02-25,2022/23|2023-02-25|Everton|Aston Villa
2022/23,25/02/2023,Leeds,Southampton,1,0,H,0,0,D,14,8,4,2,9,2,15,13,2,4,0,0,1.95,3.5,4.0,Football-Data.co.uk,2023-02-25,2022/23|2023-02-25|Leeds|Southampton
2022/23,25/02/2023,Leicester,Arsenal,0,1,A,0,0,D,1,10,0,2,0,8,14,9,0,1,0,0,4.75,4.0,1.7,Football-Data.co.uk,2023-02-25,2022/23|2023-02-25|Leicester|Arsenal
2022/23,25/02/2023,West Ham,Nott'm Forest,4,0,H,0,0,D,18,8,5,3,12,3,8,5,0,0,0,0,1.75,3.6,5.0,Football-Data.co.uk,2023-02-25,2022/23|2023-02-25|West Ham|Nott'm Forest
2022/23,26/02/2023,Tottenham,Chelsea,2,0,H,0,0,D,8,10,3,2,4,4,10,10,2,3,0,0,2.55,3.25,2.9,Football-Data.co.uk,2023-02-26,2022/23|2023-02-26|Tottenham|Chelsea
2022/23,01/03/2023,Arsenal,Everton,4,0,H,2,0,H,15,8,5,5,5,1,5,12,0,2,0,0,1.36,4.75,10.0,Football-Data.co.uk,2023-03-01,2022/23|2023-03-01|Arsenal|Everton
2022/23,01/03/2023,Liverpool,Wolves,2,0,H,0,0,D,15,4,6,1,5,2,13,14,2,3,0,0,1.5,4.75,6.0,Football-Data.co.uk,2023-03-01,2022/23|2023-03-01|Liverpool|Wolves
2022/23,04/03/2023,Arsenal,Bournemouth,3,2,H,0,1,A,31,4,9,4,17,1,6,8,0,2,0,0,1.22,7.0,12.0,Football-Data.co.uk,2023-03-04,2022/23|2023-03-04|Arsenal|Bournemouth
2022/23,04/03/2023,Aston Villa,Crystal Palace,1,0,H,1,0,H,8,3,1,0,2,4,14,17,2,3,0,1,2.05,3.3,3.8,Football-Data.co.uk,2023-03-04,2022/23|2023-03-04|Aston Villa|Crystal Palace
2022/23,04/03/2023,Brighton,West Ham,4,0,H,1,0,H,20,3,9,2,7,3,6,8,0,3,0,0,1.8,3.6,4.5,Football-Data.co.uk,2023-03-04,2022/23|2023-03-04|Brighton|West Ham
2022/23,04/03/2023,Chelsea,Leeds,1,0,H,0,0,D,13,11,3,2,5,7,10,7,2,0,0,0,1.62,4.0,5.5,Football-Data.co.uk,2023-03-04,2022/23|2023-03-04|Chelsea|Leeds
2022/23,04/03/2023,Man City,Newcastle,2,0,H,1,0,H,11,5,3,2,8,4,8,13,2,4,0,0,1.45,4.5,7.0,Football-Data.co.uk,2023-03-04,2022/23|2023-03-04|Man City|Newcastle
2022/23,04/03/2023,Southampton,Leicester,1,0,H,1,0,H,11,11,5,0,3,4,12,11,4,2,0,0,2.75,3.3,2.6,Football-Data.co.uk,2023-03-04,2022/23|2023-03-04|Southampton|Leicester
2022/23,04/03/2023,Wolves,Tottenham,1,0,H,0,0,D,8,21,5,6,4,8,11,18,1,1,0,0,3.3,3.4,2.2,Football-Data.co.uk,2023-03-04,2022/23|2023-03-04|Wolves|Tottenham
2022/23,05/03/2023,Liverpool,Man United,7,0,H,1,0,H,18,8,8,4,4,3,13,14,2,3,0,0,2.38,3.6,2.88,Football-Data.co.uk,2023-03-05,2022/23|2023-03-05|Liverpool|Man United
2022/23,05/03/2023,Nott'm Forest,Everton,2,2,D,1,2,A,10,10,4,3,3,3,11,17,3,5,0,0,2.7,3.0,2.88,Football-Data.co.uk,2023-03-05,2022/23|2023-03-05|Nott'm Forest|Everton
2022/23,06/03/2023,Brentford,Fulham,3,2,H,1,1,D,14,9,6,5,2,3,12,17,0,3,0,0,1.95,3.6,3.75,Football-Data.co.uk,2023-03-06,2022/23|2023-03-06|Brentford|Fulham
2022/23,11/03/2023,Bournemouth,Liverpool,1,0,H,1,0,H,5,15,2,6,3,8,7,9,2,1,0,0,7.5,5.0,1.4,Football-Data.co.uk,2023-03-11,2022/23|2023-03-11|Bournemouth|Liverpool
2022/23,11/03/2023,Crystal Palace,Man City,0,1,A,0,0,D,4,14,0,4,2,6,11,17,2,2,0,0,9.0,4.75,1.36,Football-Data.co.uk,2023-03-11,2022/23|2023-03-11|Crystal Palace|Man City
2022/23,11/03/2023,Everton,Brentford,1,0,H,1,0,H,13,12,6,4,5,8,11,12,2,1,0,0,2.7,3.25,2.7,Football-Data.co.uk,2023-03-11,2022/23|2023-03-11|Everton|Brentford
2022/23,11/03/2023,Leeds,Brighton,2,2,D,1,1,D,12,14,4,2,4,7,12,9,1,1,0,0,3.75,3.6,1.95,Football-Data.co.uk,2023-03-11,2022/23|2023-03-11|Leeds|Brighton
2022/23,11/03/2023,Leicester,Chelsea,1,3,A,1,2,A,17,12,7,6,2,5,10,11,1,2,1,0,3.75,3.5,1.95,Football-Data.co.uk,2023-03-11,2022/23|2023-03-11|Leicester|Chelsea
2022/23,11/03/2023,Tottenham,Nott'm Forest,3,1,H,2,0,H,15,9,7,5,2,10,13,13,3,1,0,0,1.44,4.75,7.0,Football-Data.co.uk,2023-03-11,2022/23|2023-03-11|Tottenham|Nott'm Forest
2022/23,12/03/2023,Fulham,Arsenal,0,3,A,0,3,A,12,15,2,7,4,8,10,9,0,1,0,0,6.0,4.0,1.57,Football-Data.co.uk,2023-03-12,2022/23|2023-03-12|Fulham|Arsenal
2022/23,12/03/2023,Man United,Southampton,0,0,D,0,0,D,10,17,4,4,7,8,12,9,2,0,0,0,1.36,5.0,9.0,Football-Data.co.uk,2023-03-12,2022/23|2023-03-12|Man United|Southampton
2022/23,12/03/2023,Newcastle,Wolves,2,1,H,1,0,H,19,7,8,4,10,3,11,10,1,2,0,0,1.65,3.75,5.5,Football-Data.co.uk,2023-03-12,2022/23|2023-03-12|Newcastle|Wolves
2022/23,12/03/2023,West Ham,Aston Villa,1,1,D,1,1,D,17,12,6,4,13,2,8,6,1,0,0,0,2.2,3.3,3.4,Football-Data.co.uk,2023-03-12,2022/23|2023-03-12|West Ham|Aston Villa
2022/23,15/03/2023,Brighton,Crystal Palace,1,0,H,1,0,H,11,11,5,3,1,4,13,20,1,2,0,0,1.44,4.2,8.0,Football-Data.co.uk,2023-03-15,2022/23|2023-03-15|Brighton|Crystal Palace
2022/23,15/03/2023,Southampton,Brentford,0,2,A,0,1,A,7,11,1,5,3,3,14,10,1,2,0,0,2.88,3.25,2.5,Football-Data.co.uk,2023-03-15,2022/23|2023-03-15|Southampton|Brentford
2022/23,17/03/2023,Nott'm Forest,Newcastle,1,2,A,1,1,D,5,15,3,4,3,7,17,9,5,1,0,0,5.5,3.8,1.62,Football-Data.co.uk,2023-03-17,2022/23|2023-03-17|Nott'm Forest|Newcastle
2022/23,18/03/2023,Aston Villa,Bournemouth,3,0,H,1,0,H,20,10,9,3,9,6,8,13,1,4,0,0,1.7,3.8,5.0,Football-Data.co.uk,2023-03-18,2022/23|2023-03-18|Aston Villa|Bournemouth
2022/23,18/03/2023,Brentford,Leicester,1,1,D,1,0,H,11,14,2,1,8,4,10,11,1,2,1,0,1.91,3.6,3.75,Football-Data.co.uk,2023-03-18,2022/23|2023-03-18|Brentford|Leicester
2022/23,18/03/2023,Chelsea,Everton,2,2,D,0,0,D,20,12,7,3,8,2,8,12,2,2,0,0,1.5,4.2,7.5,Football-Data.co.uk,2023-03-18,2022/23|2023-03-18|Chelsea|Everton
2022/23,18/03/2023,Southampton,Tottenham,3,3,D,0,1,A,19,17,7,3,10,3,13,8,1,1,0,0,4.75,3.6,1.75,Football-Data.co.uk,2023-03-18,2022/23|2023-03-18|Southampton|Tottenham
2022/23,18/03/2023,Wolves,Leeds,2,4,A,0,1,A,23,11,8,4,5,4,15,9,3,5,1,0,2.25,3.2,3.3,Football-Data.co.uk,2023-03-18,2022/23|2023-03-18|Wolves|Leeds
2022/23,19/03/2023,Arsenal,Crystal Palace,4,1,H,2,0,H,15,8,5,4,5,4,8,10,0,1,0,0,1.25,5.5,15.0,Football-Data.co.uk,2023-03-19,2022/23|2023-03-19|Arsenal|Crystal Palace
2022/23,01/04/2023,Arsenal,Leeds,4,1,H,1,0,H,13,7,6,5,4,3,11,13,0,2,0,0,1.29,6.0,9.0,Football-Data.co.uk,2023-04-01,2022/23|2023-04-01|Arsenal|Leeds
2022/23,01/04/2023,Bournemouth,Fulham,2,1,H,0,1,A,12,10,7,2,4,3,15,13,1,4,0,0,2.55,3.3,2.8,Football-Data.co.uk,2023-04-01,2022/23|2023-04-01|Bournemouth|Fulham
2022/23,01/04/2023,Brighton,Brentford,3,3,D,2,2,D,33,7,15,5,14,0,16,10,2,1,0,0,1.67,4.0,5.0,Football-Data.co.uk,2023-04-01,2022/23|2023-04-01|Brighton|Brentford
2022/23,01/04/2023,Chelsea,Aston Villa,0,2,A,0,1,A,27,5,8,2,13,2,14,16,3,3,0,0,1.67,3.8,5.25,Football-Data.co.uk,2023-04-01,2022/23|2023-04-01|Chelsea|Aston Villa
2022/23,01/04/2023,Crystal Palace,Leicester,2,1,H,0,0,D,31,3,9,2,10,1,12,16,3,4,0,0,2.5,3.25,2.9,Football-Data.co.uk,2023-04-01,2022/23|2023-04-01|Crystal Palace|Leicester
2022/23,01/04/2023,Man City,Liverpool,4,1,H,1,1,D,17,4,8,1,7,1,9,12,1,1,0,0,1.62,4.2,5.0,Football-Data.co.uk,2023-04-01,2022/23|2023-04-01|Man City|Liverpool
2022/23,01/04/2023,Nott'm Forest,Wolves,1,1,D,1,0,H,17,8,7,1,4,3,14,13,3,5,0,0,3.0,3.1,2.55,Football-Data.co.uk,2023-04-01,2022/23|2023-04-01|Nott'm Forest|Wolves
2022/23,02/04/2023,Newcastle,Man United,2,0,H,0,0,D,22,6,6,1,7,4,8,12,0,0,0,0,2.4,3.4,2.9,Football-Data.co.uk,2023-04-02,2022/23|2023-04-02|Newcastle|Man United
2022/23,02/04/2023,West Ham,Southampton,1,0,H,1,0,H,12,9,2,3,5,3,10,11,0,2,0,0,1.73,3.6,5.0,Football-Data.co.uk,2023-04-02,2022/23|2023-04-02|West Ham|Southampton
2022/23,03/04/2023,Everton,Tottenham,1,1,D,0,0,D,15,8,6,2,3,3,10,14,0,3,1,1,3.4,3.3,2.2,Football-Data.co.uk,2023-04-03,2022/23|2023-04-03|Everton|Tottenham
2022/23,04/04/2023,Bournemouth,Brighton,0,2,A,0,1,A,14,16,3,6,5,5,11,5,1,1,0,0,6.0,4.2,1.53,Football-Data.co.uk,2023-04-04,2022/23|2023-04-04|Bournemouth|Brighton
2022/23,04/04/2023,Chelsea,Liverpool,0,0,D,0,0,D,12,7,3,4,3,5,6,17,1,4,0,0,2.2,3.4,3.25,Football-Data.co.uk,2023-04-04,2022/23|2023-04-04|Chelsea|Liverpool
2022/23,04/04/2023,Leeds,Nott'm Forest,2,1,H,2,1,H,21,13,6,1,11,4,11,13,1,4,0,0,1.7,3.75,5.0,Football-Data.co.uk,2023-04-04,2022/23|2023-04-04|Leeds|Nott'm Forest
2022/23,04/04/2023,Leicester,Aston Villa,1,2,A,1,1,D,9,15,4,5,4,8,10,14,2,0,1,0,2.55,3.3,2.75,Football-Data.co.uk,2023-04-04,2022/23|2023-04-04|Leicester|Aston Villa
2022/23,05/04/2023,Man United,Brentford,1,0,H,1,0,H,18,6,3,1,12,3,8,13,3,2,0,0,1.65,4.0,5.0,Football-Data.co.uk,2023-04-05,2022/23|2023-04-05|Man United|Brentford
2022/23,05/04/2023,West Ham,Newcastle,1,5,A,1,2,A,7,15,2,8,7,6,11,12,2,1,0,0,3.6,3.25,2.15,Football-Data.co.uk,2023-04-05,2022/23|2023-04-05|West Ham|Newcastle
2022/23,08/04/2023,Aston Villa,Nott'm Forest,2,0,H,0,0,D,8,6,3,2,1,8,7,17,3,4,0,0,1.6,4.2,5.25,Football-Data.co.uk,2023-04-08,2022/23|2023-04-08|Aston Villa|Nott'm Forest
2022/23,08/04/2023,Brentford,Newcastle,1,2,A,1,0,H,12,10,6,4,6,5,10,15,0,0,0,0,3.6,3.4,2.05,Football-Data.co.uk,2023-04-08,2022/23|2023-04-08|Brentford|Newcastle
2022/23,08/04/2023,Fulham,West Ham,0,1,A,0,1,A,16,9,3,5,11,4,10,12,1,1,0,0,2.8,3.25,2.63,Football-Data.co.uk,2023-04-08,2022/23|2023-04-08|Fulham|West Ham
2022/23,08/04/2023,Leicester,Bournemouth,0,1,A,0,1,A,14,19,4,7,6,6,10,13,0,3,0,0,1.83,3.75,4.2,Football-Data.co.uk,2023-04-08,2022/23|2023-04-08|Leicester|Bournemouth
2022/23,08/04/2023,Man United,Everton,2,0,H,1,0,H,29,15,11,1,10,4,10,9,0,0,0,0,1.5,4.33,6.5,Football-Data.co.uk,2023-04-08,2022/23|2023-04-08|Man United|Everton
2022/23,08/04/2023,Southampton,Man City,1,4,A,0,1,A,4,13,1,8,0,10,6,10,0,2,0,0,11.0,6.0,1.25,Football-Data.co.uk,2023-04-08,2022/23|2023-04-08|Southampton|Man City
2022/23,08/04/2023,Tottenham,Brighton,2,1,H,1,1,D,9,17,3,4,3,7,15,15,3,1,0,0,2.55,3.5,2.7,Football-Data.co.uk,2023-04-08,2022/23|2023-04-08|Tottenham|Brighton
2022/23,08/04/2023,Wolves,Chelsea,1,0,H,1,0,H,9,13,4,1,8,8,14,10,2,5,0,0,4.2,3.5,1.91,Football-Data.co.uk,2023-04-08,2022/23|2023-04-08|Wolves|Chelsea
2022/23,09/04/2023,Leeds,Crystal Palace,1,5,A,1,1,D,11,16,7,8,2,4,11,8,3,1,0,0,2.1,3.4,3.6,Football-Data.co.uk,2023-04-09,2022/23|2023-04-09|Leeds|Crystal Palace
2022/23,09/04/2023,Liverpool,Arsenal,2,2,D,1,2,A,21,9,6,5,5,4,11,11,4,4,0,0,2.88,3.6,2.38,Football-Data.co.uk,2023-04-09,2022/23|2023-04-09|Liverpool|Arsenal
2022/23,15/04/2023,Aston Villa,Newcastle,3,0,H,1,0,H,16,8,6,2,7,2,13,15,1,1,0,0,3.6,3.4,2.05,Football-Data.co.uk,2023-04-15,2022/23|2023-04-15|Aston Villa|Newcastle
2022/23,15/04/2023,Chelsea,Brighton,1,2,A,1,1,D,8,26,2,10,2,8,11,11,2,2,0,0,2.63,3.4,2.63,Football-Data.co.uk,2023-04-15,2022/23|2023-04-15|Chelsea|Brighton
2022/23,15/04/2023,Everton,Fulham,1,3,A,1,1,D,15,21,7,7,4,8,10,6,3,2,0,0,2.05,3.4,3.7,Football-Data.co.uk,2023-04-15,2022/23|2023-04-15|Everton|Fulham
2022/23,15/04/2023,Man City,Leicester,3,1,H,3,0,H,12,10,4,4,6,2,8,8,1,1,0,0,1.14,8.5,15.0,Football-Data.co.uk,2023-04-15,2022/23|2023-04-15|Man City|Leicester
2022/23,15/04/2023,Southampton,Crystal Palace,0,2,A,0,0,D,11,9,4,2,6,2,6,13,3,1,0,0,2.8,3.1,2.7,Football-Data.co.uk,2023-04-15,2022/23|2023-04-15|Southampton|Crystal Palace
2022/23,15/04/2023,Tottenham,Bournemouth,2,3,A,1,1,D,24,6,8,6,8,1,8,9,1,2,0,0,1.45,4.5,7.0,Football-Data.co.uk,2023-04-15,2022/23|2023-04-15|Tottenham|Bournemouth
2022/23,15/04/2023,Wolves,Brentford,2,0,H,1,0,H,11,10,9,3,5,2,12,8,1,1,0,0,2.45,3.1,3.0,Football-Data.co.uk,2023-04-15,2022/23|2023-04-15|Wolves|Brentford
2022/23,16/04/2023,Nott'm Forest,Man United,0,2,A,0,1,A,6,22,0,8,4,9,9,9,2,2,0,0,5.5,4.0,1.62,Football-Data.co.uk,2023-04-16,2022/23|2023-04-16|Nott'm Forest|Man United
2022/23,16/04/2023,West Ham,Arsenal,2,2,D,1,2,A,16,11,3,5,7,2,11,8,1,2,0,0,6.0,4.2,1.55,Football-Data.co.uk,2023-04-16,2022/23|2023-04-16|West Ham|Arsenal
2022/23,17/04/2023,Leeds,Liverpool,1,6,A,0,2,A,13,13,3,7,4,2,6,12,0,1,0,0,4.2,4.2,1.73,Football-Data.co.uk,2023-04-17,2022/23|2023-04-17|Leeds|Liverpool
2022/23,21/04/2023,Arsenal,Southampton,3,3,D,1,2,A,25,8,6,6,7,2,10,14,1,5,0,0,1.2,7.0,13.0,Football-Data.co.uk,2023-04-21,2022/23|2023-04-21|Arsenal|Southampton
2022/23,22/04/2023,Brentford,Aston Villa,1,1,D,0,0,D,6,14,5,2,8,4,12,8,3,2,0,0,2.5,3.25,2.88,Football-Data.co.uk,2023-04-22,2022/23|2023-04-22|Brentford|Aston Villa
2022/23,22/04/2023,Crystal Palace,Everton,0,0,D,0,0,D,12,10,2,5,8,1,12,14,1,1,0,1,2.05,3.2,3.75,Football-Data.co.uk,2023-04-22,2022/23|2023-04-22|Crystal Palace|Everton
2022/23,22/04/2023,Fulham,Leeds,2,1,H,0,0,D,12,10,5,2,8,6,10,15,1,4,0,0,2.3,3.4,3.1,Football-Data.co.uk,2023-04-22,2022/23|2023-04-22|Fulham|Leeds
2022/23,22/04/2023,Leicester,Wolves,2,1,H,1,1,D,15,16,8,3,1,7,17,16,1,3,0,0,2.38,3.3,3.0,Football-Data.co.uk,2023-04-22,2022/23|2023-04-22|Leicester|Wolves
2022/23,22/04/2023,Liverpool,Nott'm Forest,3,2,H,0,0,D,18,11,6,5,9,3,9,12,0,1,0,0,1.17,7.5,17.0,Football-Data.co.uk,2023-04-22,2022/23|2023-04-22|Liverpool|Nott'm Forest
2022/23,23/04/2023,Bournemouth,West Ham,0,4,A,0,3,A,17,18,5,10,8,5,7,8,1,2,0,0,2.88,3.2,2.55,Football-Data.co.uk,2023-04-23,2022/23|2023-04-23|Bournemouth|West Ham
2022/23,23/04/2023,Newcastle,Tottenham,6,1,H,5,0,H,25,11,8,3,9,3,7,13,0,3,0,0,1.83,3.75,4.2,Football-Data.co.uk,2023-04-23,2022/23|2023-04-23|Newcastle|Tottenham
2022/23,25/04/2023,Aston Villa,Fulham,1,0,H,1,0,H,14,1,3,0,8,2,6,18,3,2,0,0,1.75,4.0,4.2,Football-Data.co.uk,2023-04-25,2022/23|2023-04-25|Aston Villa|Fulham
2022/23,25/04/2023,Leeds,Leicester,1,1,D,1,0,H,13,15,3,3,3,6,14,15,4,2,0,0,2.3,3.5,3.0,Football-Data.co.uk,2023-04-25,2022/23|2023-04-25|Leeds|Leicester
2022/23,25/04/2023,Wolves,Crystal Palace,2,0,H,1,0,H,9,14,3,4,6,11,13,14,5,4,0,0,2.45,3.2,3.0,Football-Data.co.uk,2023-04-25,2022/23|2023-04-25|Wolves|Crystal Palace
2022/23,26/04/2023,Chelsea,Brentford,0,2,A,0,1,A,15,7,4,1,5,2,5,13,1,2,0,0,1.7,4.0,4.75,Football-Data.co.uk,2023-04-26,2022/23|2023-04-26|Chelsea|Brentford
2022/23,26/04/2023,Man City,Arsenal,4,1,H,2,0,H,14,8,9,2,1,3,13,13,3,1,0,0,1.55,4.5,5.25,Football-Data.co.uk,2023-04-26,2022/23|2023-04-26|Man City|Arsenal
2022/23,26/04/2023,Nott'm Forest,Brighton,3,1,H,1,1,D,12,17,5,7,2,7,7,8,2,0,0,0,6.0,4.2,1.53,Football-Data.co.uk,2023-04-26,2022/23|2023-04-26|Nott'm Forest|Brighton
2022/23,26/04/2023,West Ham,Liverpool,1,2,A,1,1,D,7,20,2,4,3,6,6,8,0,0,0,0,3.9,3.9,1.85,Football-Data.co.uk,2023-04-26,2022/23|2023-04-26|West Ham|Liverpool
2022/23,27/04/2023,Everton,Newcastle,1,4,A,0,1,A,13,15,5,8,3,14,8,6,2,1,0,0,4.75,3.6,1.73,Football-Data.co.uk,2023-04-27,2022/23|2023-04-27|Everton|Newcastle
2022/23,27/04/2023,Southampton,Bournemouth,0,1,A,0,0,D,11,16,2,2,6,4,9,11,0,3,0,0,2.25,3.4,3.2,Football-Data.co.uk,2023-04-27,2022/23|2023-04-27|Southampton|Bournemouth
2022/23,27/04/2023,Tottenham,Man United,2,2,D,0,2,A,18,17,7,8,6,8,8,7,1,2,0,0,2.8,3.6,2.4,Football-Data.co.uk,2023-04-27,2022/23|2023-04-27|Tottenham|Man United
2022/23,29/04/2023,Brentford,Nott'm Forest,2,1,H,0,1,A,14,5,8,3,6,0,6,13,1,2,0,0,1.65,3.8,5.5,Football-Data.co.uk,2023-04-29,2022/23|2023-04-29|Brentford|Nott'm Forest
2022/23,29/04/2023,Brighton,Wolves,6,0,H,4,0,H,22,10,8,2,2,5,14,11,1,1,0,0,1.5,4.33,6.5,Football-Data.co.uk,2023-04-29,2022/23|2023-04-29|Brighton|Wolves
2022/23,29/04/2023,Crystal Palace,West Ham,4,3,H,3,2,H,16,8,6,4,8,5,9,17,1,2,0,0,2.63,3.25,2.75,Football-Data.co.uk,2023-04-29,2022/23|2023-04-29|Crystal Palace|West Ham
2022/23,30/04/2023,Bournemouth,Leeds,4,1,H,2,1,H,12,15,7,6,2,6,12,14,1,0,0,0,2.55,3.5,2.7,Football-Data.co.uk,2023-04-30,2022/23|2023-04-30|Bournemouth|Leeds
2022/23,30/04/2023,Fulham,Man City,1,2,A,1,2,A,4,12,1,9,2,5,9,10,1,3,0,0,12.0,6.0,1.25,Football-Data.co.uk,2023-04-30,2022/23|2023-04-30|Fulham|Man City
2022/23,30/04/2023,Liverpool,Tottenham,4,3,H,3,1,H,12,10,4,7,5,2,12,6,3,2,0,0,1.53,4.5,5.75,Football-Data.co.uk,2023-04-30,2022/23|2023-04-30|Liverpool|Tottenham
2022/23,30/04/2023,Man United,Aston Villa,1,0,H,1,0,H,14,7,6,1,1,4,16,7,2,0,0,0,1.73,3.9,4.6,Football-Data.co.uk,2023-04-30,2022/23|2023-04-30|Man United|Aston Villa
2022/23,30/04/2023,Newcastle,Southampton,3,1,H,0,1,A,22,4,5,3,11,2,7,10,1,4,0,0,1.3,5.25,10.0,Football-Data.co.uk,2023-04-30,2022/23|2023-04-30|Newcastle|Southampton
2022/23,01/05/2023,Leicester,Everton,2,2,D,2,1,H,15,23,6,8,2,9,10,12,4,1,0,0,2.0,3.5,3.75,Football-Data.co.uk,2023-05-01,2022/23|2023-05-01|Leicester|Everton
2022/23,02/05/2023,Arsenal,Chelsea,3,1,H,3,0,H,16,7,10,4,7,2,10,10,0,2,0,0,1.6,4.0,5.5,Football-Data.co.uk,2023-05-02,2022/23|2023-05-02|Arsenal|Chelsea
2022/23,03/05/2023,Liverpool,Fulham,1,0,H,1,0,H,15,9,3,3,7,5,10,8,0,0,0,0,1.25,5.75,11.0,Football-Data.co.uk,2023-05-03,2022/23|2023-05-03|Liverpool|Fulham
2022/23,03/05/2023,Man City,West Ham,3,0,H,0,0,D,16,6,7,2,6,3,8,8,0,1,0,0,1.2,7.0,13.0,Football-Data.co.uk,2023-05-03,2022/23|2023-05-03|Man City|West Ham
2022/23,04/05/2023,Brighton,Man United,1,0,H,0,0,D,22,16,6,5,8,6,10,14,4,4,0,0,1.95,3.5,3.75,Football-Data.co.uk,2023-05-04,2022/23|2023-05-04|Brighton|Man United
2022/23,06/05/2023,Bournemouth,Chelsea,1,3,A,1,1,D,10,11,4,5,7,7,9,11,1,3,0,0,3.3,3.5,2.15,Football-Data.co.uk,2023-05-06,2022/23|2023-05-06|Bournemouth|Chelsea
2022/23,06/05/2023,Liverpool,Brentford,1,0,H,1,0,H,15,5,5,1,7,3,19,10,4,2,0,0,1.44,5.0,6.0,Football-Data.co.uk,2023-05-06,2022/23|2023-05-06|Liverpool|Brentford
2022/23,06/05/2023,Man City,Leeds,2,1,H,2,0,H,18,4,6,2,10,1,3,16,0,3,0,0,1.17,8.5,15.0,Football-Data.co.uk,2023-05-06,2022/23|2023-05-06|Man City|Leeds
2022/23,06/05/2023,Tottenham,Crystal Palace,1,0,H,1,0,H,8,7,3,2,8,4,15,14,3,5,0,0,1.8,3.8,4.2,Football-Data.co.uk,2023-05-06,2022/23|2023-05-06|Tottenham|Crystal Palace
2022/23,06/05/2023,Wolves,Aston Villa,1,0,H,1,0,H,6,16,2,3,5,6,20,9,3,3,0,0,2.88,3.3,2.5,Football-Data.co.uk,2023-05-06,2022/23|2023-05-06|Wolves|Aston Villa
2022/23,07/05/2023,Newcastle,Arsenal,0,2,A,0,1,A,12,10,5,6,9,4,16,12,2,1,0,0,2.45,3.75,2.63,Football-Data.co.uk,2023-05-07,2022/23|2023-05-07|Newcastle|Arsenal
2022/23,07/05/2023,West Ham,Man United,1,0,H,1,0,H,15,19,4,4,5,6,4,9,0,2,0,0,3.4,3.75,2.05,Football-Data.co.uk,2023-05-07,2022/23|2023-05-07|West Ham|Man United
2022/23,08/05/2023,Brighton,Everton,1,5,A,0,3,A,23,10,5,5,15,1,11,13,1,5,0,0,1.33,5.25,9.0,Football-Data.co.uk,2023-05-08,2022/23|2023-05-08|Brighton|Everton
2022/23,08/05/2023,Fulham,Leicester,5,3,H,3,0,H,17,18,7,9,2,7,13,15,0,3,0,0,2.63,3.5,2.6,Football-Data.co.uk,2023-05-08,2022/23|2023-05-08|Fulham|Leicester
2022/23,08/05/2023,Nott'm Forest,Southampton,4,3,H,3,1,H,9,19,4,5,2,11,16,10,1,0,0,0,2.1,3.6,3.4,Football-Data.co.uk,2023-05-08,2022/23|2023-05-08|Nott'm Forest|Southampton
2022/23,13/05/2023,Aston Villa,Tottenham,2,1,H,1,0,H,8,5,4,2,8,3,9,14,3,3,0,0,2.25,3.6,2.9,Football-Data.co.uk,2023-05-13,2022/23|2023-05-13|Aston Villa|Tottenham
2022/23,13/05/2023,Chelsea,Nott'm Forest,2,2,D,0,1,A,14,11,6,2,2,5,13,15,3,1,0,0,1.5,4.5,6.0,Football-Data.co.uk,2023-05-13,2022/23|2023-05-13|Chelsea|Nott'm Forest
2022/23,13/05/2023,Crystal Palace,Bournemouth,2,0,H,1,0,H,17,5,5,0,11,2,5,12,0,2,0,0,1.83,3.6,4.2,Football-Data.co.uk,2023-05-13,2022/23|2023-05-13|Crystal Palace|Bournemouth
2022/23,13/05/2023,Leeds,Newcastle,2,2,D,1,1,D,9,18,4,5,2,6,16,14,3,2,1,0,4.33,4.2,1.7,Football-Data.co.uk,2023-05-13,2022/23|2023-05-13|Leeds|Newcastle
2022/23,13/05/2023,Man United,Wolves,2,0,H,1,0,H,27,5,9,0,11,7,9,9,3,2,0,0,1.36,5.0,7.5,Football-Data.co.uk,2023-05-13,2022/23|2023-05-13|Man United|Wolves
2022/23,13/05/2023,Southampton,Fulham,0,2,A,0,0,D,5,9,1,4,1,8,17,12,2,0,0,0,2.75,3.3,2.5,Football-Data.co.uk,2023-05-13,2022/23|2023-05-13|Southampton|Fulham
2022/23,14/05/2023,Arsenal,Brighton,0,3,A,0,0,D,14,12,2,6,5,2,13,17,1,2,0,0,1.73,4.2,4.2,Football-Data.co.uk,2023-05-14,2022/23|2023-05-14|Arsenal|Brighton
2022/23,14/05/2023,Brentford,West Ham,2,0,H,2,0,H,24,4,10,4,7,5,5,5,1,0,0,0,2.0,3.5,3.6,Football-Data.co.uk,2023-05-14,2022/23|2023-05-14|Brentford|West Ham
2022/23,14/05/2023,Everton,Man City,0,3,A,0,2,A,7,9,3,4,8,6,12,4,1,0,0,0,9.0,4.75,1.36,Football-Data.co.uk,2023-05-14,2022/23|2023-05-14|Everton|Man City
2022/23,15/05/2023,Leicester,Liverpool,0,3,A,0,2,A,4,16,4,5,4,4,11,17,2,1,0,0,5.25,4.33,1.57,Football-Data.co.uk,2023-05-15,2022/23|2023-05-15|Leicester|Liverpool
2022/23,18/05/2023,Newcastle,Brighton,4,1,H,2,0,H,22,8,9,2,6,1,17,16,2,4,0,0,2.0,3.8,3.5,Football-Data.co.uk,2023-05-18,2022/23|2023-05-18|Newcastle|Brighton
2022/23,20/05/2023,Bournemouth,Man United,0,1,A,0,1,A,10,20,4,5,3,6,6,7,1,0,0,0,6.0,4.75,1.5,Football-Data.co.uk,2023-05-20,2022/23|2023-05-20|Bournemouth|Man United
2022/23,20/05/2023,Fulham,Crystal Palace,2,2,D,1,1,D,11,11,4,5,7,4,13,12,3,0,0,0,2.45,3.4,2.9,Football-Data.co.uk,2023-05-20,2022/23|2023-05-20|Fulham|Crystal Palace
2022/23,20/05/2023,Liverpool,Aston Villa,1,1,D,0,1,A,10,6,5,3,9,4,16,13,3,5,0,0,1.45,5.0,6.25,Football-Data.co.uk,2023-05-20,2022/23|2023-05-20|Liverpool|Aston Villa
2022/23,20/05/2023,Nott'm Forest,Arsenal,1,0,H,1,0,H,6,11,2,3,3,6,11,12,3,2,0,0,5.25,4.33,1.57,Football-Data.co.uk,2023-05-20,2022/23|2023-05-20|Nott'm Forest|Arsenal
2022/23,20/05/2023,Tottenham,Brentford,1,3,A,1,0,H,22,11,8,4,8,2,11,9,1,1,0,0,1.83,3.9,4.0,Football-Data.co.uk,2023-05-20,2022/23|2023-05-20|Tottenham|Brentford
2022/23,20/05/2023,Wolves,Everton,1,1,D,1,0,H,13,19,5,4,1,7,18,10,5,1,0,0,2.75,3.3,2.6,Football-Data.co.uk,2023-05-20,2022/23|2023-05-20|Wolves|Everton
2022/23,21/05/2023,Brighton,Southampton,3,1,H,2,0,H,26,5,8,1,4,3,8,9,2,5,0,0,1.22,7.0,11.0,Football-Data.co.uk,2023-05-21,2022/23|2023-05-21|Brighton|Southampton
2022/23,21/05/2023,Man City,Chelsea,1,0,H,1,0,H,15,13,2,6,5,2,12,9,0,2,0,0,1.25,6.0,11.0,Football-Data.co.uk,2023-05-21,2022/23|2023-05-21|Man City|Chelsea
2022/23,21/05/2023,West Ham,Leeds,3,1,H,1,1,D,19,12,9,3,9,5,6,11,1,3,0,0,2.4,3.5,2.88,Football-Data.co.uk,2023-05-21,2022/23|2023-05-21|West Ham|Leeds
2022/23,22/05/2023,Newcastle,Leicester,0,0,D,0,0,D,23,1,4,1,12,1,9,5,2,0,0,0,1.36,5.5,7.0,Football-Data.co.uk,2023-05-22,2022/23|2023-05-22|Newcastle|Leicester
2022/23,24/05/2023,Brighton,Man City,1,1,D,1,1,D,20,13,7,4,5,1,16,11,2,1,0,0,4.0,4.33,1.75,Football-Data.co.uk,2023-05-24,2022/23|2023-05-24|Brighton|Man City
2022/23,25/05/2023,Man United,Chelsea,4,1,H,2,0,H,18,14,9,5,3,4,12,6,1,1,0,0,1.6,4.33,5.0,Football-Data.co.uk,2023-05-25,2022/23|2023-05-25|Man United|Chelsea
2022/23,28/05/2023,Arsenal,Wolves,5,0,H,3,0,H,14,6,8,0,8,4,8,11,0,0,0,0,1.36,5.25,8.0,Football-Data.co.uk,2023-05-28,2022/23|2023-05-28|Arsenal|Wolves
2022/23,28/05/2023,Aston Villa,Brighton,2,1,H,2,1,H,12,8,5,4,4,3,15,16,4,4,0,0,2.0,3.6,3.5,Football-Data.co.uk,2023-05-28,2022/23|2023-05-28|Aston Villa|Brighton
2022/23,28/05/2023,Brentford,Man City,1,0,H,0,0,D,11,17,4,3,3,4,12,8,4,0,0,0,3.8,4.0,1.83,Football-Data.co.uk,2023-05-28,2022/23|2023-05-28|Brentford|Man City
2022/23,28/05/2023,Chelsea,Newcastle,1,1,D,1,1,D,22,13,5,4,10,3,9,11,0,0,0,0,2.9,3.5,2.38,Football-Data.co.uk,2023-05-28,2022/23|2023-05-28|Chelsea|Newcastle
2022/23,28/05/2023,Crystal Palace,Nott'm Forest,1,1,D,0,1,A,16,7,4,4,5,4,9,13,0,2,0,0,1.67,4.0,5.0,Football-Data.co.uk,2023-05-28,2022/23|2023-05-28|Crystal Palace|Nott'm Forest
2022/23,28/05/2023,Everton,Bournemouth,1,0,H,0,0,D,13,7,6,2,9,3,11,12,1,3,0,0,1.5,4.5,6.5,Football-Data.co.uk,2023-05-28,2022/23|2023-05-28|Everton|Bournemouth
2022/23,28/05/2023,Leeds,Tottenham,1,4,A,0,1,A,19,11,2,7,12,3,7,5,3,0,0,0,2.75,3.8,2.3,Football-Data.co.uk,2023-05-28,2022/23|2023-05-28|Leeds|Tottenham
2022/23,28/05/2023,Leicester,West Ham,2,1,H,1,0,H,13,16,4,3,3,5,8,10,1,1,0,0,1.91,3.8,3.6,Football-Data.co.uk,2023-05-28,2022/23|2023-05-28|Leicester|West Ham
2022/23,28/05/2023,Man United,Fulham,2,1,H,1,1,D,21,10,8,3,5,4,14,10,1,2,0,0,1.5,4.33,6.0,Football-Data.co.uk,2023-05-28,2022/23|2023-05-28|Man United|Fulham
2022/23,28/05/2023,Southampton,Liverpool,4,4,D,2,2,D,15,30,10,8,2,9,4,10,0,2,0,0,6.5,4.75,1.44,Football-Data.co.uk,2023-05-28,2022/23|2023-05-28|Southampton|Liverpool
2023/24,11/08/2023,Burnley,Man City,0,3,A,0,2,A,6,17,1,8,6,5,11,8,0,0,1,0,8.0,5.5,1.33,Football-Data.co.uk,2023-08-11,2023/24|2023-08-11|Burnley|Man City
2023/24,12/08/2023,Arsenal,Nott'm Forest,2,1,H,2,0,H,15,6,7,2,8,3,12,12,2,2,0,0,1.18,7.0,15.0,Football-Data.co.uk,2023-08-12,2023/24|2023-08-12|Arsenal|Nott'm Forest
2023/24,12/08/2023,Bournemouth,West Ham,1,1,D,0,0,D,14,16,5,3,10,4,9,14,1,4,0,0,2.7,3.4,2.55,Football-Data.co.uk,2023-08-12,2023/24|2023-08-12|Bournemouth|West Ham
2023/24,12/08/2023,Brighton,Luton,4,1,H,1,0,H,27,9,12,3,6,7,11,12,2,2,0,0,1.33,5.5,9.0,Football-Data.co.uk,2023-08-12,2023/24|2023-08-12|Brighton|Luton
2023/24,12/08/2023,Everton,Fulham,0,1,A,0,0,D,19,9,9,2,10,4,12,6,0,2,0,0,2.2,3.4,3.3,Football-Data.co.uk,2023-08-12,2023/24|2023-08-12|Everton|Fulham
2023/24,12/08/2023,Newcastle,Aston Villa,5,1,H,2,1,H,17,16,13,6,6,5,12,17,4,4,0,0,1.75,3.75,4.6,Football-Data.co.uk,2023-08-12,2023/24|2023-08-12|Newcastle|Aston Villa
2023/24,12/08/2023,Sheffield United,Crystal Palace,0,1,A,0,0,D,8,24,1,8,5,5,18,11,3,0,0,0,3.0,3.3,2.38,Football-Data.co.uk,2023-08-12,2023/24|2023-08-12|Sheffield United|Crystal Palace
2023/24,13/08/2023,Brentford,Tottenham,2,2,D,2,2,D,11,18,6,6,3,6,12,13,1,4,0,0,2.75,3.4,2.45,Football-Data.co.uk,2023-08-13,2023/24|2023-08-13|Brentford|Tottenham
2023/24,13/08/2023,Chelsea,Liverpool,1,1,D,1,1,D,10,13,4,1,4,4,5,12,3,3,0,0,2.9,3.4,2.38,Football-Data.co.uk,2023-08-13,2023/24|2023-08-13|Chelsea|Liverpool
2023/24,14/08/2023,Man United,Wolves,1,0,H,0,0,D,15,23,3,6,8,7,14,10,2,3,0,0,1.33,5.5,9.0,Football-Data.co.uk,2023-08-14,2023/24|2023-08-14|Man United|Wolves
2023/24,18/08/2023,Nott'm Forest,Sheffield United,2,1,H,1,0,H,16,7,4,3,6,7,5,9,2,3,0,0,1.95,3.4,4.0,Football-Data.co.uk,2023-08-18,2023/24|2023-08-18|Nott'm Forest|Sheffield United
2023/24,19/08/2023,Fulham,Brentford,0,3,A,0,1,A,10,17,2,8,5,5,13,12,2,2,1,0,2.7,3.3,2.63,Football-Data.co.uk,2023-08-19,2023/24|2023-08-19|Fulham|Brentford
2023/24,19/08/2023,Liverpool,Bournemouth,3,1,H,2,1,H,26,13,10,5,10,2,11,13,1,3,1,0,1.2,7.0,13.0,Football-Data.co.uk,2023-08-19,2023/24|2023-08-19|Liverpool|Bournemouth
2023/24,19/08/2023,Man City,Newcastle,1,0,H,1,0,H,14,7,4,1,3,0,12,11,1,5,0,0,1.67,4.0,5.0,Football-Data.co.uk,2023-08-19,2023/24|2023-08-19|Man City|Newcastle
2023/24,19/08/2023,Tottenham,Man United,2,0,H,0,0,D,17,22,6,6,5,6,9,8,1,3,0,0,2.8,3.6,2.38,Football-Data.co.uk,2023-08-19,2023/24|2023-08-19|Tottenham|Man United
2023/24,19/08/2023,Wolves,Brighton,1,4,A,0,1,A,16,16,5,8,5,3,14,11,3,6,1,0,4.0,3.8,1.85,Football-Data.co.uk,2023-08-19,2023/24|2023-08-19|Wolves|Brighton
2023/24,20/08/2023,Aston Villa,Everton,4,0,H,2,0,H,13,9,7,2,7,6,8,12,3,4,0,0,1.7,4.0,4.5,Football-Data.co.uk,2023-08-20,2023/24|2023-08-20|Aston Villa|Everton
2023/24,20/08/2023,West Ham,Chelsea,3,1,H,1,1,D,12,17,6,4,3,9,12,9,2,3,1,0,3.75,3.5,2.0,Football-Data.co.uk,2023-08-20,2023/24|2023-08-20|West Ham|Chelsea
2023/24,21/08/2023,Crystal Palace,Arsenal,0,1,A,0,0,D,14,14,2,3,1,8,14,10,2,1,0,1,5.5,4.0,1.6,Football-Data.co.uk,2023-08-21,2023/24|2023-08-21|Crystal Palace|Arsenal
2023/24,25/08/2023,Chelsea,Luton,3,0,H,1,0,H,19,11,8,1,6,4,15,12,2,3,0,0,1.29,5.5,11.0,Football-Data.co.uk,2023-08-25,2023/24|2023-08-25|Chelsea|Luton
2023/24,26/08/2023,Arsenal,Fulham,2,2,D,0,1,A,19,8,11,3,8,3,6,5,0,3,0,1,1.2,7.0,13.0,Football-Data.co.uk,2023-08-26,2023/24|2023-08-26|Arsenal|Fulham
2023/24,26/08/2023,Bournemouth,Tottenham,0,2,A,0,1,A,11,17,3,6,6,2,18,11,1,3,0,0,3.8,3.75,1.91,Football-Data.co.uk,2023-08-26,2023/24|2023-08-26|Bournemouth|Tottenham
2023/24,26/08/2023,Brentford,Crystal Palace,1,1,D,1,0,H,12,15,1,5,8,6,9,15,0,0,0,0,2.15,3.4,3.5,Football-Data.co.uk,2023-08-26,2023/24|2023-08-26|Brentford|Crystal Palace
2023/24,26/08/2023,Brighton,West Ham,1,3,A,0,1,A,25,12,10,3,17,4,10,9,1,3,0,0,1.53,4.75,5.25,Football-Data.co.uk,2023-08-26,2023/24|2023-08-26|Brighton|West Ham
2023/24,26/08/2023,Everton,Wolves,0,1,A,0,0,D,15,11,7,2,7,0,10,14,3,4,0,0,2.3,3.3,3.2,Football-Data.co.uk,2023-08-26,2023/24|2023-08-26|Everton|Wolves
2023/24,26/08/2023,Man United,Nott'm Forest,3,2,H,1,2,A,18,9,9,4,11,3,13,11,4,4,0,1,1.3,6.0,8.0,Football-Data.co.uk,2023-08-26,2023/24|2023-08-26|Man United|Nott'm Forest
2023/24,27/08/2023,Burnley,Aston Villa,1,3,A,0,2,A,9,16,2,6,4,6,12,11,2,0,0,0,3.4,3.4,2.15,Football-Data.co.uk,2023-08-27,2023/24|2023-08-27|Burnley|Aston Villa
2023/24,27/08/2023,Newcastle,Liverpool,1,2,A,1,0,H,23,9,8,4,5,9,16,10,1,2,0,1,2.2,3.75,3.0,Football-Data.co.uk,2023-08-27,2023/24|2023-08-27|Newcastle|Liverpool
2023/24,27/08/2023,Sheffield United,Man City,1,2,A,0,0,D,6,30,2,9,1,12,11,2,3,0,0,0,13.0,8.0,1.17,Football-Data.co.uk,2023-08-27,2023/24|2023-08-27|Sheffield United|Man City
2023/24,01/09/2023,Luton,West Ham,1,2,A,0,1,A,16,9,1,3,9,6,8,13,1,1,0,0,4.75,3.8,1.73,Football-Data.co.uk,2023-09-01,2023/24|2023-09-01|Luton|West Ham
2023/24,02/09/2023,Brentford,Bournemouth,2,2,D,1,1,D,21,12,7,5,5,2,6,13,1,2,0,0,1.73,3.8,4.75,Football-Data.co.uk,2023-09-02,2023/24|2023-09-02|Brentford|Bournemouth
2023/24,02/09/2023,Brighton,Newcastle,3,1,H,1,0,H,15,9,6,2,5,3,14,17,4,4,0,0,2.5,3.8,2.55,Football-Data.co.uk,2023-09-02,2023/24|2023-09-02|Brighton|Newcastle
2023/24,02/09/2023,Burnley,Tottenham,2,5,A,1,2,A,16,20,4,10,7,4,15,9,4,3,0,0,3.6,4.0,1.85,Football-Data.co.uk,2023-09-02,2023/24|2023-09-02|Burnley|Tottenham
2023/24,02/09/2023,Chelsea,Nott'm Forest,0,1,A,0,0,D,21,7,2,3,8,0,10,9,3,4,0,0,1.4,4.5,8.5,Football-Data.co.uk,2023-09-02,2023/24|2023-09-02|Chelsea|Nott'm Forest
2023/24,02/09/2023,Man City,Fulham,5,1,H,2,1,H,7,6,5,4,4,5,12,12,2,4,0,0,1.17,8.0,15.0,Football-Data.co.uk,2023-09-02,2023/24|2023-09-02|Man City|Fulham
2023/24,02/09/2023,Sheffield United,Everton,2,2,D,2,1,H,13,16,8,6,4,6,11,13,1,2,0,0,2.9,3.25,2.5,Football-Data.co.uk,2023-09-02,2023/24|2023-09-02|Sheffield United|Everton
2023/24,03/09/2023,Arsenal,Man United,3,1,H,1,1,D,17,10,5,2,12,3,8,7,2,3,0,0,1.75,3.8,4.5,Football-Data.co.uk,2023-09-03,2023/24|2023-09-03|Arsenal|Man United
2023/24,03/09/2023,Crystal Palace,Wolves,3,2,H,0,0,D,16,12,11,4,4,2,12,12,1,3,0,0,1.91,3.3,4.33,Football-Data.co.uk,2023-09-03,2023/24|2023-09-03|Crystal Palace|Wolves
2023/24,03/09/2023,Liverpool,Aston Villa,3,0,H,2,0,H,17,9,4,3,7,3,12,7,0,1,0,0,1.65,4.5,4.5,Football-Data.co.uk,2023-09-03,2023/24|2023-09-03|Liverpool|Aston Villa
2023/24,16/09/2023,Aston Villa,Crystal Palace,3,1,H,0,0,D,16,6,5,3,4,2,13,9,5,3,0,0,1.91,3.6,4.0,Football-Data.co.uk,2023-09-16,2023/24|2023-09-16|Aston Villa|Crystal Palace
2023/24,16/09/2023,Fulham,Luton,1,0,H,0,0,D,13,7,2,2,6,2,6,14,2,2,0,0,1.67,3.75,5.5,Football-Data.co.uk,2023-09-16,2023/24|2023-09-16|Fulham|Luton
2023/24,16/09/2023,Man United,Brighton,1,3,A,0,1,A,14,10,4,8,8,1,8,9,2,2,0,0,2.15,4.0,2.88,Football-Data.co.uk,2023-09-16,2023/24|2023-09-16|Man United|Brighton
2023/24,16/09/2023,Newcastle,Brentford,1,0,H,0,0,D,9,11,2,2,8,3,8,12,3,5,0,0,1.53,4.2,6.0,Football-Data.co.uk,2023-09-16,2023/24|2023-09-16|Newcastle|Brentford
2023/24,16/09/2023,Tottenham,Sheffield United,2,1,H,0,0,D,28,7,10,5,15,2,13,14,6,5,0,1,1.29,5.5,11.0,Football-Data.co.uk,2023-09-16,2023/24|2023-09-16|Tottenham|Sheffield United
2023/24,16/09/2023,West Ham,Man City,1,3,A,1,0,H,6,29,3,15,4,11,7,11,3,2,0,0,7.0,4.5,1.45,Football-Data.co.uk,2023-09-16,2023/24|2023-09-16|West Ham|Man City
2023/24,16/09/2023,Wolves,Liverpool,1,3,A,1,0,H,11,16,2,6,4,4,10,4,1,3,0,0,6.0,5.0,1.45,Football-Data.co.uk,2023-09-16,2023/24|2023-09-16|Wolves|Liverpool
2023/24,17/09/2023,Bournemouth,Chelsea,0,0,D,0,0,D,13,14,4,6,1,7,15,20,1,5,0,0,4.33,3.75,1.8,Football-Data.co.uk,2023-09-17,2023/24|2023-09-17|Bournemouth|Chelsea
2023/24,17/09/2023,Everton,Arsenal,0,1,A,0,0,D,8,13,1,4,1,11,12,10,1,1,0,0,6.0,4.5,1.5,Football-Data.co.uk,2023-09-17,2023/24|2023-09-17|Everton|Arsenal
2023/24,18/09/2023,Nott'm Forest,Burnley,1,1,D,0,1,A,14,10,4,3,5,4,16,10,2,3,0,1,2.2,3.5,3.25,Football-Data.co.uk,2023-09-18,2023/24|2023-09-18|Nott'm Forest|Burnley
2023/24,23/09/2023,Brentford,Everton,1,3,A,1,1,D,12,18,2,6,1,4,9,12,2,2,0,0,1.8,3.8,4.2,Football-Data.co.uk,2023-09-23,2023/24|2023-09-23|Brentford|Everton
2023/24,23/09/2023,Burnley,Man United,0,1,A,0,1,A,12,11,4,4,9,5,6,12,1,2,0,0,4.2,4.2,1.73,Football-Data.co.uk,2023-09-23,2023/24|2023-09-23|Burnley|Man United
2023/24,23/09/2023,Crystal Palace,Fulham,0,0,D,0,0,D,7,10,3,5,3,2,10,15,3,2,0,0,1.91,3.4,4.2,Football-Data.co.uk,2023-09-23,2023/24|2023-09-23|Crystal Palace|Fulham
2023/24,23/09/2023,Luton,Wolves,1,1,D,0,0,D,20,3,4,3,10,1,12,17,0,2,0,1,3.25,3.4,2.2,Football-Data.co.uk,2023-09-23,2023/24|2023-09-23|Luton|Wolves
2023/24,23/09/2023,Man City,Nott'm Forest,2,0,H,2,0,H,7,10,4,3,6,6,5,17,3,7,1,0,1.14,8.5,15.0,Football-Data.co.uk,2023-09-23,2023/24|2023-09-23|Man City|Nott'm Forest
2023/24,24/09/2023,Arsenal,Tottenham,2,2,D,1,1,D,13,13,6,5,11,4,12,19,3,4,0,0,1.67,4.33,4.33,Football-Data.co.uk,2023-09-24,2023/24|2023-09-24|Arsenal|Tottenham
2023/24,24/09/2023,Brighton,Bournemouth,3,1,H,1,1,D,13,12,4,4,4,4,12,17,3,3,0,0,1.36,5.25,7.5,Football-Data.co.uk,2023-09-24,2023/24|2023-09-24|Brighton|Bournemouth
2023/24,24/09/2023,Chelsea,Aston Villa,0,1,A,0,0,D,10,15,4,7,5,11,9,11,2,3,0,0,1.91,3.75,3.8,Football-Data.co.uk,2023-09-24,2023/24|2023-09-24|Chelsea|Aston Villa
2023/24,24/09/2023,Liverpool,West Ham,3,1,H,1,1,D,22,11,7,4,7,4,12,13,0,2,0,0,1.4,5.0,7.0,Football-Data.co.uk,2023-09-24,2023/24|2023-09-24|Liverpool|West Ham
2023/24,24/09/2023,Sheffield United,Newcastle,0,8,A,0,3,A,9,22,1,15,2,6,12,8,3,0,0,0,7.0,4.75,1.44,Football-Data.co.uk,2023-09-24,2023/24|2023-09-24|Sheffield United|Newcastle
2023/24,30/09/2023,Aston Villa,Brighton,6,1,H,3,0,H,19,11,9,3,1,3,19,21,4,4,0,0,2.55,3.75,2.55,Football-Data.co.uk,2023-09-30,2023/24|2023-09-30|Aston Villa|Brighton
2023/24,30/09/2023,Bournemouth,Arsenal,0,4,A,0,2,A,8,15,1,8,6,6,11,10,0,1,0,0,5.5,4.5,1.53,Football-Data.co.uk,2023-09-30,2023/24|2023-09-30|Bournemouth|Arsenal
2023/24,30/09/2023,Everton,Luton,1,2,A,1,2,A,23,9,5,2,3,6,8,10,0,1,0,0,1.57,3.8,6.5,Football-Data.co.uk,2023-09-30,2023/24|2023-09-30|Everton|Luton
2023/24,30/09/2023,Man United,Crystal Palace,0,1,A,0,1,A,19,8,4,2,10,4,10,8,3,2,0,0,1.55,4.2,5.75,Football-Data.co.uk,2023-09-30,2023/24|2023-09-30|Man United|Crystal Palace
2023/24,30/09/2023,Newcastle,Burnley,2,0,H,1,0,H,20,8,8,2,5,3,7,15,1,3,0,0,1.3,5.75,9.0,Football-Data.co.uk,2023-09-30,2023/24|2023-09-30|Newcastle|Burnley
2023/24,30/09/2023,Tottenham,Liverpool,2,1,H,1,1,D,24,12,8,4,12,5,11,17,5,4,0,2,2.9,4.0,2.15,Football-Data.co.uk,2023-09-30,2023/24|2023-09-30|Tottenham|Liverpool
2023/24,30/09/2023,West Ham,Sheffield United,2,0,H,2,0,H,20,16,9,2,7,4,6,9,1,1,0,0,1.45,4.5,7.0,Football-Data.co.uk,2023-09-30,2023/24|2023-09-30|West Ham|Sheffield United
2023/24,30/09/2023,Wolves,Man City,2,1,H,1,0,H,3,23,1,8,0,6,18,12,5,4,0,0,8.0,5.75,1.33,Football-Data.co.uk,2023-09-30,2023/24|2023-09-30|Wolves|Man City
2023/24,01/10/2023,Nott'm Forest,Brentford,1,1,D,0,0,D,6,18,1,5,1,11,6,10,1,2,1,0,2.75,3.1,2.7,Football-Data.co.uk,2023-10-01,2023/24|2023-10-01|Nott'm Forest|Brentford
2023/24,02/10/2023,Fulham,Chelsea,0,2,A,0,2,A,10,11,3,4,8,1,15,12,1,4,0,0,3.6,3.5,2.05,Football-Data.co.uk,2023-10-02,2023/24|2023-10-02|Fulham|Chelsea
2023/24,03/10/2023,Luton,Burnley,1,2,A,0,1,A,18,14,3,4,7,6,14,6,4,2,0,0,2.9,3.0,2.63,Football-Data.co.uk,2023-10-03,2023/24|2023-10-03|Luton|Burnley
2023/24,07/10/2023,Burnley,Chelsea,1,4,A,1,1,D,10,9,3,5,7,3,11,8,2,4,0,0,4.5,3.8,1.73,Football-Data.co.uk,2023-10-07,2023/24|2023-10-07|Burnley|Chelsea
2023/24,07/10/2023,Crystal Palace,Nott'm Forest,0,0,D,0,0,D,8,16,2,5,3,7,7,12,0,1,0,0,2.2,3.1,3.6,Football-Data.co.uk,2023-10-07,2023/24|2023-10-07|Crystal Palace|Nott'm Forest
2023/24,07/10/2023,Everton,Bournemouth,3,0,H,2,0,H,25,11,8,4,8,7,14,15,1,2,0,0,1.91,3.6,3.8,Football-Data.co.uk,2023-10-07,2023/24|2023-10-07|Everton|Bournemouth
2023/24,07/10/2023,Fulham,Sheffield United,3,1,H,0,0,D,20,5,6,2,9,4,8,10,1,2,0,0,1.62,3.8,6.0,Football-Data.co.uk,2023-10-07,2023/24|2023-10-07|Fulham|Sheffield United
2023/24,07/10/2023,Luton,Tottenham,0,1,A,0,0,D,12,15,2,4,5,6,16,7,2,1,0,1,6.0,4.75,1.45,Football-Data.co.uk,2023-10-07,2023/24|2023-10-07|Luton|Tottenham
2023/24,07/10/2023,Man United,Brentford,2,1,H,0,1,A,21,11,8,3,7,5,10,17,0,5,0,0,1.67,4.2,4.75,Football-Data.co.uk,2023-10-07,2023/24|2023-10-07|Man United|Brentford
2023/24,08/10/2023,Arsenal,Man City,1,0,H,0,0,D,12,4,2,1,5,4,8,7,2,3,0,0,2.9,3.3,2.4,Football-Data.co.uk,2023-10-08,2023/24|2023-10-08|Arsenal|Man City
2023/24,08/10/2023,Brighton,Liverpool,2,2,D,1,2,A,14,14,3,4,8,1,12,20,1,2,0,0,3.0,3.8,2.2,Football-Data.co.uk,2023-10-08,2023/24|2023-10-08|Brighton|Liverpool
2023/24,08/10/2023,West Ham,Newcastle,2,2,D,1,0,H,5,10,3,3,4,2,11,18,3,3,0,0,3.2,3.75,2.1,Football-Data.co.uk,2023-10-08,2023/24|2023-10-08|West Ham|Newcastle
2023/24,08/10/2023,Wolves,Aston Villa,1,1,D,0,0,D,8,18,3,4,2,10,19,9,2,2,1,0,3.5,3.4,2.1,Football-Data.co.uk,2023-10-08,2023/24|2023-10-08|Wolves|Aston Villa
2023/24,21/10/2023,Bournemouth,Wolves,1,2,A,1,0,H,7,20,4,7,3,12,15,10,2,6,1,0,2.38,3.4,3.0,Football-Data.co.uk,2023-10-21,2023/24|2023-10-21|Bournemouth|Wolves
2023/24,21/10/2023,Brentford,Burnley,3,0,H,1,0,H,23,6,10,1,5,5,14,12,5,2,0,1,1.83,3.75,4.2,Football-Data.co.uk,2023-10-21,2023/24|2023-10-21|Brentford|Burnley
2023/24,21/10/2023,Chelsea,Arsenal,2,2,D,1,0,H,11,13,5,3,2,7,7,14,3,3,0,0,3.2,3.4,2.25,Football-Data.co.uk,2023-10-21,2023/24|2023-10-21|Chelsea|Arsenal
2023/24,21/10/2023,Liverpool,Everton,2,0,H,0,0,D,26,6,6,1,12,4,9,9,1,1,0,1,1.33,5.75,7.5,Football-Data.co.uk,2023-10-21,2023/24|2023-10-21|Liverpool|Everton
2023/24,21/10/2023,Man City,Brighton,2,1,H,2,0,H,10,5,6,3,2,2,9,11,2,2,1,0,1.4,5.25,6.5,Football-Data.co.uk,2023-10-21,2023/24|2023-10-21|Man City|Brighton
2023/24,21/10/2023,Newcastle,Crystal Palace,4,0,H,3,0,H,10,17,7,3,6,8,7,12,2,3,0,0,1.45,4.5,7.0,Football-Data.co.uk,2023-10-21,2023/24|2023-10-21|Newcastle|Crystal Palace
2023/24,21/10/2023,Nott'm Forest,Luton,2,2,D,0,0,D,19,13,8,4,4,2,12,11,3,0,0,0,1.67,3.75,5.5,Football-Data.co.uk,2023-10-21,2023/24|2023-10-21|Nott'm Forest|Luton
2023/24,21/10/2023,Sheffield United,Man United,1,2,A,1,1,D,12,14,6,5,5,4,12,10,3,1,0,0,6.5,5.25,1.4,Football-Data.co.uk,2023-10-21,2023/24|2023-10-21|Sheffield United|Man United
2023/24,22/10/2023,Aston Villa,West Ham,4,1,H,1,0,H,15,14,7,4,8,7,9,15,0,1,0,0,1.85,3.6,4.0,Football-Data.co.uk,2023-10-22,2023/24|2023-10-22|Aston Villa|West Ham
2023/24,23/10/2023,Tottenham,Fulham,2,0,H,1,0,H,15,10,5,3,3,5,10,14,2,0,0,0,1.5,4.5,6.0,Football-Data.co.uk,2023-10-23,2023/24|2023-10-23|Tottenham|Fulham
2023/24,27/10/2023,Crystal Palace,Tottenham,1,2,A,0,0,D,13,10,3,1,11,2,19,11,2,1,0,0,4.5,3.75,1.75,Football-Data.co.uk,2023-10-27,2023/24|2023-10-27|Crystal Palace|Tottenham
2023/24,28/10/2023,Arsenal,Sheffield United,5,0,H,1,0,H,13,2,8,0,6,1,9,13,0,3,0,0,1.13,8.5,19.0,Football-Data.co.uk,2023-10-28,2023/24|2023-10-28|Arsenal|Sheffield United
2023/24,28/10/2023,Bournemouth,Burnley,2,1,H,1,1,D,13,6,6,3,10,5,9,12,2,3,0,0,2.15,3.5,3.3,Football-Data.co.uk,2023-10-28,2023/24|2023-10-28|Bournemouth|Burnley
2023/24,28/10/2023,Chelsea,Brentford,0,2,A,0,0,D,17,7,2,5,10,1,12,7,1,4,0,0,1.65,4.0,5.25,Football-Data.co.uk,2023-10-28,2023/24|2023-10-28|Chelsea|Brentford
2023/24,28/10/2023,Wolves,Newcastle,2,2,D,1,2,A,11,13,6,5,8,7,13,15,1,4,0,0,4.2,4.0,1.75,Football-Data.co.uk,2023-10-28,2023/24|2023-10-28|Wolves|Newcastle
2023/24,29/10/2023,Aston Villa,Luton,3,1,H,1,0,H,17,7,6,1,6,4,11,10,3,2,0,0,1.25,6.5,9.5,Football-Data.co.uk,2023-10-29,2023/24|2023-10-29|Aston Villa|Luton
2023/24,29/10/2023,Brighton,Fulham,1,1,D,1,0,H,18,10,7,5,7,3,12,8,0,3,0,0,1.55,4.2,5.5,Football-Data.co.uk,2023-10-29,2023/24|2023-10-29|Brighton|Fulham
2023/24,29/10/2023,Liverpool,Nott'm Forest,3,0,H,2,0,H,21,9,8,1,8,3,9,13,2,3,0,0,1.29,5.75,11.0,Football-Data.co.uk,2023-10-29,2023/24|2023-10-29|Liverpool|Nott'm Forest
2023/24,29/10/2023,Man United,Man City,0,3,A,0,1,A,7,21,3,10,7,12,9,4,4,1,0,0,5.0,3.8,1.67,Football-Data.co.uk,2023-10-29,2023/24|2023-10-29|Man United|Man City
2023/24,29/10/2023,West Ham,Everton,0,1,A,0,0,D,12,10,2,4,4,3,7,11,4,1,0,0,2.15,3.5,3.3,Football-Data.co.uk,2023-10-29,2023/24|2023-10-29|West Ham|Everton
2023/24,04/11/2023,Brentford,West Ham,3,2,H,1,2,A,16,12,4,2,4,3,12,14,1,4,0,0,2.05,3.6,3.5,Football-Data.co.uk,2023-11-04,2023/24|2023-11-04|Brentford|West Ham
2023/24,04/11/2023,Burnley,Crystal Palace,0,2,A,0,1,A,17,4,5,3,12,1,9,12,0,5,0,0,2.75,3.25,2.6,Football-Data.co.uk,2023-11-04,2023/24|2023-11-04|Burnley|Crystal Palace
2023/24,04/11/2023,Everton,Brighton,1,1,D,1,0,H,10,7,4,2,3,3,15,5,4,2,0,0,3.1,3.6,2.2,Football-Data.co.uk,2023-11-04,2023/24|2023-11-04|Everton|Brighton
2023/24,04/11/2023,Fulham,Man United,0,1,A,0,0,D,18,12,3,5,9,4,9,15,5,2,0,0,3.2,3.6,2.2,Football-Data.co.uk,2023-11-04,2023/24|2023-11-04|Fulham|Man United
2023/24,04/11/2023,Man City,Bournemouth,6,1,H,3,0,H,21,5,8,1,12,1,8,9,0,1,0,0,1.1,11.0,19.0,Football-Data.co.uk,2023-11-04,2023/24|2023-11-04|Man City|Bournemouth
2023/24,04/11/2023,Newcastle,Arsenal,1,0,H,0,0,D,9,14,2,1,0,11,14,9,5,1,0,0,2.8,3.2,2.6,Football-Data.co.uk,2023-11-04,2023/24|2023-11-04|Newcastle|Arsenal
2023/24,04/11/2023,Sheffield United,Wolves,2,1,H,0,0,D,11,10,2,3,4,4,13,10,2,3,0,0,3.8,3.5,2.0,Football-Data.co.uk,2023-11-04,2023/24|2023-11-04|Sheffield United|Wolves
2023/24,05/11/2023,Luton,Liverpool,1,1,D,0,0,D,8,24,5,6,4,7,7,13,1,1,0,0,12.0,6.5,1.22,Football-Data.co.uk,2023-11-05,2023/24|2023-11-05|Luton|Liverpool
2023/24,05/11/2023,Nott'm Forest,Aston Villa,2,0,H,1,0,H,5,13,3,3,0,10,6,9,1,1,0,0,4.2,3.75,1.85,Football-Data.co.uk,2023-11-05,2023/24|2023-11-05|Nott'm Forest|Aston Villa
2023/24,06/11/2023,Tottenham,Chelsea,1,4,A,1,1,D,8,17,5,8,1,6,12,21,1,5,2,0,2.0,3.75,3.5,Football-Data.co.uk,2023-11-06,2023/24|2023-11-06|Tottenham|Chelsea
2023/24,11/11/2023,Arsenal,Burnley,3,1,H,1,0,H,16,8,6,5,3,3,8,9,0,1,1,0,1.18,7.0,17.0,Football-Data.co.uk,2023-11-11,2023/24|2023-11-11|Arsenal|Burnley
2023/24,11/11/2023,Bournemouth,Newcastle,2,0,H,0,0,D,19,8,10,5,6,5,10,4,2,1,0,0,4.75,4.0,1.73,Football-Data.co.uk,2023-11-11,2023/24|2023-11-11|Bournemouth|Newcastle
2023/24,11/11/2023,Crystal Palace,Everton,2,3,A,1,1,D,13,8,4,4,9,2,9,18,1,4,0,0,2.45,3.2,3.0,Football-Data.co.uk,2023-11-11,2023/24|2023-11-11|Crystal Palace|Everton
2023/24,11/11/2023,Man United,Luton,1,0,H,0,0,D,15,10,4,4,11,3,9,11,0,2,0,0,1.33,5.25,9.5,Football-Data.co.uk,2023-11-11,2023/24|2023-11-11|Man United|Luton
2023/24,11/11/2023,Wolves,Tottenham,2,1,H,0,1,A,17,6,4,2,11,3,19,15,4,3,0,0,3.1,3.75,2.2,Football-Data.co.uk,2023-11-11,2023/24|2023-11-11|Wolves|Tottenham
2023/24,12/11/2023,Aston Villa,Fulham,3,1,H,2,0,H,12,9,6,5,2,2,4,17,2,5,0,0,1.57,4.2,5.5,Football-Data.co.uk,2023-11-12,2023/24|2023-11-12|Aston Villa|Fulham
2023/24,12/11/2023,Brighton,Sheffield United,1,1,D,1,0,H,11,9,6,1,6,3,13,16,3,2,1,0,1.25,5.75,13.0,Football-Data.co.uk,2023-11-12,2023/24|2023-11-12|Brighton|Sheffield United
2023/24,12/11/2023,Chelsea,Man City,4,4,D,2,2,D,17,15,9,10,3,3,12,15,5,3,0,0,5.0,3.7,1.73,Football-Data.co.uk,2023-11-12,2023/24|2023-11-12|Chelsea|Man City
2023/24,12/11/2023,Liverpool,Brentford,3,0,H,1,0,H,17,16,10,3,6,8,16,12,1,2,0,0,1.4,5.0,6.5,Football-Data.co.uk,2023-11-12,2023/24|2023-11-12|Liverpool|Brentford
2023/24,12/11/2023,West Ham,Nott'm Forest,3,2,H,1,1,D,16,10,6,5,9,4,9,12,2,2,0,0,1.85,3.6,4.0,Football-Data.co.uk,2023-11-12,2023/24|2023-11-12|West Ham|Nott'm Forest
2023/24,25/11/2023,Brentford,Arsenal,0,1,A,0,0,D,9,15,3,4,1,8,9,7,1,1,0,0,4.5,3.75,1.75,Football-Data.co.uk,2023-11-25,2023/24|2023-11-25|Brentford|Arsenal
2023/24,25/11/2023,Burnley,West Ham,1,2,A,0,0,D,11,11,5,3,4,5,11,7,1,3,0,0,3.4,3.5,2.05,Football-Data.co.uk,2023-11-25,2023/24|2023-11-25|Burnley|West Ham
2023/24,25/11/2023,Luton,Crystal Palace,2,1,H,0,0,D,8,16,3,8,4,5,15,12,6,1,0,0,3.6,3.3,2.1,Football-Data.co.uk,2023-11-25,2023/24|2023-11-25|Luton|Crystal Palace
2023/24,25/11/2023,Man City,Liverpool,1,1,D,1,0,H,16,8,5,3,9,6,9,11,1,3,0,0,1.73,4.2,4.2,Football-Data.co.uk,2023-11-25,2023/24|2023-11-25|Man City|Liverpool
2023/24,25/11/2023,Newcastle,Chelsea,4,1,H,1,1,D,14,7,5,4,4,2,13,19,4,4,0,1,2.55,3.5,2.63,Football-Data.co.uk,2023-11-25,2023/24|2023-11-25|Newcastle|Chelsea
2023/24,25/11/2023,Nott'm Forest,Brighton,2,3,A,1,2,A,18,11,5,5,6,4,12,7,2,4,0,1,3.2,3.6,2.15,Football-Data.co.uk,2023-11-25,2023/24|2023-11-25|Nott'm Forest|Brighton
2023/24,25/11/2023,Sheffield United,Bournemouth,1,3,A,0,2,A,10,23,2,11,4,7,6,8,4,1,0,0,3.2,3.5,2.2,Football-Data.co.uk,2023-11-25,2023/24|2023-11-25|Sheffield United|Bournemouth
2023/24,26/11/2023,Everton,Man United,0,3,A,0,1,A,24,9,6,4,6,5,10,8,3,0,0,0,2.7,3.4,2.55,Football-Data.co.uk,2023-11-26,2023/24|2023-11-26|Everton|Man United
2023/24,26/11/2023,Tottenham,Aston Villa,1,2,A,1,1,D,18,15,8,5,9,3,11,13,0,4,0,0,2.3,3.8,2.8,Football-Data.co.uk,2023-11-26,2023/24|2023-11-26|Tottenham|Aston Villa
2023/24,27/11/2023,Fulham,Wolves,3,2,H,1,1,D,12,10,6,6,6,2,13,13,2,2,0,0,2.38,3.3,3.0,Football-Data.co.uk,2023-11-27,2023/24|2023-11-27|Fulham|Wolves
2023/24,02/12/2023,Arsenal,Wolves,2,1,H,2,0,H,19,6,6,3,4,0,10,10,1,2,0,0,1.25,5.5,12.0,Football-Data.co.uk,2023-12-02,2023/24|2023-12-02|Arsenal|Wolves
2023/24,02/12/2023,Brentford,Luton,3,1,H,0,0,D,27,7,6,1,7,5,10,8,1,2,0,0,1.45,4.5,6.5,Football-Data.co.uk,2023-12-02,2023/24|2023-12-02|Brentford|Luton
2023/24,02/12/2023,Burnley,Sheffield United,5,0,H,2,0,H,19,6,7,3,6,1,9,12,2,5,0,1,1.8,3.6,4.5,Football-Data.co.uk,2023-12-02,2023/24|2023-12-02|Burnley|Sheffield United
2023/24,02/12/2023,Newcastle,Man United,1,0,H,0,0,D,22,8,4,1,7,3,6,13,1,2,0,0,1.91,3.75,3.8,Football-Data.co.uk,2023-12-02,2023/24|2023-12-02|Newcastle|Man United
2023/24,02/12/2023,Nott'm Forest,Everton,0,1,A,0,0,D,13,12,2,3,4,3,15,14,1,0,0,0,2.75,3.25,2.6,Football-Data.co.uk,2023-12-02,2023/24|2023-12-02|Nott'm Forest|Everton
2023/24,03/12/2023,Bournemouth,Aston Villa,2,2,D,1,1,D,15,11,7,3,7,7,16,12,5,3,0,0,3.4,4.0,1.95,Football-Data.co.uk,2023-12-03,2023/24|2023-12-03|Bournemouth|Aston Villa
2023/24,03/12/2023,Chelsea,Brighton,3,2,H,2,1,H,8,18,5,9,5,8,16,12,3,5,1,0,1.73,4.2,4.2,Football-Data.co.uk,2023-12-03,2023/24|2023-12-03|Chelsea|Brighton
2023/24,03/12/2023,Liverpool,Fulham,4,3,H,2,2,D,26,9,12,5,3,4,6,7,0,0,0,0,1.25,6.5,9.0,Football-Data.co.uk,2023-12-03,2023/24|2023-12-03|Liverpool|Fulham
2023/24,03/12/2023,Man City,Tottenham,3,3,D,2,1,H,18,8,4,4,10,8,14,14,4,4,0,0,1.29,6.0,9.0,Football-Data.co.uk,2023-12-03,2023/24|2023-12-03|Man City|Tottenham
2023/24,03/12/2023,West Ham,Crystal Palace,1,1,D,1,0,H,9,9,3,2,2,3,17,7,2,0,0,0,2.0,3.5,3.8,Football-Data.co.uk,2023-12-03,2023/24|2023-12-03|West Ham|Crystal Palace
2023/24,05/12/2023,Luton,Arsenal,3,4,A,1,2,A,6,23,4,9,3,8,14,7,2,1,0,0,17.0,7.0,1.18,Football-Data.co.uk,2023-12-05,2023/24|2023-12-05|Luton|Arsenal
2023/24,05/12/2023,Wolves,Burnley,1,0,H,1,0,H,7,12,4,3,6,8,11,15,2,4,0,0,1.85,3.6,4.2,Football-Data.co.uk,2023-12-05,2023/24|2023-12-05|Wolves|Burnley
2023/24,06/12/2023,Aston Villa,Man City,1,0,H,0,0,D,22,2,7,2,6,0,13,13,2,2,0,0,4.75,4.2,1.7,Football-Data.co.uk,2023-12-06,2023/24|2023-12-06|Aston Villa|Man City
2023/24,06/12/2023,Brighton,Brentford,2,1,H,1,1,D,18,8,7,2,7,3,10,8,3,1,0,0,1.91,3.8,3.75,Football-Data.co.uk,2023-12-06,2023/24|2023-12-06|Brighton|Brentford
2023/24,06/12/2023,Crystal Palace,Bournemouth,0,2,A,0,1,A,16,11,3,4,3,9,10,17,1,3,0,0,2.25,3.5,3.1,Football-Data.co.uk,2023-12-06,2023/24|2023-12-06|Crystal Palace|Bournemouth
2023/24,06/12/2023,Fulham,Nott'm Forest,5,0,H,2,0,H,14,4,6,1,6,1,7,10,0,1,0,0,2.0,3.4,3.75,Football-Data.co.uk,2023-12-06,2023/24|2023-12-06|Fulham|Nott'm Forest
2023/24,06/12/2023,Man United,Chelsea,2,1,H,1,1,D,28,13,9,3,12,4,12,12,4,0,0,0,2.88,3.4,2.45,Football-Data.co.uk,2023-12-06,2023/24|2023-12-06|Man United|Chelsea
2023/24,06/12/2023,Sheffield United,Liverpool,0,2,A,0,1,A,6,15,1,8,2,12,12,8,2,3,0,0,12.0,7.5,1.2,Football-Data.co.uk,2023-12-06,2023/24|2023-12-06|Sheffield United|Liverpool
2023/24,07/12/2023,Everton,Newcastle,3,0,H,0,0,D,21,13,6,3,5,2,18,8,3,0,0,0,3.25,3.25,2.25,Football-Data.co.uk,2023-12-07,2023/24|2023-12-07|Everton|Newcastle
2023/24,07/12/2023,Tottenham,West Ham,1,2,A,1,0,H,23,11,7,5,8,4,11,12,3,3,0,0,1.75,4.2,4.2,Football-Data.co.uk,2023-12-07,2023/24|2023-12-07|Tottenham|West Ham
2023/24,09/12/2023,Aston Villa,Arsenal,1,0,H,1,0,H,10,12,3,5,3,3,16,11,4,2,0,0,3.3,3.6,2.1,Football-Data.co.uk,2023-12-09,2023/24|2023-12-09|Aston Villa|Arsenal
2023/24,09/12/2023,Brighton,Burnley,1,1,D,0,1,A,29,6,11,3,9,1,5,8,0,4,0,0,1.5,4.75,6.0,Football-Data.co.uk,2023-12-09,2023/24|2023-12-09|Brighton|Burnley
2023/24,09/12/2023,Crystal Palace,Liverpool,1,2,A,0,0,D,8,14,4,2,6,5,17,17,5,2,1,0,6.0,4.5,1.5,Football-Data.co.uk,2023-12-09,2023/24|2023-12-09|Crystal Palace|Liverpool
2023/24,09/12/2023,Man United,Bournemouth,0,3,A,0,1,A,20,10,3,4,10,4,7,10,3,1,0,0,1.55,4.33,5.75,Football-Data.co.uk,2023-12-09,2023/24|2023-12-09|Man United|Bournemouth
2023/24,09/12/2023,Sheffield United,Brentford,1,0,H,1,0,H,9,10,4,4,3,4,14,13,5,1,0,0,4.2,3.8,1.75,Football-Data.co.uk,2023-12-09,2023/24|2023-12-09|Sheffield United|Brentford
2023/24,09/12/2023,Wolves,Nott'm Forest,1,1,D,1,1,D,10,8,4,2,4,3,9,11,0,1,0,0,1.85,3.6,4.33,Football-Data.co.uk,2023-12-09,2023/24|2023-12-09|Wolves|Nott'm Forest
2023/24,10/12/2023,Everton,Chelsea,2,0,H,0,0,D,9,16,5,4,4,8,12,12,2,2,0,0,3.1,3.5,2.25,Football-Data.co.uk,2023-12-10,2023/24|2023-12-10|Everton|Chelsea
2023/24,10/12/2023,Fulham,West Ham,5,0,H,3,0,H,14,9,8,5,3,6,5,10,2,1,0,0,2.38,3.5,2.9,Football-Data.co.uk,2023-12-10,2023/24|2023-12-10|Fulham|West Ham
2023/24,10/12/2023,Luton,Man City,1,2,A,1,0,H,4,18,2,6,6,3,16,6,2,1,0,0,17.0,8.0,1.14,Football-Data.co.uk,2023-12-10,2023/24|2023-12-10|Luton|Man City
2023/24,10/12/2023,Tottenham,Newcastle,4,1,H,2,0,H,23,9,12,3,3,6,10,12,1,3,0,0,2.15,3.8,3.1,Football-Data.co.uk,2023-12-10,2023/24|2023-12-10|Tottenham|Newcastle
2023/24,15/12/2023,Nott'm Forest,Tottenham,0,2,A,0,1,A,15,12,1,6,6,4,16,11,2,4,0,1,4.2,4.2,1.73,Football-Data.co.uk,2023-12-15,2023/24|2023-12-15|Nott'm Forest|Tottenham
2023/24,16/12/2023,Burnley,Everton,0,2,A,0,2,A,14,9,2,6,8,6,9,8,0,1,0,0,3.6,3.4,2.1,Football-Data.co.uk,2023-12-16,2023/24|2023-12-16|Burnley|Everton
2023/24,16/12/2023,Chelsea,Sheffield United,2,0,H,0,0,D,15,6,6,1,7,6,9,14,1,3,0,0,1.22,6.5,13.0,Football-Data.co.uk,2023-12-16,2023/24|2023-12-16|Chelsea|Sheffield United
2023/24,16/12/2023,Man City,Crystal Palace,2,2,D,1,0,H,19,5,9,2,6,1,12,9,1,1,0,0,1.18,8.0,13.0,Football-Data.co.uk,2023-12-16,2023/24|2023-12-16|Man City|Crystal Palace
2023/24,16/12/2023,Newcastle,Fulham,3,0,H,0,0,D,27,6,10,4,5,1,7,12,0,2,0,1,1.8,3.8,4.0,Football-Data.co.uk,2023-12-16,2023/24|2023-12-16|Newcastle|Fulham
2023/24,17/12/2023,Arsenal,Brighton,2,0,H,0,0,D,26,6,9,1,10,1,11,9,1,3,0,0,1.44,5.0,6.0,Football-Data.co.uk,2023-12-17,2023/24|2023-12-17|Arsenal|Brighton
2023/24,17/12/2023,Brentford,Aston Villa,1,2,A,1,0,H,4,15,3,5,7,12,19,6,6,4,1,1,3.2,3.75,2.1,Football-Data.co.uk,2023-12-17,2023/24|2023-12-17|Brentford|Aston Villa
2023/24,17/12/2023,Liverpool,Man United,0,0,D,0,0,D,34,6,8,1,12,0,13,8,2,4,0,1,1.3,6.0,8.0,Football-Data.co.uk,2023-12-17,2023/24|2023-12-17|Liverpool|Man United
2023/24,17/12/2023,West Ham,Wolves,3,0,H,2,0,H,13,14,4,3,6,6,12,15,3,1,0,0,2.15,3.5,3.3,Football-Data.co.uk,2023-12-17,2023/24|2023-12-17|West Ham|Wolves
2023/24,21/12/2023,Crystal Palace,Brighton,1,1,D,1,0,H,11,18,3,6,3,1,12,11,5,2,0,0,3.3,3.3,2.15,Football-Data.co.uk,2023-12-21,2023/24|2023-12-21|Crystal Palace|Brighton
2023/24,22/12/2023,Aston Villa,Sheffield United,1,1,D,0,0,D,12,5,4,2,9,1,11,16,3,3,0,0,1.22,6.5,12.0,Football-Data.co.uk,2023-12-22,2023/24|2023-12-22|Aston Villa|Sheffield United
2023/24,23/12/2023,Fulham,Burnley,0,2,A,0,0,D,19,7,5,2,8,6,5,17,2,1,0,0,1.67,3.75,5.25,Football-Data.co.uk,2023-12-23,2023/24|2023-12-23|Fulham|Burnley
2023/24,23/12/2023,Liverpool,Arsenal,1,1,D,1,1,D,13,13,3,2,4,5,13,14,2,5,0,0,2.38,3.6,2.8,Football-Data.co.uk,2023-12-23,2023/24|2023-12-23|Liverpool|Arsenal
2023/24,23/12/2023,Luton,Newcastle,1,0,H,1,0,H,16,15,5,2,6,7,11,5,2,1,0,0,4.75,4.2,1.65,Football-Data.co.uk,2023-12-23,2023/24|2023-12-23|Luton|Newcastle
2023/24,23/12/2023,Nott'm Forest,Bournemouth,2,3,A,0,0,D,11,18,5,7,6,6,10,10,0,3,1,0,2.75,3.4,2.55,Football-Data.co.uk,2023-12-23,2023/24|2023-12-23|Nott'm Forest|Bournemouth
2023/24,23/12/2023,Tottenham,Everton,2,1,H,2,0,H,13,18,6,8,3,8,6,18,1,4,0,0,1.75,4.2,4.0,Football-Data.co.uk,2023-12-23,2023/24|2023-12-23|Tottenham|Everton
2023/24,23/12/2023,West Ham,Man United,2,0,H,0,0,D,12,11,5,3,4,4,13,15,2,3,0,0,2.6,3.6,2.6,Football-Data.co.uk,2023-12-23,2023/24|2023-12-23|West Ham|Man United
2023/24,24/12/2023,Wolves,Chelsea,2,1,H,0,0,D,14,16,6,5,10,6,11,9,3,5,0,0,3.75,3.75,1.91,Football-Data.co.uk,2023-12-24,2023/24|2023-12-24|Wolves|Chelsea
2023/24,26/12/2023,Bournemouth,Fulham,3,0,H,1,0,H,16,8,4,3,6,5,10,10,0,2,0,0,2.15,3.6,3.2,Football-Data.co.uk,2023-12-26,2023/24|2023-12-26|Bournemouth|Fulham
2023/24,26/12/2023,Burnley,Liverpool,0,2,A,0,1,A,9,19,0,10,4,4,7,10,2,1,0,0,6.5,5.25,1.4,Football-Data.co.uk,2023-12-26,2023/24|2023-12-26|Burnley|Liverpool
2023/24,26/12/2023,Man United,Aston Villa,3,2,H,0,2,A,13,10,7,4,3,6,10,10,1,3,0,0,2.6,3.5,2.6,Football-Data.co.uk,2023-12-26,2023/24|2023-12-26|Man United|Aston Villa
2023/24,26/12/2023,Newcastle,Nott'm Forest,1,3,A,1,1,D,19,15,7,6,10,2,10,11,3,3,0,0,1.5,4.33,5.75,Football-Data.co.uk,2023-12-26,2023/24|2023-12-26|Newcastle|Nott'm Forest
2023/24,26/12/2023,Sheffield United,Luton,2,3,A,0,1,A,21,12,6,4,9,4,13,13,5,0,0,0,2.3,3.3,3.1,Football-Data.co.uk,2023-12-26,2023/24|2023-12-26|Sheffield United|Luton
2023/24,27/12/2023,Brentford,Wolves,1,4,A,1,3,A,14,11,4,5,8,2,5,14,1,1,0,0,1.95,3.5,4.2,Football-Data.co.uk,2023-12-27,2023/24|2023-12-27|Brentford|Wolves
2023/24,27/12/2023,Chelsea,Crystal Palace,2,1,H,1,1,D,9,13,4,5,4,3,13,16,3,2,0,0,1.67,4.0,5.0,Football-Data.co.uk,2023-12-27,2023/24|2023-12-27|Chelsea|Crystal Palace
2023/24,27/12/2023,Everton,Man City,1,3,A,1,0,H,7,23,2,9,8,4,13,5,4,2,0,0,5.75,4.0,1.57,Football-Data.co.uk,2023-12-27,2023/24|2023-12-27|Everton|Man City
2023/24,28/12/2023,Arsenal,West Ham,0,2,A,0,1,A,30,6,8,3,10,3,8,8,2,0,0,0,1.33,5.5,7.5,Football-Data.co.uk,2023-12-28,2023/24|2023-12-28|Arsenal|West Ham
2023/24,28/12/2023,Brighton,Tottenham,4,2,H,2,0,H,15,19,9,3,7,6,18,6,3,2,0,0,2.5,3.6,2.6,Football-Data.co.uk,2023-12-28,2023/24|2023-12-28|Brighton|Tottenham
2023/24,30/12/2023,Aston Villa,Burnley,3,2,H,2,1,H,19,9,7,5,6,2,9,14,4,1,0,1,1.36,5.25,7.5,Football-Data.co.uk,2023-12-30,2023/24|2023-12-30|Aston Villa|Burnley
2023/24,30/12/2023,Crystal Palace,Brentford,3,1,H,2,1,H,13,9,6,4,7,4,14,10,0,1,0,0,2.2,3.3,3.4,Football-Data.co.uk,2023-12-30,2023/24|2023-12-30|Crystal Palace|Brentford
2023/24,30/12/2023,Luton,Chelsea,2,3,A,0,2,A,15,12,6,8,7,2,14,21,2,2,0,0,6.5,4.2,1.5,Football-Data.co.uk,2023-12-30,2023/24|2023-12-30|Luton|Chelsea
2023/24,30/12/2023,Man City,Sheffield United,2,0,H,1,0,H,18,4,4,2,12,2,5,6,1,1,0,0,1.08,11.0,29.0,Football-Data.co.uk,2023-12-30,2023/24|2023-12-30|Man City|Sheffield United
2023/24,30/12/2023,Nott'm Forest,Man United,2,1,H,0,0,D,8,10,2,5,4,5,9,11,2,4,0,0,3.2,3.6,2.15,Football-Data.co.uk,2023-12-30,2023/24|2023-12-30|Nott'm Forest|Man United
2023/24,30/12/2023,Wolves,Everton,3,0,H,1,0,H,12,10,6,0,5,2,9,14,2,3,0,0,2.63,3.3,2.7,Football-Data.co.uk,2023-12-30,2023/24|2023-12-30|Wolves|Everton
2023/24,31/12/2023,Fulham,Arsenal,2,1,H,1,1,D,15,13,4,3,5,4,11,10,4,1,0,0,5.25,4.5,1.55,Football-Data.co.uk,2023-12-31,2023/24|2023-12-31|Fulham|Arsenal
2023/24,31/12/2023,Tottenham,Bournemouth,3,1,H,1,0,H,12,24,6,4,4,13,9,18,3,3,0,0,1.75,4.2,4.0,Football-Data.co.uk,2023-12-31,2023/24|2023-12-31|Tottenham|Bournemouth
2023/24,01/01/2024,Liverpool,Newcastle,4,2,H,0,0,D,34,5,15,3,7,3,16,15,3,5,0,0,1.45,4.5,7.0,Football-Data.co.uk,2024-01-01,2023/24|2024-01-01|Liverpool|Newcastle
2023/24,02/01/2024,West Ham,Brighton,0,0,D,0,0,D,6,22,2,8,2,0,4,6,1,0,0,0,2.45,3.75,2.75,Football-Data.co.uk,2024-01-02,2023/24|2024-01-02|West Ham|Brighton
2023/24,12/01/2024,Burnley,Luton,1,1,D,1,0,H,13,14,7,5,2,8,7,12,1,0,0,0,2.0,3.6,3.6,Football-Data.co.uk,2024-01-12,2023/24|2024-01-12|Burnley|Luton
2023/24,13/01/2024,Chelsea,Fulham,1,0,H,1,0,H,17,14,3,4,6,4,13,9,5,1,0,0,1.6,4.2,5.25,Football-Data.co.uk,2024-01-13,2023/24|2024-01-13|Chelsea|Fulham
2023/24,13/01/2024,Newcastle,Man City,2,3,A,2,1,H,12,27,5,11,3,13,7,7,1,2,0,0,5.5,4.33,1.55,Football-Data.co.uk,2024-01-13,2023/24|2024-01-13|Newcastle|Man City
2023/24,14/01/2024,Everton,Aston Villa,0,0,D,0,0,D,10,16,2,5,4,5,13,14,1,4,0,0,2.8,3.5,2.45,Football-Data.co.uk,2024-01-14,2023/24|2024-01-14|Everton|Aston Villa
2023/24,14/01/2024,Man United,Tottenham,2,2,D,2,1,H,9,16,2,6,8,13,8,5,2,1,0,0,2.2,3.75,3.0,Football-Data.co.uk,2024-01-14,2023/24|2024-01-14|Man United|Tottenham
2023/24,20/01/2024,Arsenal,Crystal Palace,5,0,H,2,0,H,21,12,6,5,6,7,8,12,0,0,0,0,1.3,5.75,9.0,Football-Data.co.uk,2024-01-20,2023/24|2024-01-20|Arsenal|Crystal Palace
2023/24,20/01/2024,Brentford,Nott'm Forest,3,2,H,1,1,D,11,12,5,3,6,4,10,14,1,3,0,0,1.91,3.6,4.0,Football-Data.co.uk,2024-01-20,2023/24|2024-01-20|Brentford|Nott'm Forest
2023/24,21/01/2024,Bournemouth,Liverpool,0,4,A,0,0,D,11,14,1,7,8,5,9,12,1,2,0,0,4.2,4.5,1.7,Football-Data.co.uk,2024-01-21,2023/24|2024-01-21|Bournemouth|Liverpool
2023/24,21/01/2024,Sheffield United,West Ham,2,2,D,1,1,D,21,16,6,5,4,1,11,10,3,1,1,1,3.4,3.3,2.2,Football-Data.co.uk,2024-01-21,2023/24|2024-01-21|Sheffield United|West Ham
2023/24,22/01/2024,Brighton,Wolves,0,0,D,0,0,D,11,8,4,3,8,2,10,13,1,4,0,0,1.65,4.33,5.0,Football-Data.co.uk,2024-01-22,2023/24|2024-01-22|Brighton|Wolves
2023/24,30/01/2024,Aston Villa,Newcastle,1,3,A,0,2,A,12,14,6,5,8,7,14,12,4,1,0,0,1.85,4.0,3.8,Football-Data.co.uk,2024-01-30,2023/24|2024-01-30|Aston Villa|Newcastle
2023/24,30/01/2024,Crystal Palace,Sheffield United,3,2,H,2,2,D,12,9,4,5,11,1,8,18,1,4,0,0,1.62,3.6,6.5,Football-Data.co.uk,2024-01-30,2023/24|2024-01-30|Crystal Palace|Sheffield United
2023/24,30/01/2024,Fulham,Everton,0,0,D,0,0,D,25,21,6,4,15,6,6,13,1,2,0,0,2.45,3.2,3.0,Football-Data.co.uk,2024-01-30,2023/24|2024-01-30|Fulham|Everton
2023/24,30/01/2024,Luton,Brighton,4,0,H,3,0,H,18,9,8,2,7,4,13,14,2,2,0,0,4.2,4.2,1.75,Football-Data.co.uk,2024-01-30,2023/24|2024-01-30|Luton|Brighton
2023/24,30/01/2024,Nott'm Forest,Arsenal,1,2,A,0,0,D,9,19,3,3,2,11,6,7,0,1,0,0,7.5,5.0,1.4,Football-Data.co.uk,2024-01-30,2023/24|2024-01-30|Nott'm Forest|Arsenal
2023/24,31/01/2024,Liverpool,Chelsea,4,1,H,2,0,H,28,4,13,3,8,1,15,16,2,4,0,0,1.57,4.33,5.25,Football-Data.co.uk,2024-01-31,2023/24|2024-01-31|Liverpool|Chelsea
2023/24,31/01/2024,Man City,Burnley,3,1,H,2,0,H,14,8,4,3,7,3,3,13,2,2,0,0,1.08,12.0,21.0,Football-Data.co.uk,2024-01-31,2023/24|2024-01-31|Man City|Burnley
2023/24,31/01/2024,Tottenham,Brentford,3,2,H,0,1,A,19,9,5,5,5,3,13,15,2,3,0,0,1.67,4.2,4.75,Football-Data.co.uk,2024-01-31,2023/24|2024-01-31|Tottenham|Brentford
2023/24,01/02/2024,West Ham,Bournemouth,1,1,D,0,1,A,9,9,3,4,1,5,13,11,1,3,0,0,2.4,3.75,2.75,Football-Data.co.uk,2024-02-01,2023/24|2024-02-01|West Ham|Bournemouth
2023/24,01/02/2024,Wolves,Man United,3,4,A,0,2,A,16,21,7,8,4,5,10,10,2,5,0,0,2.63,3.6,2.55,Football-Data.co.uk,2024-02-01,2023/24|2024-02-01|Wolves|Man United
2023/24,03/02/2024,Brighton,Crystal Palace,4,1,H,3,0,H,13,7,6,5,3,2,8,14,1,3,0,0,1.7,4.0,4.75,Football-Data.co.uk,2024-02-03,2023/24|2024-02-03|Brighton|Crystal Palace
2023/24,03/02/2024,Burnley,Fulham,2,2,D,0,2,A,12,15,4,7,2,13,11,7,2,2,0,0,2.9,3.4,2.38,Football-Data.co.uk,2024-02-03,2023/24|2024-02-03|Burnley|Fulham
2023/24,03/02/2024,Everton,Tottenham,2,2,D,1,2,A,14,9,5,6,9,5,8,14,3,0,0,0,3.0,3.6,2.25,Football-Data.co.uk,2024-02-03,2023/24|2024-02-03|Everton|Tottenham
2023/24,03/02/2024,Newcastle,Luton,4,4,D,2,2,D,19,11,6,8,8,2,13,16,2,2,0,0,1.44,4.75,6.5,Football-Data.co.uk,2024-02-03,2023/24|2024-02-03|Newcastle|Luton
2023/24,03/02/2024,Sheffield United,Aston Villa,0,5,A,0,4,A,10,14,5,10,3,4,10,7,1,0,0,0,5.25,4.2,1.62,Football-Data.co.uk,2024-02-03,2023/24|2024-02-03|Sheffield United|Aston Villa
2023/24,04/02/2024,Arsenal,Liverpool,3,1,H,1,1,D,15,10,7,1,2,4,11,11,6,2,0,1,2.2,3.6,3.1,Football-Data.co.uk,2024-02-04,2023/24|2024-02-04|Arsenal|Liverpool
2023/24,04/02/2024,Bournemouth,Nott'm Forest,1,1,D,1,1,D,9,8,2,6,11,6,19,12,3,2,1,0,1.7,4.2,4.5,Football-Data.co.uk,2024-02-04,2023/24|2024-02-04|Bournemouth|Nott'm Forest
2023/24,04/02/2024,Chelsea,Wolves,2,4,A,1,2,A,15,14,6,7,10,1,15,11,3,2,0,0,1.62,4.0,5.5,Football-Data.co.uk,2024-02-04,2023/24|2024-02-04|Chelsea|Wolves
2023/24,04/02/2024,Man United,West Ham,3,0,H,1,0,H,12,22,5,3,5,8,10,5,0,1,0,0,1.62,4.2,5.0,Football-Data.co.uk,2024-02-04,2023/24|2024-02-04|Man United|West Ham
2023/24,05/02/2024,Brentford,Man City,1,3,A,1,1,D,9,25,3,15,8,13,2,4,1,0,0,0,7.0,4.75,1.4,Football-Data.co.uk,2024-02-05,2023/24|2024-02-05|Brentford|Man City
2023/24,10/02/2024,Fulham,Bournemouth,3,1,H,2,0,H,7,25,6,4,1,14,11,11,1,2,0,0,2.38,3.5,2.8,Football-Data.co.uk,2024-02-10,2023/24|2024-02-10|Fulham|Bournemouth
2023/24,10/02/2024,Liverpool,Burnley,3,1,H,1,1,D,25,9,10,4,9,3,11,13,3,2,0,0,1.17,8.0,17.0,Football-Data.co.uk,2024-02-10,2023/24|2024-02-10|Liverpool|Burnley
2023/24,10/02/2024,Luton,Sheffield United,1,3,A,0,2,A,20,7,5,3,13,1,7,12,1,2,0,0,1.75,3.75,4.75,Football-Data.co.uk,2024-02-10,2023/24|2024-02-10|Luton|Sheffield United
2023/24,10/02/2024,Man City,Everton,2,0,H,0,0,D,19,5,3,1,9,0,6,11,0,2,0,0,1.18,8.0,13.0,Football-Data.co.uk,2024-02-10,2023/24|2024-02-10|Man City|Everton
2023/24,10/02/2024,Nott'm Forest,Newcastle,2,3,A,2,2,D,13,7,3,5,4,4,9,6,1,2,0,0,3.3,3.75,2.05,Football-Data.co.uk,2024-02-10,2023/24|2024-02-10|Nott'm Forest|Newcastle
2023/24,10/02/2024,Tottenham,Brighton,2,1,H,0,1,A,16,6,6,3,9,6,14,13,2,3,0,0,1.8,4.2,3.8,Football-Data.co.uk,2024-02-10,2023/24|2024-02-10|Tottenham|Brighton
2023/24,10/02/2024,Wolves,Brentford,0,2,A,0,1,A,17,9,5,6,7,4,11,9,2,3,0,0,2.1,3.6,3.4,Football-Data.co.uk,2024-02-10,2023/24|2024-02-10|Wolves|Brentford
2023/24,11/02/2024,Aston Villa,Man United,1,2,A,0,1,A,23,17,10,5,10,8,9,7,3,2,0,0,2.15,3.75,3.1,Football-Data.co.uk,2024-02-11,2023/24|2024-02-11|Aston Villa|Man United
2023/24,11/02/2024,West Ham,Arsenal,0,6,A,0,4,A,5,25,1,12,2,6,17,11,4,0,0,0,6.0,4.33,1.53,Football-Data.co.uk,2024-02-11,2023/24|2024-02-11|West Ham|Arsenal
2023/24,12/02/2024,Crystal Palace,Chelsea,1,3,A,1,0,H,13,14,4,5,1,7,14,7,2,2,0,0,4.2,3.8,1.85,Football-Data.co.uk,2024-02-12,2023/24|2024-02-12|Crystal Palace|Chelsea
2023/24,17/02/2024,Brentford,Liverpool,1,4,A,0,1,A,15,15,6,8,1,6,4,18,2,1,0,0,5.5,4.33,1.57,Football-Data.co.uk,2024-02-17,2023/24|2024-02-17|Brentford|Liverpool
2023/24,17/02/2024,Burnley,Arsenal,0,5,A,0,2,A,8,16,0,7,4,6,11,8,2,1,0,0,10.0,5.75,1.29,Football-Data.co.uk,2024-02-17,2023/24|2024-02-17|Burnley|Arsenal
2023/24,17/02/2024,Fulham,Aston Villa,1,2,A,0,1,A,15,12,4,3,4,4,11,6,5,2,0,0,2.9,3.75,2.2,Football-Data.co.uk,2024-02-17,2023/24|2024-02-17|Fulham|Aston Villa
2023/24,17/02/2024,Man City,Chelsea,1,1,D,0,1,A,31,9,5,6,12,1,7,12,1,3,0,0,1.33,5.5,8.0,Football-Data.co.uk,2024-02-17,2023/24|2024-02-17|Man City|Chelsea
2023/24,17/02/2024,Newcastle,Bournemouth,2,2,D,0,0,D,17,12,5,7,4,2,9,22,1,3,0,0,1.83,4.2,3.75,Football-Data.co.uk,2024-02-17,2023/24|2024-02-17|Newcastle|Bournemouth
2023/24,17/02/2024,Nott'm Forest,West Ham,2,0,H,1,0,H,19,10,8,3,5,3,13,15,4,4,0,1,2.38,3.5,2.9,Football-Data.co.uk,2024-02-17,2023/24|2024-02-17|Nott'm Forest|West Ham
2023/24,17/02/2024,Tottenham,Wolves,1,2,A,0,1,A,15,12,4,7,10,4,8,13,0,1,0,0,1.53,4.75,5.25,Football-Data.co.uk,2024-02-17,2023/24|2024-02-17|Tottenham|Wolves
2023/24,18/02/2024,Luton,Man United,1,2,A,1,2,A,22,21,4,9,8,6,7,21,3,5,0,0,4.0,4.0,1.8,Football-Data.co.uk,2024-02-18,2023/24|2024-02-18|Luton|Man United
2023/24,18/02/2024,Sheffield United,Brighton,0,5,A,0,2,A,6,24,1,10,5,10,3,5,1,4,1,0,5.0,4.2,1.62,Football-Data.co.uk,2024-02-18,2023/24|2024-02-18|Sheffield United|Brighton
2023/24,19/02/2024,Everton,Crystal Palace,1,1,D,0,0,D,19,10,4,4,3,6,8,12,0,2,0,0,1.7,3.6,5.25,Football-Data.co.uk,2024-02-19,2023/24|2024-02-19|Everton|Crystal Palace
2023/24,20/02/2024,Man City,Brentford,1,0,H,0,0,D,25,6,11,2,10,1,12,6,2,4,0,0,1.18,8.0,13.0,Football-Data.co.uk,2024-02-20,2023/24|2024-02-20|Man City|Brentford
2023/24,21/02/2024,Liverpool,Luton,4,1,H,0,1,A,29,12,13,3,13,4,15,14,1,4,0,0,1.2,7.0,13.0,Football-Data.co.uk,2024-02-21,2023/24|2024-02-21|Liverpool|Luton
2023/24,24/02/2024,Arsenal,Newcastle,4,1,H,2,0,H,18,3,8,2,9,0,15,6,1,0,0,0,1.36,5.25,8.0,Football-Data.co.uk,2024-02-24,2023/24|2024-02-24|Arsenal|Newcastle
2023/24,24/02/2024,Aston Villa,Nott'm Forest,4,2,H,3,1,H,16,10,6,3,7,2,7,16,1,2,0,0,1.53,4.5,5.75,Football-Data.co.uk,2024-02-24,2023/24|2024-02-24|Aston Villa|Nott'm Forest
2023/24,24/02/2024,Bournemouth,Man City,0,1,A,0,1,A,13,15,4,6,3,8,14,6,2,2,0,0,7.0,5.25,1.4,Football-Data.co.uk,2024-02-24,2023/24|2024-02-24|Bournemouth|Man City
2023/24,24/02/2024,Brighton,Everton,1,1,D,0,0,D,23,6,7,3,11,3,9,14,2,3,1,0,1.83,3.8,4.2,Football-Data.co.uk,2024-02-24,2023/24|2024-02-24|Brighton|Everton
2023/24,24/02/2024,Crystal Palace,Burnley,3,0,H,0,0,D,15,2,6,0,12,3,8,13,3,1,0,1,1.95,3.5,4.0,Football-Data.co.uk,2024-02-24,2023/24|2024-02-24|Crystal Palace|Burnley
2023/24,24/02/2024,Man United,Fulham,1,2,A,0,0,D,21,17,9,5,10,9,6,11,2,5,0,0,1.57,4.33,5.5,Football-Data.co.uk,2024-02-24,2023/24|2024-02-24|Man United|Fulham
2023/24,25/02/2024,Wolves,Sheffield United,1,0,H,1,0,H,13,12,2,4,5,6,8,4,2,1,0,0,1.44,4.75,7.0,Football-Data.co.uk,2024-02-25,2023/24|2024-02-25|Wolves|Sheffield United
2023/24,26/02/2024,West Ham,Brentford,4,2,H,2,1,H,17,14,6,8,1,7,5,9,1,2,0,0,2.5,3.5,2.75,Football-Data.co.uk,2024-02-26,2023/24|2024-02-26|West Ham|Brentford
2023/24,02/03/2024,Brentford,Chelsea,2,2,D,0,1,A,14,17,5,6,0,6,10,9,3,1,0,0,3.1,3.75,2.15,Football-Data.co.uk,2024-03-02,2023/24|2024-03-02|Brentford|Chelsea
2023/24,02/03/2024,Everton,West Ham,1,3,A,0,0,D,22,12,11,5,4,5,9,6,1,2,0,0,2.05,3.6,3.5,Football-Data.co.uk,2024-03-02,2023/24|2024-03-02|Everton|West Ham
2023/24,02/03/2024,Fulham,Brighton,3,0,H,2,0,H,12,15,5,5,2,6,16,10,1,2,0,0,2.55,3.6,2.63,Football-Data.co.uk,2024-03-02,2023/24|2024-03-02|Fulham|Brighton
2023/24,02/03/2024,Luton,Aston Villa,2,3,A,0,2,A,13,12,5,8,8,6,8,19,1,4,0,0,4.33,4.2,1.73,Football-Data.co.uk,2024-03-02,2023/24|2024-03-02|Luton|Aston Villa
2023/24,02/03/2024,Newcastle,Wolves,3,0,H,2,0,H,14,12,7,3,3,5,8,11,0,1,0,0,1.91,4.0,3.6,Football-Data.co.uk,2024-03-02,2023/24|2024-03-02|Newcastle|Wolves
2023/24,02/03/2024,Nott'm Forest,Liverpool,0,1,A,0,0,D,8,22,2,2,3,12,11,12,2,2,0,0,6.0,4.33,1.53,Football-Data.co.uk,2024-03-02,2023/24|2024-03-02|Nott'm Forest|Liverpool
2023/24,02/03/2024,Tottenham,Crystal Palace,3,1,H,0,0,D,14,4,6,1,11,1,7,16,1,2,0,0,1.5,4.33,6.5,Football-Data.co.uk,2024-03-02,2023/24|2024-03-02|Tottenham|Crystal Palace
2023/24,03/03/2024,Burnley,Bournemouth,0,2,A,0,1,A,20,10,6,3,7,2,8,13,2,4,0,0,3.75,3.6,1.95,Football-Data.co.uk,2024-03-03,2023/24|2024-03-03|Burnley|Bournemouth
2023/24,03/03/2024,Man City,Man United,3,1,H,0,1,A,27,3,8,1,15,2,5,10,0,1,0,0,1.25,5.75,11.0,Football-Data.co.uk,2024-03-03,2023/24|2024-03-03|Man City|Man United
2023/24,04/03/2024,Sheffield United,Arsenal,0,6,A,0,5,A,4,22,0,10,0,7,11,4,1,0,0,0,17.0,7.0,1.18,Football-Data.co.uk,2024-03-04,2023/24|2024-03-04|Sheffield United|Arsenal
2023/24,09/03/2024,Arsenal,Brentford,2,1,H,1,1,D,17,9,6,4,10,4,9,10,2,4,0,0,1.22,7.0,11.0,Football-Data.co.uk,2024-03-09,2023/24|2024-03-09|Arsenal|Brentford
2023/24,09/03/2024,Bournemouth,Sheffield United,2,2,D,0,1,A,32,13,12,9,10,3,12,11,3,5,0,0,1.33,5.25,8.0,Football-Data.co.uk,2024-03-09,2023/24|2024-03-09|Bournemouth|Sheffield United
2023/24,09/03/2024,Crystal Palace,Luton,1,1,D,1,0,H,21,8,4,2,8,6,20,11,2,3,0,0,1.75,3.8,4.2,Football-Data.co.uk,2024-03-09,2023/24|2024-03-09|Crystal Palace|Luton
2023/24,09/03/2024,Man United,Everton,2,0,H,2,0,H,15,23,8,6,5,8,13,11,1,2,0,0,1.83,3.6,4.0,Football-Data.co.uk,2024-03-09,2023/24|2024-03-09|Man United|Everton
2023/24,09/03/2024,Wolves,Fulham,2,1,H,0,0,D,8,23,3,6,3,4,7,11,2,2,0,0,2.5,3.4,2.75,Football-Data.co.uk,2024-03-09,2023/24|2024-03-09|Wolves|Fulham
2023/24,10/03/2024,Aston Villa,Tottenham,0,4,A,0,0,D,10,9,1,5,6,4,11,15,0,2,1,0,2.38,4.0,2.6,Football-Data.co.uk,2024-03-10,2023/24|2024-03-10|Aston Villa|Tottenham
2023/24,10/03/2024,Brighton,Nott'm Forest,1,0,H,1,0,H,10,9,3,4,6,3,14,14,4,4,0,0,1.8,4.0,4.0,Football-Data.co.uk,2024-03-10,2023/24|2024-03-10|Brighton|Nott'm Forest
2023/24,10/03/2024,Liverpool,Man City,1,1,D,0,1,A,19,10,6,6,7,4,6,10,0,3,0,0,3.0,3.75,2.2,Football-Data.co.uk,2024-03-10,2023/24|2024-03-10|Liverpool|Man City
2023/24,10/03/2024,West Ham,Burnley,2,2,D,0,2,A,22,11,4,4,4,4,11,18,2,4,0,0,1.67,4.0,4.75,Football-Data.co.uk,2024-03-10,2023/24|2024-03-10|West Ham|Burnley
2023/24,11/03/2024,Chelsea,Newcastle,3,2,H,1,1,D,12,11,8,3,0,4,12,7,3,1,0,0,1.91,4.0,3.6,Football-Data.co.uk,2024-03-11,2023/24|2024-03-11|Chelsea|Newcastle
2023/24,13/03/2024,Bournemouth,Luton,4,3,H,0,3,A,24,8,10,4,11,3,16,11,1,2,0,0,1.5,4.75,5.75,Football-Data.co.uk,2024-03-13,2023/24|2024-03-13|Bournemouth|Luton
2023/24,16/03/2024,Burnley,Brentford,2,1,H,1,0,H,17,9,6,5,5,4,14,17,2,4,0,1,3.25,3.6,2.15,Football-Data.co.uk,2024-03-16,2023/24|2024-03-16|Burnley|Brentford
2023/24,16/03/2024,Fulham,Tottenham,3,0,H,1,0,H,16,14,7,5,4,5,9,10,2,3,0,0,3.5,3.8,1.95,Football-Data.co.uk,2024-03-16,2023/24|2024-03-16|Fulham|Tottenham
2023/24,16/03/2024,Luton,Nott'm Forest,1,1,D,0,1,A,10,16,4,6,6,7,10,17,1,2,0,0,2.8,3.5,2.45,Football-Data.co.uk,2024-03-16,2023/24|2024-03-16|Luton|Nott'm Forest
2023/24,17/03/2024,West Ham,Aston Villa,1,1,D,1,0,H,13,13,5,5,7,11,13,12,3,3,0,0,2.63,3.75,2.45,Football-Data.co.uk,2024-03-17,2023/24|2024-03-17|West Ham|Aston Villa
2023/24,30/03/2024,Aston Villa,Wolves,2,0,H,1,0,H,11,13,5,3,5,4,11,19,3,4,0,0,1.6,4.33,5.0,Football-Data.co.uk,2024-03-30,2023/24|2024-03-30|Aston Villa|Wolves
2023/24,30/03/2024,Bournemouth,Everton,2,1,H,0,0,D,11,7,4,3,9,8,14,11,1,2,0,0,2.2,3.6,3.2,Football-Data.co.uk,2024-03-30,2023/24|2024-03-30|Bournemouth|Everton
2023/24,30/03/2024,Brentford,Man United,1,1,D,0,0,D,31,11,5,5,14,4,7,14,2,2,0,0,3.0,3.8,2.2,Football-Data.co.uk,2024-03-30,2023/24|2024-03-30|Brentford|Man United
2023/24,30/03/2024,Chelsea,Burnley,2,2,D,1,0,H,33,18,13,7,12,4,12,7,2,2,0,1,1.29,6.0,9.5,Football-Data.co.uk,2024-03-30,2023/24|2024-03-30|Chelsea|Burnley
2023/24,30/03/2024,Newcastle,West Ham,4,3,H,1,2,A,24,10,9,4,3,4,9,8,1,1,1,0,1.83,4.2,3.8,Football-Data.co.uk,2024-03-30,2023/24|2024-03-30|Newcastle|West Ham
2023/24,30/03/2024,Nott'm Forest,Crystal Palace,1,1,D,0,1,A,12,10,5,3,4,6,14,12,1,1,0,0,2.2,3.3,3.4,Football-Data.co.uk,2024-03-30,2023/24|2024-03-30|Nott'm Forest|Crystal Palace
2023/24,30/03/2024,Sheffield United,Fulham,3,3,D,0,0,D,8,24,4,9,2,15,10,13,4,1,0,0,4.5,4.0,1.73,Football-Data.co.uk,2024-03-30,2023/24|2024-03-30|Sheffield United|Fulham
2023/24,30/03/2024,Tottenham,Luton,2,1,H,0,1,A,17,7,4,3,3,6,16,14,2,4,0,0,1.2,8.0,11.0,Football-Data.co.uk,2024-03-30,2023/24|2024-03-30|Tottenham|Luton
2023/24,31/03/2024,Liverpool,Brighton,2,1,H,1,1,D,30,9,8,3,8,4,20,6,5,3,0,0,1.36,5.5,7.5,Football-Data.co.uk,2024-03-31,2023/24|2024-03-31|Liverpool|Brighton
2023/24,31/03/2024,Man City,Arsenal,0,0,D,0,0,D,12,6,1,2,7,4,9,20,0,2,0,0,1.91,3.8,3.8,Football-Data.co.uk,2024-03-31,2023/24|2024-03-31|Man City|Arsenal
2023/24,02/04/2024,Bournemouth,Crystal Palace,1,0,H,0,0,D,11,3,6,2,9,2,13,14,3,2,0,0,1.95,3.8,3.6,Football-Data.co.uk,2024-04-02,2023/24|2024-04-02|Bournemouth|Crystal Palace
2023/24,02/04/2024,Burnley,Wolves,1,1,D,1,1,D,13,8,6,2,7,4,10,12,0,2,0,0,2.45,3.6,2.75,Football-Data.co.uk,2024-04-02,2023/24|2024-04-02|Burnley|Wolves
2023/24,02/04/2024,Newcastle,Everton,1,1,D,1,0,H,18,10,6,3,7,3,9,14,0,3,0,0,2.0,3.75,3.5,Football-Data.co.uk,2024-04-02,2023/24|2024-04-02|Newcastle|Everton
2023/24,02/04/2024,Nott'm Forest,Fulham,3,1,H,3,0,H,16,18,4,3,3,8,7,8,0,0,0,0,2.7,3.4,2.63,Football-Data.co.uk,2024-04-02,2023/24|2024-04-02|Nott'm Forest|Fulham
2023/24,02/04/2024,West Ham,Tottenham,1,1,D,1,1,D,11,13,4,4,9,5,13,9,1,4,0,0,3.3,4.2,1.95,Football-Data.co.uk,2024-04-02,2023/24|2024-04-02|West Ham|Tottenham
2023/24,03/04/2024,Arsenal,Luton,2,0,H,2,0,H,13,5,4,1,3,1,12,8,1,1,0,0,1.1,10.0,19.0,Football-Data.co.uk,2024-04-03,2023/24|2024-04-03|Arsenal|Luton
2023/24,03/04/2024,Brentford,Brighton,0,0,D,0,0,D,5,24,2,6,1,5,9,12,1,1,0,0,2.38,3.8,2.75,Football-Data.co.uk,2024-04-03,2023/24|2024-04-03|Brentford|Brighton
2023/24,03/04/2024,Man City,Aston Villa,4,1,H,2,1,H,25,8,11,3,2,3,6,13,1,2,0,0,1.3,6.0,8.0,Football-Data.co.uk,2024-04-03,2023/24|2024-04-03|Man City|Aston Villa
2023/24,04/04/2024,Chelsea,Man United,4,3,H,2,2,D,28,19,10,5,12,3,7,15,3,0,0,0,2.0,4.0,3.4,Football-Data.co.uk,2024-04-04,2023/24|2024-04-04|Chelsea|Man United
2023/24,04/04/2024,Liverpool,Sheffield United,3,1,H,1,0,H,29,8,9,3,13,1,6,9,0,1,0,0,1.09,12.0,21.0,Football-Data.co.uk,2024-04-04,2023/24|2024-04-04|Liverpool|Sheffield United
2023/24,06/04/2024,Aston Villa,Brentford,3,3,D,1,0,H,11,8,3,3,11,3,15,11,2,2,0,0,1.7,4.0,4.75,Football-Data.co.uk,2024-04-06,2023/24|2024-04-06|Aston Villa|Brentford
2023/24,06/04/2024,Brighton,Arsenal,0,3,A,0,1,A,10,20,2,7,8,7,14,13,1,2,0,0,5.0,4.33,1.62,Football-Data.co.uk,2024-04-06,2023/24|2024-04-06|Brighton|Arsenal
2023/24,06/04/2024,Crystal Palace,Man City,2,4,A,1,1,D,7,18,4,8,2,9,13,3,1,1,0,0,9.5,5.25,1.33,Football-Data.co.uk,2024-04-06,2023/24|2024-04-06|Crystal Palace|Man City
2023/24,06/04/2024,Everton,Burnley,1,0,H,1,0,H,12,6,3,1,3,5,11,13,2,1,0,1,1.65,4.0,5.25,Football-Data.co.uk,2024-04-06,2023/24|2024-04-06|Everton|Burnley
2023/24,06/04/2024,Fulham,Newcastle,0,1,A,0,0,D,14,12,4,5,14,3,10,13,1,2,0,0,2.38,3.8,2.8,Football-Data.co.uk,2024-04-06,2023/24|2024-04-06|Fulham|Newcastle
2023/24,06/04/2024,Luton,Bournemouth,2,1,H,0,0,D,19,8,9,1,7,2,7,14,0,0,0,0,3.75,3.8,1.91,Football-Data.co.uk,2024-04-06,2023/24|2024-04-06|Luton|Bournemouth
2023/24,06/04/2024,Wolves,West Ham,1,2,A,1,0,H,14,11,7,4,4,4,15,7,5,2,0,0,2.5,3.6,2.7,Football-Data.co.uk,2024-04-06,2023/24|2024-04-06|Wolves|West Ham
2023/24,07/04/2024,Man United,Liverpool,2,2,D,0,1,A,9,28,5,7,6,11,9,10,5,2,0,0,4.75,4.5,1.6,Football-Data.co.uk,2024-04-07,2023/24|2024-04-07|Man United|Liverpool
2023/24,07/04/2024,Sheffield United,Chelsea,2,2,D,1,1,D,11,6,6,3,7,6,12,10,4,2,0,0,7.0,5.25,1.4,Football-Data.co.uk,2024-04-07,2023/24|2024-04-07|Sheffield United|Chelsea
2023/24,07/04/2024,Tottenham,Nott'm Forest,3,1,H,1,1,D,17,13,7,6,12,2,11,12,2,3,0,0,1.4,5.5,6.5,Football-Data.co.uk,2024-04-07,2023/24|2024-04-07|Tottenham|Nott'm Forest
2023/24,13/04/2024,Bournemouth,Man United,2,2,D,2,1,H,20,8,5,2,7,2,13,14,4,0,0,0,2.4,3.9,2.6,Football-Data.co.uk,2024-04-13,2023/24|2024-04-13|Bournemouth|Man United
2023/24,13/04/2024,Brentford,Sheffield United,2,0,H,0,0,D,9,8,5,2,3,6,8,11,3,1,0,0,1.44,5.0,6.5,Football-Data.co.uk,2024-04-13,2023/24|2024-04-13|Brentford|Sheffield United
2023/24,13/04/2024,Burnley,Brighton,1,1,D,0,0,D,11,20,3,8,4,5,18,8,1,2,0,0,3.5,3.75,2.0,Football-Data.co.uk,2024-04-13,2023/24|2024-04-13|Burnley|Brighton
2023/24,13/04/2024,Man City,Luton,5,1,H,1,0,H,33,4,13,2,12,1,7,6,1,0,0,0,1.1,11.0,19.0,Football-Data.co.uk,2024-04-13,2023/24|2024-04-13|Man City|Luton
2023/24,13/04/2024,Newcastle,Tottenham,4,0,H,2,0,H,18,11,5,2,16,3,14,12,0,4,0,0,2.7,4.0,2.3,Football-Data.co.uk,2024-04-13,2023/24|2024-04-13|Newcastle|Tottenham
2023/24,13/04/2024,Nott'm Forest,Wolves,2,2,D,1,1,D,18,11,9,4,10,1,15,10,2,3,0,0,2.1,3.4,3.5,Football-Data.co.uk,2024-04-13,2023/24|2024-04-13|Nott'm Forest|Wolves
2023/24,14/04/2024,Arsenal,Aston Villa,0,2,A,0,0,D,18,11,4,2,4,6,12,7,3,1,0,0,1.29,5.75,10.0,Football-Data.co.uk,2024-04-14,2023/24|2024-04-14|Arsenal|Aston Villa
2023/24,14/04/2024,Liverpool,Crystal Palace,0,1,A,0,1,A,21,8,6,5,11,1,10,10,1,1,0,0,1.22,7.0,12.0,Football-Data.co.uk,2024-04-14,2023/24|2024-04-14|Liverpool|Crystal Palace
2023/24,14/04/2024,West Ham,Fulham,0,2,A,0,1,A,15,18,4,10,8,3,6,13,1,2,0,0,2.38,3.6,2.8,Football-Data.co.uk,2024-04-14,2023/24|2024-04-14|West Ham|Fulham
2023/24,15/04/2024,Chelsea,Everton,6,0,H,4,0,H,14,10,10,2,4,8,5,21,1,4,0,0,1.7,4.2,4.5,Football-Data.co.uk,2024-04-15,2023/24|2024-04-15|Chelsea|Everton
2023/24,20/04/2024,Luton,Brentford,1,5,A,0,2,A,6,21,3,9,4,9,13,9,1,2,0,0,3.1,3.75,2.15,Football-Data.co.uk,2024-04-20,2023/24|2024-04-20|Luton|Brentford
2023/24,20/04/2024,Sheffield United,Burnley,1,4,A,0,2,A,18,16,11,9,11,2,10,9,1,0,0,0,2.75,3.6,2.45,Football-Data.co.uk,2024-04-20,2023/24|2024-04-20|Sheffield United|Burnley
2023/24,20/04/2024,Wolves,Arsenal,0,2,A,0,1,A,5,24,3,9,1,2,14,9,3,2,0,0,8.5,4.5,1.4,Football-Data.co.uk,2024-04-20,2023/24|2024-04-20|Wolves|Arsenal
2023/24,21/04/2024,Aston Villa,Bournemouth,3,1,H,1,1,D,14,14,4,6,8,4,8,14,1,3,0,0,1.85,4.0,3.6,Football-Data.co.uk,2024-04-21,2023/24|2024-04-21|Aston Villa|Bournemouth
2023/24,21/04/2024,Crystal Palace,West Ham,5,2,H,4,1,H,18,4,7,1,4,0,9,9,3,2,0,0,2.1,3.6,3.4,Football-Data.co.uk,2024-04-21,2023/24|2024-04-21|Crystal Palace|West Ham
2023/24,21/04/2024,Everton,Nott'm Forest,2,0,H,1,0,H,7,8,4,3,6,4,15,9,3,2,0,0,2.05,3.5,3.6,Football-Data.co.uk,2024-04-21,2023/24|2024-04-21|Everton|Nott'm Forest
2023/24,21/04/2024,Fulham,Liverpool,1,3,A,1,1,D,12,14,5,7,1,4,5,11,3,0,0,0,5.25,4.5,1.57,Football-Data.co.uk,2024-04-21,2023/24|2024-04-21|Fulham|Liverpool
2023/24,23/04/2024,Arsenal,Chelsea,5,0,H,1,0,H,27,7,10,1,4,2,12,11,2,2,0,0,1.44,5.0,6.0,Football-Data.co.uk,2024-04-23,2023/24|2024-04-23|Arsenal|Chelsea
2023/24,24/04/2024,Crystal Palace,Newcastle,2,0,H,0,0,D,20,7,7,2,7,2,10,15,3,3,0,0,2.75,3.6,2.4,Football-Data.co.uk,2024-04-24,2023/24|2024-04-24|Crystal Palace|Newcastle
2023/24,24/04/2024,Everton,Liverpool,2,0,H,1,0,H,16,23,6,7,4,13,6,13,0,3,0,0,7.0,5.0,1.4,Football-Data.co.uk,2024-04-24,2023/24|2024-04-24|Everton|Liverpool
2023/24,24/04/2024,Man United,Sheffield United,4,2,H,1,1,D,25,10,13,4,9,4,7,9,0,1,0,0,1.3,6.5,7.5,Football-Data.co.uk,2024-04-24,2023/24|2024-04-24|Man United|Sheffield United
2023/24,24/04/2024,Wolves,Bournemouth,0,1,A,0,1,A,15,21,4,6,8,12,10,17,4,1,0,1,2.7,3.6,2.5,Football-Data.co.uk,2024-04-24,2023/24|2024-04-24|Wolves|Bournemouth
2023/24,25/04/2024,Brighton,Man City,0,4,A,0,3,A,7,14,3,6,4,4,10,3,2,0,0,0,6.5,5.0,1.4,Football-Data.co.uk,2024-04-25,2023/24|2024-04-25|Brighton|Man City
2023/24,27/04/2024,Aston Villa,Chelsea,2,2,D,2,0,H,9,21,4,5,2,4,13,14,3,5,0,0,2.15,3.8,3.0,Football-Data.co.uk,2024-04-27,2023/24|2024-04-27|Aston Villa|Chelsea
2023/24,27/04/2024,Everton,Brentford,1,0,H,0,0,D,18,10,1,4,6,6,10,12,1,2,0,0,2.3,3.5,3.0,Football-Data.co.uk,2024-04-27,2023/24|2024-04-27|Everton|Brentford
2023/24,27/04/2024,Fulham,Crystal Palace,1,1,D,0,0,D,9,14,2,4,5,9,11,15,0,2,0,0,2.1,3.5,3.5,Football-Data.co.uk,2024-04-27,2023/24|2024-04-27|Fulham|Crystal Palace
2023/24,27/04/2024,Man United,Burnley,1,1,D,0,0,D,27,16,10,7,6,5,7,11,1,3,0,0,1.5,4.75,5.5,Football-Data.co.uk,2024-04-27,2023/24|2024-04-27|Man United|Burnley
2023/24,27/04/2024,Newcastle,Sheffield United,5,1,H,1,1,D,20,15,7,5,4,5,9,10,0,0,0,0,1.22,7.0,11.0,Football-Data.co.uk,2024-04-27,2023/24|2024-04-27|Newcastle|Sheffield United
2023/24,27/04/2024,West Ham,Liverpool,2,2,D,1,0,H,11,28,8,8,5,8,8,10,0,2,0,0,5.5,5.0,1.5,Football-Data.co.uk,2024-04-27,2023/24|2024-04-27|West Ham|Liverpool
2023/24,27/04/2024,Wolves,Luton,2,1,H,1,0,H,13,9,5,6,4,4,14,14,3,1,0,0,1.95,3.8,3.6,Football-Data.co.uk,2024-04-27,2023/24|2024-04-27|Wolves|Luton
2023/24,28/04/2024,Bournemouth,Brighton,3,0,H,1,0,H,15,13,6,1,8,2,14,10,2,2,0,0,2.25,3.8,2.9,Football-Data.co.uk,2024-04-28,2023/24|2024-04-28|Bournemouth|Brighton
2023/24,28/04/2024,Nott'm Forest,Man City,0,2,A,0,1,A,14,11,2,5,4,5,8,6,0,0,0,0,8.0,6.0,1.3,Football-Data.co.uk,2024-04-28,2023/24|2024-04-28|Nott'm Forest|Man City
2023/24,28/04/2024,Tottenham,Arsenal,2,3,A,0,3,A,14,9,2,3,8,6,12,16,2,1,0,0,4.2,4.2,1.75,Football-Data.co.uk,2024-04-28,2023/24|2024-04-28|Tottenham|Arsenal
2023/24,02/05/2024,Chelsea,Tottenham,2,0,H,1,0,H,16,19,5,3,4,9,12,16,0,1,0,0,2.15,3.8,3.0,Football-Data.co.uk,2024-05-02,2023/24|2024-05-02|Chelsea|Tottenham
2023/24,03/05/2024,Luton,Everton,1,1,D,1,1,D,18,10,5,3,8,7,14,12,1,3,0,0,2.6,3.6,2.55,Football-Data.co.uk,2024-05-03,2023/24|2024-05-03|Luton|Everton
2023/24,04/05/2024,Arsenal,Bournemouth,3,0,H,1,0,H,25,7,9,2,6,1,16,12,2,3,0,0,1.22,7.5,11.0,Football-Data.co.uk,2024-05-04,2023/24|2024-05-04|Arsenal|Bournemouth
2023/24,04/05/2024,Brentford,Fulham,0,0,D,0,0,D,7,15,3,3,7,6,3,6,1,1,0,0,2.1,3.8,3.2,Football-Data.co.uk,2024-05-04,2023/24|2024-05-04|Brentford|Fulham
2023/24,04/05/2024,Burnley,Newcastle,1,4,A,0,3,A,17,23,5,11,4,11,8,8,2,2,0,0,3.4,4.0,1.95,Football-Data.co.uk,2024-05-04,2023/24|2024-05-04|Burnley|Newcastle
2023/24,04/05/2024,Man City,Wolves,5,1,H,3,0,H,20,2,12,1,6,0,4,17,0,4,0,0,1.08,12.0,21.0,Football-Data.co.uk,2024-05-04,2023/24|2024-05-04|Man City|Wolves
2023/24,04/05/2024,Sheffield United,Nott'm Forest,1,3,A,1,1,D,17,15,5,4,5,3,9,7,0,1,1,0,4.75,4.2,1.65,Football-Data.co.uk,2024-05-04,2023/24|2024-05-04|Sheffield United|Nott'm Forest
2023/24,05/05/2024,Brighton,Aston Villa,1,0,H,0,0,D,15,2,8,1,7,3,13,10,2,1,0,0,2.75,3.75,2.45,Football-Data.co.uk,2024-05-05,2023/24|2024-05-05|Brighton|Aston Villa
2023/24,05/05/2024,Chelsea,West Ham,5,0,H,3,0,H,25,13,14,2,8,6,12,10,1,3,0,0,1.65,4.5,4.5,Football-Data.co.uk,2024-05-05,2023/24|2024-05-05|Chelsea|West Ham
2023/24,05/05/2024,Liverpool,Tottenham,4,2,H,2,0,H,25,11,13,6,8,3,14,12,1,4,0,0,1.5,5.75,5.0,Football-Data.co.uk,2024-05-05,2023/24|2024-05-05|Liverpool|Tottenham
2023/24,06/05/2024,Crystal Palace,Man United,4,0,H,2,0,H,18,7,10,2,6,3,12,8,1,1,0,0,2.38,3.75,2.8,Football-Data.co.uk,2024-05-06,2023/24|2024-05-06|Crystal Palace|Man United
2023/24,11/05/2024,Bournemouth,Brentford,1,2,A,0,0,D,13,11,4,5,3,8,16,12,2,2,0,0,1.95,4.0,3.5,Football-Data.co.uk,2024-05-11,2023/24|2024-05-11|Bournemouth|Brentford
2023/24,11/05/2024,Everton,Sheffield United,1,0,H,1,0,H,15,13,6,1,3,6,6,11,1,2,0,0,1.4,4.8,7.5,Football-Data.co.uk,2024-05-11,2023/24|2024-05-11|Everton|Sheffield United
2023/24,11/05/2024,Fulham,Man City,0,4,A,0,1,A,1,16,1,9,1,7,9,6,1,0,1,0,13.0,7.0,1.2,Football-Data.co.uk,2024-05-11,2023/24|2024-05-11|Fulham|Man City
2023/24,11/05/2024,Newcastle,Brighton,1,1,D,1,1,D,18,15,7,4,8,4,9,16,3,4,0,0,1.57,4.75,4.75,Football-Data.co.uk,2024-05-11,2023/24|2024-05-11|Newcastle|Brighton
2023/24,11/05/2024,Nott'm Forest,Chelsea,2,3,A,1,1,D,20,12,4,5,5,6,14,8,2,3,0,0,3.4,3.8,2.0,Football-Data.co.uk,2024-05-11,2023/24|2024-05-11|Nott'm Forest|Chelsea
2023/24,11/05/2024,Tottenham,Burnley,2,1,H,1,1,D,21,7,9,3,9,3,10,14,3,5,0,0,1.36,5.75,7.0,Football-Data.co.uk,2024-05-11,2023/24|2024-05-11|Tottenham|Burnley
2023/24,11/05/2024,West Ham,Luton,3,1,H,0,1,A,24,4,8,1,7,6,9,15,1,3,0,0,1.8,4.2,3.8,Football-Data.co.uk,2024-05-11,2023/24|2024-05-11|West Ham|Luton
2023/24,11/05/2024,Wolves,Crystal Palace,1,3,A,0,2,A,13,13,7,3,8,3,13,12,3,2,0,1,2.88,3.5,2.38,Football-Data.co.uk,2024-05-11,2023/24|2024-05-11|Wolves|Crystal Palace
2023/24,12/05/2024,Man United,Arsenal,0,1,A,0,1,A,14,11,2,5,4,7,5,6,0,2,0,0,7.0,5.5,1.36,Football-Data.co.uk,2024-05-12,2023/24|2024-05-12|Man United|Arsenal
2023/24,13/05/2024,Aston Villa,Liverpool,3,3,D,1,2,A,19,14,5,7,5,4,11,15,1,1,0,0,4.2,4.33,1.7,Football-Data.co.uk,2024-05-13,2023/24|2024-05-13|Aston Villa|Liverpool
2023/24,14/05/2024,Tottenham,Man City,0,2,A,0,0,D,10,8,5,5,7,4,14,11,3,3,0,0,6.5,6.0,1.36,Football-Data.co.uk,2024-05-14,2023/24|2024-05-14|Tottenham|Man City
2023/24,15/05/2024,Brighton,Chelsea,1,2,A,0,1,A,12,13,2,6,4,6,13,14,2,2,0,1,3.3,4.0,1.95,Football-Data.co.uk,2024-05-15,2023/24|2024-05-15|Brighton|Chelsea
2023/24,15/05/2024,Man United,Newcastle,3,2,H,1,0,H,17,21,8,8,9,9,16,7,3,3,0,0,2.75,4.0,2.3,Football-Data.co.uk,2024-05-15,2023/24|2024-05-15|Man United|Newcastle
2023/24,19/05/2024,Arsenal,Everton,2,1,H,1,1,D,26,5,5,2,8,1,8,11,4,3,0,0,1.18,8.0,12.0,Football-Data.co.uk,2024-05-19,2023/24|2024-05-19|Arsenal|Everton
2023/24,19/05/2024,Brentford,Newcastle,2,4,A,0,3,A,10,12,5,7,3,0,15,11,4,4,0,0,2.9,3.9,2.2,Football-Data.co.uk,2024-05-19,2023/24|2024-05-19|Brentford|Newcastle
2023/24,19/05/2024,Brighton,Man United,0,2,A,0,0,D,17,11,3,4,7,5,10,9,1,3,0,0,2.15,4.0,2.9,Football-Data.co.uk,2024-05-19,2023/24|2024-05-19|Brighton|Man United
2023/24,19/05/2024,Burnley,Nott'm Forest,1,2,A,0,2,A,20,12,3,6,4,3,11,5,1,0,0,0,3.0,3.5,2.3,Football-Data.co.uk,2024-05-19,2023/24|2024-05-19|Burnley|Nott'm Forest
2023/24,19/05/2024,Chelsea,Bournemouth,2,1,H,1,0,H,16,22,6,5,6,5,5,9,2,3,0,0,1.45,5.0,6.0,Football-Data.co.uk,2024-05-19,2023/24|2024-05-19|Chelsea|Bournemouth
2023/24,19/05/2024,Crystal Palace,Aston Villa,5,0,H,2,0,H,15,8,9,2,2,4,10,8,1,4,0,0,1.85,4.33,3.6,Football-Data.co.uk,2024-05-19,2023/24|2024-05-19|Crystal Palace|Aston Villa
2023/24,19/05/2024,Liverpool,Wolves,2,0,H,2,0,H,36,4,14,3,10,2,14,11,1,1,0,1,1.17,8.0,15.0,Football-Data.co.uk,2024-05-19,2023/24|2024-05-19|Liverpool|Wolves
2023/24,19/05/2024,Luton,Fulham,2,4,A,1,2,A,15,15,6,7,4,4,15,20,5,4,0,0,2.9,3.9,2.2,Football-Data.co.uk,2024-05-19,2023/24|2024-05-19|Luton|Fulham
2023/24,19/05/2024,Man City,West Ham,3,1,H,2,1,H,28,3,12,2,11,2,3,12,0,1,0,0,1.08,12.0,21.0,Football-Data.co.uk,2024-05-19,2023/24|2024-05-19|Man City|West Ham
2023/24,19/05/2024,Sheffield United,Tottenham,0,3,A,0,1,A,6,18,1,9,2,6,11,9,2,0,0,0,7.0,6.0,1.33,Football-Data.co.uk,2024-05-19,2023/24|2024-05-19|Sheffield United|Tottenham
2024/25,16/08/2024,Man United,Fulham,1,0,H,0,0,D,14,10,5,2,7,8,12,10,2,3,0,0,1.6,4.2,5.25,Football-Data.co.uk,2024-08-16,2024/25|2024-08-16|Man United|Fulham
2024/25,17/08/2024,Arsenal,Wolves,2,0,H,1,0,H,18,9,6,3,8,2,17,14,2,2,0,0,1.18,7.5,13.0,Football-Data.co.uk,2024-08-17,2024/25|2024-08-17|Arsenal|Wolves
2024/25,17/08/2024,Everton,Brighton,0,3,A,0,1,A,9,10,1,5,1,5,8,8,1,1,1,0,2.63,3.3,2.63,Football-Data.co.uk,2024-08-17,2024/25|2024-08-17|Everton|Brighton
2024/25,17/08/2024,Ipswich,Liverpool,0,2,A,0,0,D,7,18,2,5,2,10,9,18,3,1,0,0,8.5,5.5,1.33,Football-Data.co.uk,2024-08-17,2024/25|2024-08-17|Ipswich|Liverpool
2024/25,17/08/2024,Newcastle,Southampton,1,0,H,1,0,H,3,19,1,4,3,12,15,16,2,4,1,0,1.36,5.25,8.0,Football-Data.co.uk,2024-08-17,2024/25|2024-08-17|Newcastle|Southampton
2024/25,17/08/2024,Nott'm Forest,Bournemouth,1,1,D,1,0,H,14,13,8,4,2,6,17,8,1,3,0,0,2.45,3.5,2.8,Football-Data.co.uk,2024-08-17,2024/25|2024-08-17|Nott'm Forest|Bournemouth
2024/25,17/08/2024,West Ham,Aston Villa,1,2,A,1,1,D,14,15,3,3,5,3,18,11,1,2,0,0,2.45,3.6,2.75,Football-Data.co.uk,2024-08-17,2024/25|2024-08-17|West Ham|Aston Villa
2024/25,18/08/2024,Brentford,Crystal Palace,2,1,H,1,0,H,9,14,5,6,4,7,6,15,1,5,0,0,2.4,3.4,2.9,Football-Data.co.uk,2024-08-18,2024/25|2024-08-18|Brentford|Crystal Palace
2024/25,18/08/2024,Chelsea,Man City,0,2,A,0,1,A,10,11,3,5,4,3,12,9,1,1,0,0,4.1,3.9,1.8,Football-Data.co.uk,2024-08-18,2024/25|2024-08-18|Chelsea|Man City
2024/25,19/08/2024,Leicester,Tottenham,1,1,D,0,1,A,7,15,3,7,2,13,11,12,1,1,0,0,5.0,4.33,1.62,Football-Data.co.uk,2024-08-19,2024/25|2024-08-19|Leicester|Tottenham
2024/25,24/08/2024,Aston Villa,Arsenal,0,2,A,0,0,D,11,9,3,4,4,1,8,15,1,3,0,0,4.33,3.8,1.75,Football-Data.co.uk,2024-08-24,2024/25|2024-08-24|Aston Villa|Arsenal
2024/25,24/08/2024,Brighton,Man United,2,1,H,1,0,H,14,11,5,4,4,4,9,13,1,2,0,0,2.5,3.7,2.63,Football-Data.co.uk,2024-08-24,2024/25|2024-08-24|Brighton|Man United
2024/25,24/08/2024,Crystal Palace,West Ham,0,2,A,0,0,D,14,18,2,3,3,3,9,17,1,1,0,0,2.15,3.6,3.2,Football-Data.co.uk,2024-08-24,2024/25|2024-08-24|Crystal Palace|West Ham
2024/25,24/08/2024,Fulham,Leicester,2,1,H,1,1,D,18,10,6,4,7,5,14,13,2,2,0,0,1.8,3.75,4.2,Football-Data.co.uk,2024-08-24,2024/25|2024-08-24|Fulham|Leicester
2024/25,24/08/2024,Man City,Ipswich,4,1,H,3,1,H,14,1,5,1,10,1,4,15,2,3,0,0,1.08,12.0,21.0,Football-Data.co.uk,2024-08-24,2024/25|2024-08-24|Man City|Ipswich
2024/25,24/08/2024,Southampton,Nott'm Forest,0,1,A,0,0,D,5,23,1,8,4,10,14,14,3,3,0,0,2.55,3.3,2.8,Football-Data.co.uk,2024-08-24,2024/25|2024-08-24|Southampton|Nott'm Forest
2024/25,24/08/2024,Tottenham,Everton,4,0,H,2,0,H,13,10,7,1,12,5,11,15,0,0,0,0,1.44,4.75,6.5,Football-Data.co.uk,2024-08-24,2024/25|2024-08-24|Tottenham|Everton
2024/25,25/08/2024,Bournemouth,Newcastle,1,1,D,1,0,H,16,14,4,5,8,9,19,8,2,2,0,0,2.9,3.8,2.2,Football-Data.co.uk,2024-08-25,2024/25|2024-08-25|Bournemouth|Newcastle
2024/25,25/08/2024,Liverpool,Brentford,2,0,H,1,0,H,19,8,8,2,9,4,10,7,2,3,0,0,1.27,5.75,11.0,Football-Data.co.uk,2024-08-25,2024/25|2024-08-25|Liverpool|Brentford
2024/25,25/08/2024,Wolves,Chelsea,2,6,A,2,2,D,12,14,4,8,5,5,13,13,2,3,0,0,4.33,4.0,1.75,Football-Data.co.uk,2024-08-25,2024/25|2024-08-25|Wolves|Chelsea
2024/25,31/08/2024,Arsenal,Brighton,1,1,D,1,0,H,11,22,7,4,3,7,12,7,3,2,1,0,1.33,5.5,8.5,Football-Data.co.uk,2024-08-31,2024/25|2024-08-31|Arsenal|Brighton
2024/25,31/08/2024,Brentford,Southampton,3,1,H,1,0,H,20,18,7,6,2,8,10,7,2,1,0,0,1.75,3.9,4.33,Football-Data.co.uk,2024-08-31,2024/25|2024-08-31|Brentford|Southampton
2024/25,31/08/2024,Everton,Bournemouth,2,3,A,0,0,D,18,17,8,7,8,4,6,1,2,1,0,0,2.75,3.4,2.55,Football-Data.co.uk,2024-08-31,2024/25|2024-08-31|Everton|Bournemouth
2024/25,31/08/2024,Ipswich,Fulham,1,1,D,1,1,D,11,9,4,4,8,6,15,15,2,3,0,0,3.0,3.5,2.3,Football-Data.co.uk,2024-08-31,2024/25|2024-08-31|Ipswich|Fulham
2024/25,31/08/2024,Leicester,Aston Villa,1,2,A,0,1,A,9,10,3,5,1,4,13,21,4,5,0,0,4.5,4.0,1.7,Football-Data.co.uk,2024-08-31,2024/25|2024-08-31|Leicester|Aston Villa
2024/25,31/08/2024,Nott'm Forest,Wolves,1,1,D,1,1,D,16,11,5,3,7,3,15,18,3,4,0,0,2.0,3.7,3.7,Football-Data.co.uk,2024-08-31,2024/25|2024-08-31|Nott'm Forest|Wolves
2024/25,31/08/2024,West Ham,Man City,1,3,A,1,2,A,10,23,2,8,3,11,10,3,3,2,0,0,7.0,5.5,1.38,Football-Data.co.uk,2024-08-31,2024/25|2024-08-31|West Ham|Man City
2024/25,01/09/2024,Chelsea,Crystal Palace,1,1,D,1,0,H,13,9,7,3,4,5,9,13,4,2,0,0,1.6,4.33,5.0,Football-Data.co.uk,2024-09-01,2024/25|2024-09-01|Chelsea|Crystal Palace
2024/25,01/09/2024,Man United,Liverpool,0,3,A,0,2,A,8,11,3,3,5,2,7,7,4,1,0,0,3.7,4.2,1.85,Football-Data.co.uk,2024-09-01,2024/25|2024-09-01|Man United|Liverpool
2024/25,01/09/2024,Newcastle,Tottenham,2,1,H,1,0,H,9,20,3,6,7,12,16,13,4,4,0,0,2.5,4.0,2.5,Football-Data.co.uk,2024-09-01,2024/25|2024-09-01|Newcastle|Tottenham
2024/25,14/09/2024,Aston Villa,Everton,3,2,H,1,2,A,17,6,8,2,6,2,10,12,1,4,0,0,1.5,4.2,6.5,Football-Data.co.uk,2024-09-14,2024/25|2024-09-14|Aston Villa|Everton
2024/25,14/09/2024,Bournemouth,Chelsea,0,1,A,0,0,D,19,10,7,3,6,3,16,9,6,8,0,0,3.4,3.8,2.0,Football-Data.co.uk,2024-09-14,2024/25|2024-09-14|Bournemouth|Chelsea
2024/25,14/09/2024,Brighton,Ipswich,0,0,D,0,0,D,21,6,6,1,9,2,14,16,4,3,0,0,1.38,5.0,7.5,Football-Data.co.uk,2024-09-14,2024/25|2024-09-14|Brighton|Ipswich
2024/25,14/09/2024,Crystal Palace,Leicester,2,2,D,0,1,A,20,9,4,4,5,2,11,15,0,3,0,0,1.62,4.0,5.5,Football-Data.co.uk,2024-09-14,2024/25|2024-09-14|Crystal Palace|Leicester
2024/25,14/09/2024,Fulham,West Ham,1,1,D,1,0,H,21,11,5,3,3,2,15,18,2,3,0,0,2.38,3.25,3.0,Football-Data.co.uk,2024-09-14,2024/25|2024-09-14|Fulham|West Ham
2024/25,14/09/2024,Liverpool,Nott'm Forest,0,1,A,0,0,D,14,5,5,3,7,2,15,6,4,4,0,0,1.22,6.5,12.0,Football-Data.co.uk,2024-09-14,2024/25|2024-09-14|Liverpool|Nott'm Forest
2024/25,14/09/2024,Man City,Brentford,2,1,H,2,1,H,18,8,7,5,12,3,9,3,3,1,0,0,1.18,8.0,12.0,Football-Data.co.uk,2024-09-14,2024/25|2024-09-14|Man City|Brentford
2024/25,14/09/2024,Southampton,Man United,0,3,A,0,2,A,6,20,4,10,0,7,11,14,1,4,1,0,4.5,4.0,1.7,Football-Data.co.uk,2024-09-14,2024/25|2024-09-14|Southampton|Man United
2024/25,15/09/2024,Tottenham,Arsenal,0,1,A,0,0,D,15,7,5,4,7,6,13,10,5,3,0,0,3.0,3.5,2.3,Football-Data.co.uk,2024-09-15,2024/25|2024-09-15|Tottenham|Arsenal
2024/25,15/09/2024,Wolves,Newcastle,1,2,A,1,0,H,12,14,5,6,4,7,17,6,3,3,0,0,3.4,3.5,2.1,Football-Data.co.uk,2024-09-15,2024/25|2024-09-15|Wolves|Newcastle
2024/25,21/09/2024,Aston Villa,Wolves,3,1,H,0,1,A,9,10,4,4,6,5,11,16,3,6,0,0,1.57,4.2,5.25,Football-Data.co.uk,2024-09-21,2024/25|2024-09-21|Aston Villa|Wolves
2024/25,21/09/2024,Crystal Palace,Man United,0,0,D,0,0,D,9,15,4,6,4,11,7,12,3,1,0,0,2.88,3.75,2.3,Football-Data.co.uk,2024-09-21,2024/25|2024-09-21|Crystal Palace|Man United
2024/25,21/09/2024,Fulham,Newcastle,3,1,H,2,0,H,22,15,11,4,6,0,16,8,6,0,0,0,3.0,3.4,2.4,Football-Data.co.uk,2024-09-21,2024/25|2024-09-21|Fulham|Newcastle
2024/25,21/09/2024,Leicester,Everton,1,1,D,0,1,A,12,16,2,5,6,1,11,12,1,2,0,0,2.45,3.4,2.88,Football-Data.co.uk,2024-09-21,2024/25|2024-09-21|Leicester|Everton
2024/25,21/09/2024,Liverpool,Bournemouth,3,0,H,3,0,H,19,19,13,6,3,9,10,12,1,4,0,0,1.3,6.25,9.0,Football-Data.co.uk,2024-09-21,2024/25|2024-09-21|Liverpool|Bournemouth
2024/25,21/09/2024,Southampton,Ipswich,1,1,D,1,0,H,11,13,3,6,2,10,16,16,4,4,0,0,2.25,3.5,3.2,Football-Data.co.uk,2024-09-21,2024/25|2024-09-21|Southampton|Ipswich
2024/25,21/09/2024,Tottenham,Brentford,3,1,H,2,1,H,23,6,10,6,9,4,11,9,3,1,0,0,1.55,4.5,5.5,Football-Data.co.uk,2024-09-21,2024/25|2024-09-21|Tottenham|Brentford
2024/25,21/09/2024,West Ham,Chelsea,0,3,A,0,2,A,15,12,7,5,6,5,17,9,5,2,0,0,3.6,3.9,1.95,Football-Data.co.uk,2024-09-21,2024/25|2024-09-21|West Ham|Chelsea
2024/25,22/09/2024,Brighton,Nott'm Forest,2,2,D,2,1,H,14,4,3,3,9,1,12,11,3,4,0,1,1.75,3.75,4.75,Football-Data.co.uk,2024-09-22,2024/25|2024-09-22|Brighton|Nott'm Forest
2024/25,22/09/2024,Man City,Arsenal,2,2,D,1,2,A,33,5,11,3,8,2,7,10,3,4,0,1,1.8,3.6,4.5,Football-Data.co.uk,2024-09-22,2024/25|2024-09-22|Man City|Arsenal
2024/25,28/09/2024,Arsenal,Leicester,4,2,H,2,0,H,36,5,16,3,17,0,11,6,2,4,0,0,1.17,8.0,15.0,Football-Data.co.uk,2024-09-28,2024/25|2024-09-28|Arsenal|Leicester
2024/25,28/09/2024,Brentford,West Ham,1,1,D,1,0,H,8,19,3,3,7,7,2,11,2,3,0,0,2.2,3.5,3.2,Football-Data.co.uk,2024-09-28,2024/25|2024-09-28|Brentford|West Ham
2024/25,28/09/2024,Chelsea,Brighton,4,2,H,4,2,H,15,15,7,5,8,2,11,8,3,2,0,0,1.73,4.2,4.2,Football-Data.co.uk,2024-09-28,2024/25|2024-09-28|Chelsea|Brighton
2024/25,28/09/2024,Everton,Crystal Palace,2,1,H,0,1,A,8,17,2,5,5,8,13,11,2,1,0,0,2.7,3.3,2.63,Football-Data.co.uk,2024-09-28,2024/25|2024-09-28|Everton|Crystal Palace
2024/25,28/09/2024,Newcastle,Man City,1,1,D,0,1,A,11,16,4,6,5,6,14,10,4,4,0,0,5.25,4.33,1.6,Football-Data.co.uk,2024-09-28,2024/25|2024-09-28|Newcastle|Man City
2024/25,28/09/2024,Nott'm Forest,Fulham,0,1,A,0,0,D,11,14,1,2,6,5,11,15,2,4,0,0,2.38,3.3,3.0,Football-Data.co.uk,2024-09-28,2024/25|2024-09-28|Nott'm Forest|Fulham
2024/25,28/09/2024,Wolves,Liverpool,1,2,A,0,1,A,8,10,3,6,2,10,16,8,2,3,0,0,8.0,5.75,1.33,Football-Data.co.uk,2024-09-28,2024/25|2024-09-28|Wolves|Liverpool
2024/25,29/09/2024,Ipswich,Aston Villa,2,2,D,1,2,A,15,7,5,3,10,0,10,14,4,1,0,0,4.0,3.75,1.85,Football-Data.co.uk,2024-09-29,2024/25|2024-09-29|Ipswich|Aston Villa
2024/25,29/09/2024,Man United,Tottenham,0,3,A,0,1,A,11,24,2,10,5,3,16,14,5,3,1,0,2.35,3.75,2.75,Football-Data.co.uk,2024-09-29,2024/25|2024-09-29|Man United|Tottenham
2024/25,30/09/2024,Bournemouth,Southampton,3,1,H,3,0,H,14,9,6,3,7,4,19,12,2,5,0,0,1.65,4.1,5.0,Football-Data.co.uk,2024-09-30,2024/25|2024-09-30|Bournemouth|Southampton
2024/25,05/10/2024,Arsenal,Southampton,3,1,H,0,0,D,29,8,6,2,13,1,10,9,0,3,0,0,1.14,9.0,17.0,Football-Data.co.uk,2024-10-05,2024/25|2024-10-05|Arsenal|Southampton
2024/25,05/10/2024,Brentford,Wolves,5,3,H,4,2,H,19,17,12,6,10,3,9,10,2,3,0,0,2.05,3.6,3.4,Football-Data.co.uk,2024-10-05,2024/25|2024-10-05|Brentford|Wolves
2024/25,05/10/2024,Crystal Palace,Liverpool,0,1,A,0,1,A,9,16,5,4,3,8,7,15,4,2,0,0,6.0,4.5,1.5,Football-Data.co.uk,2024-10-05,2024/25|2024-10-05|Crystal Palace|Liverpool
2024/25,05/10/2024,Everton,Newcastle,0,0,D,0,0,D,8,14,2,3,0,10,12,8,1,2,0,0,3.2,3.6,2.2,Football-Data.co.uk,2024-10-05,2024/25|2024-10-05|Everton|Newcastle
2024/25,05/10/2024,Leicester,Bournemouth,1,0,H,1,0,H,6,17,2,2,0,9,12,14,4,1,0,0,3.1,3.75,2.15,Football-Data.co.uk,2024-10-05,2024/25|2024-10-05|Leicester|Bournemouth
2024/25,05/10/2024,Man City,Fulham,3,2,H,1,1,D,20,11,7,4,8,3,4,10,2,1,0,0,1.25,7.0,9.5,Football-Data.co.uk,2024-10-05,2024/25|2024-10-05|Man City|Fulham
2024/25,05/10/2024,West Ham,Ipswich,4,1,H,2,1,H,23,9,13,2,5,5,12,6,0,1,0,0,1.8,3.8,4.33,Football-Data.co.uk,2024-10-05,2024/25|2024-10-05|West Ham|Ipswich
2024/25,06/10/2024,Aston Villa,Man United,0,0,D,0,0,D,11,10,1,4,6,3,12,11,1,5,0,0,2.2,3.75,3.0,Football-Data.co.uk,2024-10-06,2024/25|2024-10-06|Aston Villa|Man United
2024/25,06/10/2024,Brighton,Tottenham,3,2,H,0,2,A,11,13,4,3,4,7,14,10,2,2,0,0,2.9,4.0,2.2,Football-Data.co.uk,2024-10-06,2024/25|2024-10-06|Brighton|Tottenham
2024/25,06/10/2024,Chelsea,Nott'm Forest,1,1,D,0,0,D,22,16,8,9,11,3,12,11,6,2,0,1,1.48,4.5,6.5,Football-Data.co.uk,2024-10-06,2024/25|2024-10-06|Chelsea|Nott'm Forest
2024/25,19/10/2024,Bournemouth,Arsenal,2,0,H,0,0,D,13,6,4,1,7,4,12,11,1,1,0,1,5.0,3.9,1.65,Football-Data.co.uk,2024-10-19,2024/25|2024-10-19|Bournemouth|Arsenal
2024/25,19/10/2024,Fulham,Aston Villa,1,3,A,1,1,D,10,14,4,5,6,11,8,11,3,3,1,1,2.45,3.5,2.8,Football-Data.co.uk,2024-10-19,2024/25|2024-10-19|Fulham|Aston Villa
2024/25,19/10/2024,Ipswich,Everton,0,2,A,0,2,A,13,11,2,8,5,8,12,10,1,1,0,0,2.38,3.3,3.0,Football-Data.co.uk,2024-10-19,2024/25|2024-10-19|Ipswich|Everton
2024/25,19/10/2024,Man United,Brentford,2,1,H,0,1,A,23,8,11,2,9,2,14,5,2,2,0,0,1.7,4.2,4.5,Football-Data.co.uk,2024-10-19,2024/25|2024-10-19|Man United|Brentford
2024/25,19/10/2024,Newcastle,Brighton,0,1,A,0,1,A,21,10,6,5,9,4,11,9,2,2,0,0,1.95,3.7,3.6,Football-Data.co.uk,2024-10-19,2024/25|2024-10-19|Newcastle|Brighton
2024/25,19/10/2024,Southampton,Leicester,2,3,A,2,0,H,14,18,7,4,10,6,10,10,5,3,1,0,2.3,3.5,3.0,Football-Data.co.uk,2024-10-19,2024/25|2024-10-19|Southampton|Leicester
2024/25,19/10/2024,Tottenham,West Ham,4,1,H,1,1,D,22,11,7,4,13,5,10,15,1,3,0,1,1.5,5.0,5.25,Football-Data.co.uk,2024-10-19,2024/25|2024-10-19|Tottenham|West Ham
2024/25,20/10/2024,Liverpool,Chelsea,2,1,H,1,0,H,9,12,5,2,1,6,12,13,4,3,0,0,1.62,4.1,5.0,Football-Data.co.uk,2024-10-20,2024/25|2024-10-20|Liverpool|Chelsea
2024/25,20/10/2024,Wolves,Man City,1,2,A,1,1,D,3,22,2,7,1,18,8,5,4,1,0,0,8.0,6.0,1.33,Football-Data.co.uk,2024-10-20,2024/25|2024-10-20|Wolves|Man City
2024/25,21/10/2024,Nott'm Forest,Crystal Palace,1,0,H,0,0,D,20,20,6,7,6,6,9,12,2,3,0,0,2.3,3.5,3.0,Football-Data.co.uk,2024-10-21,2024/25|2024-10-21|Nott'm Forest|Crystal Palace
2024/25,25/10/2024,Leicester,Nott'm Forest,1,3,A,1,1,D,11,20,1,5,6,7,16,9,5,2,0,0,3.0,3.3,2.4,Football-Data.co.uk,2024-10-25,2024/25|2024-10-25|Leicester|Nott'm Forest
2024/25,26/10/2024,Aston Villa,Bournemouth,1,1,D,0,0,D,18,11,8,3,9,7,12,14,7,6,0,0,1.85,3.9,3.8,Football-Data.co.uk,2024-10-26,2024/25|2024-10-26|Aston Villa|Bournemouth
2024/25,26/10/2024,Brentford,Ipswich,4,3,H,2,2,D,20,11,9,5,5,5,7,10,0,1,0,1,1.65,4.33,4.75,Football-Data.co.uk,2024-10-26,2024/25|2024-10-26|Brentford|Ipswich
2024/25,26/10/2024,Brighton,Wolves,2,2,D,1,0,H,19,14,6,7,9,6,12,10,3,3,0,0,1.62,4.5,4.5,Football-Data.co.uk,2024-10-26,2024/25|2024-10-26|Brighton|Wolves
2024/25,26/10/2024,Everton,Fulham,1,1,D,0,0,D,10,14,5,3,4,2,8,8,1,0,0,0,2.75,3.25,2.63,Football-Data.co.uk,2024-10-26,2024/25|2024-10-26|Everton|Fulham
2024/25,26/10/2024,Man City,Southampton,1,0,H,1,0,H,22,5,8,2,12,1,9,9,1,3,0,0,1.11,10.0,17.0,Football-Data.co.uk,2024-10-26,2024/25|2024-10-26|Man City|Southampton
2024/25,27/10/2024,Arsenal,Liverpool,2,2,D,2,1,H,9,9,3,4,1,3,14,14,2,2,0,0,2.5,3.25,2.9,Football-Data.co.uk,2024-10-27,2024/25|2024-10-27|Arsenal|Liverpool
2024/25,27/10/2024,Chelsea,Newcastle,2,1,H,1,1,D,17,11,7,3,7,4,13,16,6,3,0,0,1.73,4.33,4.2,Football-Data.co.uk,2024-10-27,2024/25|2024-10-27|Chelsea|Newcastle
2024/25,27/10/2024,Crystal Palace,Tottenham,1,0,H,1,0,H,14,11,6,3,8,8,16,12,4,4,0,0,3.9,4.0,1.83,Football-Data.co.uk,2024-10-27,2024/25|2024-10-27|Crystal Palace|Tottenham
2024/25,27/10/2024,West Ham,Man United,2,1,H,0,0,D,12,18,3,5,6,5,6,7,5,1,0,0,2.88,3.75,2.3,Football-Data.co.uk,2024-10-27,2024/25|2024-10-27|West Ham|Man United
2024/25,02/11/2024,Bournemouth,Man City,2,1,H,1,0,H,12,18,6,4,3,10,11,6,2,1,0,0,5.5,4.2,1.57,Football-Data.co.uk,2024-11-02,2024/25|2024-11-02|Bournemouth|Man City
2024/25,02/11/2024,Ipswich,Leicester,1,1,D,0,0,D,14,20,2,6,4,6,11,10,4,2,1,0,2.25,3.5,3.1,Football-Data.co.uk,2024-11-02,2024/25|2024-11-02|Ipswich|Leicester
2024/25,02/11/2024,Liverpool,Brighton,2,1,H,0,1,A,16,13,8,5,10,7,10,18,1,1,0,0,1.4,5.0,7.5,Football-Data.co.uk,2024-11-02,2024/25|2024-11-02|Liverpool|Brighton
2024/25,02/11/2024,Newcastle,Arsenal,1,0,H,1,0,H,9,10,4,1,4,6,16,18,4,4,0,0,3.75,3.75,1.95,Football-Data.co.uk,2024-11-02,2024/25|2024-11-02|Newcastle|Arsenal
2024/25,02/11/2024,Nott'm Forest,West Ham,3,0,H,1,0,H,19,4,6,2,11,6,7,9,1,2,0,1,2.15,3.5,3.4,Football-Data.co.uk,2024-11-02,2024/25|2024-11-02|Nott'm Forest|West Ham
2024/25,02/11/2024,Southampton,Everton,1,0,H,0,0,D,9,16,2,5,3,6,14,18,4,2,0,0,2.63,3.4,2.63,Football-Data.co.uk,2024-11-02,2024/25|2024-11-02|Southampton|Everton
2024/25,02/11/2024,Wolves,Crystal Palace,2,2,D,0,0,D,11,19,6,7,3,6,7,9,1,2,0,0,2.5,3.4,2.88,Football-Data.co.uk,2024-11-02,2024/25|2024-11-02|Wolves|Crystal Palace
2024/25,03/11/2024,Man United,Chelsea,1,1,D,0,0,D,11,12,4,3,4,8,19,14,6,2,0,0,2.6,3.5,2.6,Football-Data.co.uk,2024-11-03,2024/25|2024-11-03|Man United|Chelsea
2024/25,03/11/2024,Tottenham,Aston Villa,4,1,H,0,1,A,16,12,6,1,6,4,14,14,2,0,0,0,1.91,4.0,3.6,Football-Data.co.uk,2024-11-03,2024/25|2024-11-03|Tottenham|Aston Villa
2024/25,04/11/2024,Fulham,Brentford,2,1,H,0,1,A,26,5,12,2,11,3,3,10,2,1,0,0,2.0,3.7,3.5,Football-Data.co.uk,2024-11-04,2024/25|2024-11-04|Fulham|Brentford
2024/25,09/11/2024,Brentford,Bournemouth,3,2,H,1,1,D,12,15,6,3,6,4,8,16,2,4,0,0,2.5,3.5,2.7,Football-Data.co.uk,2024-11-09,2024/25|2024-11-09|Brentford|Bournemouth
2024/25,09/11/2024,Brighton,Man City,2,1,H,0,1,A,10,15,4,6,0,4,12,10,3,3,0,0,4.1,4.2,1.73,Football-Data.co.uk,2024-11-09,2024/25|2024-11-09|Brighton|Man City
2024/25,09/11/2024,Crystal Palace,Fulham,0,2,A,0,1,A,13,17,5,7,1,8,10,11,1,1,1,0,2.7,3.5,2.55,Football-Data.co.uk,2024-11-09,2024/25|2024-11-09|Crystal Palace|Fulham
2024/25,09/11/2024,Liverpool,Aston Villa,2,0,H,1,0,H,14,12,5,2,2,9,11,15,0,3,0,0,1.42,5.25,6.5,Football-Data.co.uk,2024-11-09,2024/25|2024-11-09|Liverpool|Aston Villa
2024/25,09/11/2024,West Ham,Everton,0,0,D,0,0,D,11,18,6,4,7,6,10,9,1,2,0,0,2.15,3.4,3.4,Football-Data.co.uk,2024-11-09,2024/25|2024-11-09|West Ham|Everton
2024/25,09/11/2024,Wolves,Southampton,2,0,H,1,0,H,8,9,4,0,1,9,14,12,1,4,0,0,1.91,3.75,3.75,Football-Data.co.uk,2024-11-09,2024/25|2024-11-09|Wolves|Southampton
2024/25,10/11/2024,Chelsea,Arsenal,1,1,D,0,0,D,17,13,3,3,4,3,12,12,4,2,0,0,2.7,3.4,2.55,Football-Data.co.uk,2024-11-10,2024/25|2024-11-10|Chelsea|Arsenal
2024/25,10/11/2024,Man United,Leicester,3,0,H,2,0,H,13,6,3,5,1,5,9,5,0,1,0,0,1.38,5.5,6.5,Football-Data.co.uk,2024-11-10,2024/25|2024-11-10|Man United|Leicester
2024/25,10/11/2024,Nott'm Forest,Newcastle,1,3,A,1,0,H,9,17,3,6,4,5,13,6,1,1,0,0,2.7,3.3,2.7,Football-Data.co.uk,2024-11-10,2024/25|2024-11-10|Nott'm Forest|Newcastle
2024/25,10/11/2024,Tottenham,Ipswich,1,2,A,0,2,A,17,8,5,3,12,2,10,19,1,5,0,0,1.25,6.5,9.0,Football-Data.co.uk,2024-11-10,2024/25|2024-11-10|Tottenham|Ipswich
2024/25,23/11/2024,Arsenal,Nott'm Forest,3,0,H,1,0,H,19,7,7,0,8,1,10,1,3,2,0,0,1.38,4.75,9.0,Football-Data.co.uk,2024-11-23,2024/25|2024-11-23|Arsenal|Nott'm Forest
2024/25,23/11/2024,Aston Villa,Crystal Palace,2,2,D,1,2,A,17,13,5,6,10,1,10,11,3,2,0,0,1.62,4.0,5.5,Football-Data.co.uk,2024-11-23,2024/25|2024-11-23|Aston Villa|Crystal Palace
2024/25,23/11/2024,Bournemouth,Brighton,1,2,A,0,1,A,19,6,5,4,7,0,13,10,2,2,0,1,2.4,3.6,2.8,Football-Data.co.uk,2024-11-23,2024/25|2024-11-23|Bournemouth|Brighton
2024/25,23/11/2024,Everton,Brentford,0,0,D,0,0,D,27,9,5,2,10,4,8,10,0,0,0,1,2.45,3.4,2.88,Football-Data.co.uk,2024-11-23,2024/25|2024-11-23|Everton|Brentford
2024/25,23/11/2024,Fulham,Wolves,1,4,A,1,1,D,10,10,3,5,7,2,14,14,3,0,0,0,1.62,4.0,5.25,Football-Data.co.uk,2024-11-23,2024/25|2024-11-23|Fulham|Wolves
2024/25,23/11/2024,Leicester,Chelsea,1,2,A,0,1,A,4,16,1,7,2,9,15,12,4,3,0,0,6.5,4.75,1.44,Football-Data.co.uk,2024-11-23,2024/25|2024-11-23|Leicester|Chelsea
2024/25,23/11/2024,Man City,Tottenham,0,4,A,0,2,A,23,9,5,7,9,3,19,9,4,2,0,0,1.48,4.75,6.0,Football-Data.co.uk,2024-11-23,2024/25|2024-11-23|Man City|Tottenham
2024/25,24/11/2024,Ipswich,Man United,1,1,D,1,1,D,11,11,6,4,4,3,11,10,0,0,0,0,5.25,4.0,1.62,Football-Data.co.uk,2024-11-24,2024/25|2024-11-24|Ipswich|Man United
2024/25,24/11/2024,Southampton,Liverpool,2,3,A,1,1,D,7,27,5,11,3,10,11,9,3,4,0,0,11.0,5.75,1.27,Football-Data.co.uk,2024-11-24,2024/25|2024-11-24|Southampton|Liverpool
2024/25,25/11/2024,Newcastle,West Ham,0,2,A,0,1,A,18,15,2,6,8,3,11,8,1,0,0,0,1.5,4.5,6.0,Football-Data.co.uk,2024-11-25,2024/25|2024-11-25|Newcastle|West Ham
2024/25,29/11/2024,Brighton,Southampton,1,1,D,1,0,H,22,10,5,2,7,6,20,16,2,4,0,0,1.38,5.0,7.5,Football-Data.co.uk,2024-11-29,2024/25|2024-11-29|Brighton|Southampton
2024/25,30/11/2024,Brentford,Leicester,4,1,H,3,1,H,13,7,6,3,5,4,9,10,1,1,0,0,1.65,4.2,4.75,Football-Data.co.uk,2024-11-30,2024/25|2024-11-30|Brentford|Leicester
2024/25,30/11/2024,Crystal Palace,Newcastle,1,1,D,0,0,D,16,1,4,0,8,9,12,11,3,3,0,0,2.9,3.6,2.3,Football-Data.co.uk,2024-11-30,2024/25|2024-11-30|Crystal Palace|Newcastle
2024/25,30/11/2024,Nott'm Forest,Ipswich,1,0,H,0,0,D,12,7,5,3,8,7,5,16,1,3,0,0,1.7,3.8,4.75,Football-Data.co.uk,2024-11-30,2024/25|2024-11-30|Nott'm Forest|Ipswich
2024/25,30/11/2024,West Ham,Arsenal,2,5,A,2,5,A,12,16,5,7,2,10,10,13,4,1,0,0,7.0,4.5,1.45,Football-Data.co.uk,2024-11-30,2024/25|2024-11-30|West Ham|Arsenal
2024/25,30/11/2024,Wolves,Bournemouth,2,4,A,1,3,A,10,12,3,8,3,4,13,11,4,1,0,0,2.8,3.6,2.4,Football-Data.co.uk,2024-11-30,2024/25|2024-11-30|Wolves|Bournemouth
2024/25,01/12/2024,Chelsea,Aston Villa,3,0,H,2,0,H,17,10,8,4,3,4,21,6,2,2,0,0,1.7,4.1,4.5,Football-Data.co.uk,2024-12-01,2024/25|2024-12-01|Chelsea|Aston Villa
2024/25,01/12/2024,Liverpool,Man City,2,0,H,1,0,H,18,8,7,2,7,4,9,8,1,3,0,0,2.1,3.6,3.3,Football-Data.co.uk,2024-12-01,2024/25|2024-12-01|Liverpool|Man City
2024/25,01/12/2024,Man United,Everton,4,0,H,2,0,H,11,8,5,2,2,2,12,12,2,3,0,0,1.53,4.2,6.0,Football-Data.co.uk,2024-12-01,2024/25|2024-12-01|Man United|Everton
2024/25,01/12/2024,Tottenham,Fulham,1,1,D,0,0,D,8,14,3,6,7,11,4,14,0,1,0,1,1.7,4.5,4.1,Football-Data.co.uk,2024-12-01,2024/25|2024-12-01|Tottenham|Fulham
2024/25,03/12/2024,Ipswich,Crystal Palace,0,1,A,0,0,D,9,13,2,3,4,7,14,13,2,4,0,0,3.0,3.4,2.35,Football-Data.co.uk,2024-12-03,2024/25|2024-12-03|Ipswich|Crystal Palace
2024/25,03/12/2024,Leicester,West Ham,3,1,H,1,0,H,8,31,6,10,3,9,9,7,2,2,0,0,2.9,3.4,2.38,Football-Data.co.uk,2024-12-03,2024/25|2024-12-03|Leicester|West Ham
2024/25,04/12/2024,Arsenal,Man United,2,0,H,0,0,D,14,5,6,2,13,0,12,8,1,3,0,0,1.44,4.5,7.0,Football-Data.co.uk,2024-12-04,2024/25|2024-12-04|Arsenal|Man United
2024/25,04/12/2024,Aston Villa,Brentford,3,1,H,3,0,H,20,9,10,1,10,5,11,15,2,2,0,0,1.8,3.75,4.33,Football-Data.co.uk,2024-12-04,2024/25|2024-12-04|Aston Villa|Brentford
2024/25,04/12/2024,Everton,Wolves,4,0,H,2,0,H,13,6,4,2,3,4,10,8,2,0,0,0,2.1,3.4,3.5,Football-Data.co.uk,2024-12-04,2024/25|2024-12-04|Everton|Wolves
2024/25,04/12/2024,Man City,Nott'm Forest,3,0,H,2,0,H,17,12,7,3,8,2,7,15,2,4,0,0,1.36,4.75,9.0,Football-Data.co.uk,2024-12-04,2024/25|2024-12-04|Man City|Nott'm Forest
2024/25,04/12/2024,Newcastle,Liverpool,3,3,D,1,0,H,17,16,6,5,5,6,9,17,2,5,0,0,4.2,4.0,1.75,Football-Data.co.uk,2024-12-04,2024/25|2024-12-04|Newcastle|Liverpool
2024/25,04/12/2024,Southampton,Chelsea,1,5,A,1,3,A,6,26,4,13,5,7,7,14,1,0,1,0,8.5,5.25,1.33,Football-Data.co.uk,2024-12-04,2024/25|2024-12-04|Southampton|Chelsea
2024/25,05/12/2024,Bournemouth,Tottenham,1,0,H,1,0,H,21,12,8,4,5,9,15,8,2,2,0,0,2.63,3.75,2.45,Football-Data.co.uk,2024-12-05,2024/25|2024-12-05|Bournemouth|Tottenham
2024/25,05/12/2024,Fulham,Brighton,3,1,H,1,0,H,6,13,2,3,5,6,7,8,2,2,0,0,2.35,3.6,2.88,Football-Data.co.uk,2024-12-05,2024/25|2024-12-05|Fulham|Brighton
2024/25,07/12/2024,Aston Villa,Southampton,1,0,H,1,0,H,18,4,5,0,14,1,18,15,1,3,0,0,1.36,5.5,7.0,Football-Data.co.uk,2024-12-07,2024/25|2024-12-07|Aston Villa|Southampton
2024/25,07/12/2024,Brentford,Newcastle,4,2,H,2,2,D,11,16,8,3,3,4,10,7,3,0,0,0,2.88,3.75,2.3,Football-Data.co.uk,2024-12-07,2024/25|2024-12-07|Brentford|Newcastle
2024/25,07/12/2024,Crystal Palace,Man City,2,2,D,1,1,D,12,12,3,4,6,8,4,10,1,0,0,1,5.5,4.2,1.57,Football-Data.co.uk,2024-12-07,2024/25|2024-12-07|Crystal Palace|Man City
2024/25,07/12/2024,Man United,Nott'm Forest,2,3,A,1,1,D,17,11,7,3,5,3,10,13,0,2,0,0,1.65,3.9,5.25,Football-Data.co.uk,2024-12-07,2024/25|2024-12-07|Man United|Nott'm Forest
2024/25,08/12/2024,Fulham,Arsenal,1,1,D,1,0,H,2,12,2,4,0,6,10,9,4,2,0,0,5.0,4.33,1.6,Football-Data.co.uk,2024-12-08,2024/25|2024-12-08|Fulham|Arsenal
2024/25,08/12/2024,Ipswich,Bournemouth,1,2,A,1,0,H,18,22,5,6,6,13,9,13,2,1,0,0,3.5,3.75,2.0,Football-Data.co.uk,2024-12-08,2024/25|2024-12-08|Ipswich|Bournemouth
2024/25,08/12/2024,Leicester,Brighton,2,2,D,0,1,A,10,16,3,7,5,5,9,10,1,2,0,0,4.5,3.8,1.73,Football-Data.co.uk,2024-12-08,2024/25|2024-12-08|Leicester|Brighton
2024/25,08/12/2024,Tottenham,Chelsea,3,4,A,2,1,H,13,17,5,8,5,10,17,11,2,2,0,0,3.4,3.9,2.0,Football-Data.co.uk,2024-12-08,2024/25|2024-12-08|Tottenham|Chelsea
2024/25,09/12/2024,West Ham,Wolves,2,1,H,0,0,D,19,19,4,5,11,0,12,17,5,4,0,0,1.9,3.9,3.75,Football-Data.co.uk,2024-12-09,2024/25|2024-12-09|West Ham|Wolves
2024/25,14/12/2024,Arsenal,Everton,0,0,D,0,0,D,13,2,5,0,8,2,6,9,0,3,0,0,1.22,6.5,12.0,Football-Data.co.uk,2024-12-14,2024/25|2024-12-14|Arsenal|Everton
2024/25,14/12/2024,Liverpool,Fulham,2,2,D,0,1,A,16,12,4,3,5,4,10,7,3,4,1,0,1.33,5.5,8.0,Football-Data.co.uk,2024-12-14,2024/25|2024-12-14|Liverpool|Fulham
2024/25,14/12/2024,Newcastle,Leicester,4,0,H,1,0,H,27,4,11,1,5,2,7,16,3,3,0,0,1.3,6.0,8.5,Football-Data.co.uk,2024-12-14,2024/25|2024-12-14|Newcastle|Leicester
2024/25,14/12/2024,Nott'm Forest,Aston Villa,2,1,H,0,0,D,17,8,6,2,4,3,12,6,0,1,0,0,2.63,3.3,2.7,Football-Data.co.uk,2024-12-14,2024/25|2024-12-14|Nott'm Forest|Aston Villa
2024/25,14/12/2024,Wolves,Ipswich,1,2,A,0,1,A,16,10,6,5,7,3,13,9,0,2,1,0,1.9,3.8,3.8,Football-Data.co.uk,2024-12-14,2024/25|2024-12-14|Wolves|Ipswich
2024/25,15/12/2024,Brighton,Crystal Palace,1,3,A,0,2,A,17,13,5,5,8,5,11,15,1,4,0,0,1.85,3.8,3.9,Football-Data.co.uk,2024-12-15,2024/25|2024-12-15|Brighton|Crystal Palace
2024/25,15/12/2024,Chelsea,Brentford,2,1,H,1,0,H,26,9,8,4,8,5,11,7,0,2,1,0,1.33,6.0,7.5,Football-Data.co.uk,2024-12-15,2024/25|2024-12-15|Chelsea|Brentford
2024/25,15/12/2024,Man City,Man United,1,2,A,1,0,H,10,10,3,3,8,2,5,14,1,1,0,0,1.57,4.5,5.0,Football-Data.co.uk,2024-12-15,2024/25|2024-12-15|Man City|Man United
2024/25,15/12/2024,Southampton,Tottenham,0,5,A,0,5,A,9,18,3,9,2,5,8,15,1,3,0,0,4.33,4.5,1.67,Football-Data.co.uk,2024-12-15,2024/25|2024-12-15|Southampton|Tottenham
2024/25,16/12/2024,Bournemouth,West Ham,1,1,D,0,0,D,29,16,9,3,12,6,6,11,0,2,0,0,1.7,4.0,4.75,Football-Data.co.uk,2024-12-16,2024/25|2024-12-16|Bournemouth|West Ham
2024/25,21/12/2024,Aston Villa,Man City,2,1,H,1,0,H,11,12,6,6,5,4,14,7,3,3,0,0,3.25,3.7,2.1,Football-Data.co.uk,2024-12-21,2024/25|2024-12-21|Aston Villa|Man City
2024/25,21/12/2024,Brentford,Nott'm Forest,0,2,A,0,1,A,7,10,3,6,9,5,9,14,3,4,0,0,2.3,3.6,2.9,Football-Data.co.uk,2024-12-21,2024/25|2024-12-21|Brentford|Nott'm Forest
2024/25,21/12/2024,Crystal Palace,Arsenal,1,5,A,1,3,A,15,14,6,6,3,3,9,8,2,2,0,0,6.25,4.2,1.55,Football-Data.co.uk,2024-12-21,2024/25|2024-12-21|Crystal Palace|Arsenal
2024/25,21/12/2024,Ipswich,Newcastle,0,4,A,0,3,A,10,15,2,7,2,1,9,7,2,0,0,0,4.75,3.75,1.73,Football-Data.co.uk,2024-12-21,2024/25|2024-12-21|Ipswich|Newcastle
2024/25,21/12/2024,West Ham,Brighton,1,1,D,0,0,D,11,12,4,6,8,4,14,20,2,2,0,0,2.88,3.7,2.35,Football-Data.co.uk,2024-12-21,2024/25|2024-12-21|West Ham|Brighton
2024/25,22/12/2024,Everton,Chelsea,0,0,D,0,0,D,5,12,4,5,2,5,20,12,4,1,0,0,5.0,4.2,1.62,Football-Data.co.uk,2024-12-22,2024/25|2024-12-22|Everton|Chelsea
2024/25,22/12/2024,Fulham,Southampton,0,0,D,0,0,D,16,5,5,1,6,5,8,15,1,3,0,0,1.42,4.75,7.0,Football-Data.co.uk,2024-12-22,2024/25|2024-12-22|Fulham|Southampton
2024/25,22/12/2024,Leicester,Wolves,0,3,A,0,3,A,9,8,5,4,6,1,15,16,2,0,0,0,2.55,3.4,2.7,Football-Data.co.uk,2024-12-22,2024/25|2024-12-22|Leicester|Wolves
2024/25,22/12/2024,Man United,Bournemouth,0,3,A,0,1,A,23,10,7,5,13,1,11,11,1,3,0,0,1.8,3.8,4.2,Football-Data.co.uk,2024-12-22,2024/25|2024-12-22|Man United|Bournemouth
2024/25,22/12/2024,Tottenham,Liverpool,3,6,A,1,3,A,9,24,5,12,7,5,7,9,1,2,0,0,4.5,4.0,1.73,Football-Data.co.uk,2024-12-22,2024/25|2024-12-22|Tottenham|Liverpool
2024/25,26/12/2024,Bournemouth,Crystal Palace,0,0,D,0,0,D,18,10,4,4,5,2,13,12,2,2,0,0,1.9,3.8,3.8,Football-Data.co.uk,2024-12-26,2024/25|2024-12-26|Bournemouth|Crystal Palace
2024/25,26/12/2024,Chelsea,Fulham,1,2,A,1,0,H,12,14,8,7,3,1,13,13,1,3,0,0,1.48,4.75,6.0,Football-Data.co.uk,2024-12-26,2024/25|2024-12-26|Chelsea|Fulham
2024/25,26/12/2024,Liverpool,Leicester,3,1,H,1,1,D,19,4,7,1,14,1,17,5,3,2,0,0,1.08,12.0,23.0,Football-Data.co.uk,2024-12-26,2024/25|2024-12-26|Liverpool|Leicester
2024/25,26/12/2024,Man City,Everton,1,1,D,1,1,D,24,8,5,3,8,5,5,10,1,4,0,0,1.33,5.5,7.5,Football-Data.co.uk,2024-12-26,2024/25|2024-12-26|Man City|Everton
2024/25,26/12/2024,Newcastle,Aston Villa,3,0,H,1,0,H,22,4,8,1,9,6,15,10,2,1,0,1,1.91,3.8,3.75,Football-Data.co.uk,2024-12-26,2024/25|2024-12-26|Newcastle|Aston Villa
2024/25,26/12/2024,Nott'm Forest,Tottenham,1,0,H,1,0,H,10,13,3,4,2,7,12,13,3,2,0,1,2.3,3.75,2.88,Football-Data.co.uk,2024-12-26,2024/25|2024-12-26|Nott'm Forest|Tottenham
2024/25,26/12/2024,Southampton,West Ham,0,1,A,0,0,D,18,16,5,2,2,2,15,8,1,2,0,0,3.25,3.5,2.2,Football-Data.co.uk,2024-12-26,2024/25|2024-12-26|Southampton|West Ham
2024/25,26/12/2024,Wolves,Man United,2,0,H,0,0,D,7,11,4,4,4,4,12,12,2,2,0,1,3.9,3.7,1.91,Football-Data.co.uk,2024-12-26,2024/25|2024-12-26|Wolves|Man United
2024/25,27/12/2024,Arsenal,Ipswich,1,0,H,1,0,H,13,3,5,0,5,1,7,12,1,1,0,0,1.14,9.0,15.0,Football-Data.co.uk,2024-12-27,2024/25|2024-12-27|Arsenal|Ipswich
2024/25,27/12/2024,Brighton,Brentford,0,0,D,0,0,D,24,8,7,3,5,3,6,12,0,2,0,0,1.62,4.33,4.75,Football-Data.co.uk,2024-12-27,2024/25|2024-12-27|Brighton|Brentford
2024/25,29/12/2024,Crystal Palace,Southampton,2,1,H,1,1,D,19,7,10,3,8,7,18,19,2,3,0,0,1.57,3.9,5.5,Football-Data.co.uk,2024-12-29,2024/25|2024-12-29|Crystal Palace|Southampton
2024/25,29/12/2024,Everton,Nott'm Forest,0,2,A,0,1,A,13,11,2,7,5,4,13,10,4,1,0,0,2.6,3.2,2.8,Football-Data.co.uk,2024-12-29,2024/25|2024-12-29|Everton|Nott'm Forest
2024/25,29/12/2024,Fulham,Bournemouth,2,2,D,1,0,H,11,16,6,9,1,7,7,16,1,3,0,0,2.3,3.6,2.88,Football-Data.co.uk,2024-12-29,2024/25|2024-12-29|Fulham|Bournemouth
2024/25,29/12/2024,Leicester,Man City,0,2,A,0,1,A,11,14,4,5,4,4,11,6,2,1,0,0,7.5,5.5,1.36,Football-Data.co.uk,2024-12-29,2024/25|2024-12-29|Leicester|Man City
2024/25,29/12/2024,Tottenham,Wolves,2,2,D,2,1,H,13,11,3,3,5,5,9,10,1,2,0,0,1.6,5.0,4.2,Football-Data.co.uk,2024-12-29,2024/25|2024-12-29|Tottenham|Wolves
2024/25,29/12/2024,West Ham,Liverpool,0,5,A,0,3,A,7,22,0,13,3,6,7,10,0,0,0,0,7.0,5.0,1.4,Football-Data.co.uk,2024-12-29,2024/25|2024-12-29|West Ham|Liverpool
2024/25,30/12/2024,Aston Villa,Brighton,2,2,D,1,1,D,20,13,4,4,12,3,9,14,2,3,0,0,1.9,3.8,3.6,Football-Data.co.uk,2024-12-30,2024/25|2024-12-30|Aston Villa|Brighton
2024/25,30/12/2024,Ipswich,Chelsea,2,0,H,1,0,H,9,20,6,5,4,7,9,5,4,4,0,0,6.5,4.75,1.42,Football-Data.co.uk,2024-12-30,2024/25|2024-12-30|Ipswich|Chelsea
2024/25,30/12/2024,Man United,Newcastle,0,2,A,0,2,A,10,12,0,4,2,3,13,8,1,1,0,0,2.75,3.5,2.55,Football-Data.co.uk,2024-12-30,2024/25|2024-12-30|Man United|Newcastle
2024/25,01/01/2025,Brentford,Arsenal,1,3,A,1,1,D,5,14,2,5,4,3,6,8,1,2,0,0,6.5,4.75,1.44,Football-Data.co.uk,2025-01-01,2024/25|2025-01-01|Brentford|Arsenal
2024/25,04/01/2025,Aston Villa,Leicester,2,1,H,0,0,D,13,4,5,2,7,2,10,11,0,1,0,0,1.33,5.5,8.5,Football-Data.co.uk,2025-01-04,2024/25|2025-01-04|Aston Villa|Leicester
2024/25,04/01/2025,Bournemouth,Everton,1,0,H,0,0,D,19,9,8,0,9,3,15,14,2,2,0,0,1.73,3.75,4.75,Football-Data.co.uk,2025-01-04,2024/25|2025-01-04|Bournemouth|Everton
2024/25,04/01/2025,Brighton,Arsenal,1,1,D,0,1,A,11,9,4,3,2,5,17,14,2,3,0,0,4.33,3.75,1.8,Football-Data.co.uk,2025-01-04,2024/25|2025-01-04|Brighton|Arsenal
2024/25,04/01/2025,Crystal Palace,Chelsea,1,1,D,0,1,A,13,15,6,1,6,6,9,12,0,2,0,0,3.8,3.75,1.91,Football-Data.co.uk,2025-01-04,2024/25|2025-01-04|Crystal Palace|Chelsea
2024/25,04/01/2025,Man City,West Ham,4,1,H,2,0,H,10,17,7,4,7,1,8,13,2,1,0,0,1.3,6.25,7.5,Football-Data.co.uk,2025-01-04,2024/25|2025-01-04|Man City|West Ham
2024/25,04/01/2025,Southampton,Brentford,0,5,A,0,1,A,8,20,1,11,2,2,10,4,2,0,0,0,3.0,3.4,2.4,Football-Data.co.uk,2025-01-04,2024/25|2025-01-04|Southampton|Brentford
2024/25,04/01/2025,Tottenham,Newcastle,1,2,A,1,2,A,13,14,4,4,9,10,11,15,1,4,0,0,2.88,3.8,2.25,Football-Data.co.uk,2025-01-04,2024/25|2025-01-04|Tottenham|Newcastle
2024/25,05/01/2025,Fulham,Ipswich,2,2,D,0,1,A,15,7,4,3,9,2,10,14,1,5,0,0,1.55,4.2,5.75,Football-Data.co.uk,2025-01-05,2024/25|2025-01-05|Fulham|Ipswich
2024/25,05/01/2025,Liverpool,Man United,2,2,D,0,0,D,19,13,6,4,6,9,10,13,2,4,0,0,1.29,6.25,8.0,Football-Data.co.uk,2025-01-05,2024/25|2025-01-05|Liverpool|Man United
2024/25,06/01/2025,Wolves,Nott'm Forest,0,3,A,0,2,A,13,11,6,3,5,3,10,8,1,2,0,0,3.3,3.2,2.3,Football-Data.co.uk,2025-01-06,2024/25|2025-01-06|Wolves|Nott'm Forest
2024/25,14/01/2025,Brentford,Man City,2,2,D,0,0,D,18,21,6,8,4,5,4,4,0,0,0,0,4.75,4.2,1.62,Football-Data.co.uk,2025-01-14,2024/25|2025-01-14|Brentford|Man City
2024/25,14/01/2025,Chelsea,Bournemouth,2,2,D,1,0,H,26,7,10,3,9,3,15,16,2,3,0,0,1.48,4.75,6.0,Football-Data.co.uk,2025-01-14,2024/25|2025-01-14|Chelsea|Bournemouth
2024/25,14/01/2025,Nott'm Forest,Liverpool,1,1,D,1,0,H,6,23,3,7,0,9,7,10,2,1,0,0,5.25,4.1,1.62,Football-Data.co.uk,2025-01-14,2024/25|2025-01-14|Nott'm Forest|Liverpool
2024/25,14/01/2025,West Ham,Fulham,3,2,H,2,0,H,4,21,3,5,0,3,9,18,3,3,0,0,3.0,3.4,2.38,Football-Data.co.uk,2025-01-14,2024/25|2025-01-14|West Ham|Fulham
2024/25,15/01/2025,Arsenal,Tottenham,2,1,H,2,1,H,14,10,4,2,10,4,16,9,3,1,0,0,1.4,5.25,7.0,Football-Data.co.uk,2025-01-15,2024/25|2025-01-15|Arsenal|Tottenham
2024/25,15/01/2025,Everton,Aston Villa,0,1,A,0,0,D,10,11,3,3,8,5,17,10,2,1,0,0,3.25,3.2,2.3,Football-Data.co.uk,2025-01-15,2024/25|2025-01-15|Everton|Aston Villa
2024/25,15/01/2025,Leicester,Crystal Palace,0,2,A,0,0,D,21,9,4,4,4,3,7,6,0,0,0,0,3.9,3.6,1.91,Football-Data.co.uk,2025-01-15,2024/25|2025-01-15|Leicester|Crystal Palace
2024/25,15/01/2025,Newcastle,Wolves,3,0,H,1,0,H,17,13,5,7,4,2,10,13,0,2,0,0,1.36,5.5,8.0,Football-Data.co.uk,2025-01-15,2024/25|2025-01-15|Newcastle|Wolves
2024/25,16/01/2025,Ipswich,Brighton,0,2,A,0,0,D,5,11,3,5,1,9,13,14,2,2,0,0,3.9,3.7,1.91,Football-Data.co.uk,2025-01-16,2024/25|2025-01-16|Ipswich|Brighton
2024/25,16/01/2025,Man United,Southampton,3,1,H,0,1,A,23,13,9,5,5,4,7,10,1,3,0,0,1.29,6.0,9.5,Football-Data.co.uk,2025-01-16,2024/25|2025-01-16|Man United|Southampton
2024/25,18/01/2025,Arsenal,Aston Villa,2,2,D,1,0,H,18,8,6,4,10,1,10,18,2,3,0,0,1.5,4.1,7.0,Football-Data.co.uk,2025-01-18,2024/25|2025-01-18|Arsenal|Aston Villa
2024/25,18/01/2025,Brentford,Liverpool,0,2,A,0,0,D,11,37,6,8,2,15,6,14,2,3,0,0,6.5,5.0,1.42,Football-Data.co.uk,2025-01-18,2024/25|2025-01-18|Brentford|Liverpool
2024/25,18/01/2025,Leicester,Fulham,0,2,A,0,0,D,8,17,4,2,5,2,8,8,3,1,0,0,4.33,3.7,1.8,Football-Data.co.uk,2025-01-18,2024/25|2025-01-18|Leicester|Fulham
2024/25,18/01/2025,Newcastle,Bournemouth,1,4,A,1,2,A,13,19,5,10,7,6,7,18,1,6,0,0,1.62,4.2,5.0,Football-Data.co.uk,2025-01-18,2024/25|2025-01-18|Newcastle|Bournemouth
2024/25,18/01/2025,West Ham,Crystal Palace,0,2,A,0,0,D,7,12,0,7,2,4,13,10,1,0,1,0,2.6,3.5,2.63,Football-Data.co.uk,2025-01-18,2024/25|2025-01-18|West Ham|Crystal Palace
2024/25,19/01/2025,Everton,Tottenham,3,2,H,3,0,H,12,11,6,6,3,8,14,14,2,1,0,0,2.8,3.5,2.45,Football-Data.co.uk,2025-01-19,2024/25|2025-01-19|Everton|Tottenham
2024/25,19/01/2025,Ipswich,Man City,0,6,A,0,3,A,8,17,4,9,4,7,4,7,0,1,0,0,7.5,5.25,1.36,Football-Data.co.uk,2025-01-19,2024/25|2025-01-19|Ipswich|Man City
2024/25,19/01/2025,Man United,Brighton,1,3,A,1,1,D,10,6,1,3,4,2,13,12,3,3,0,0,2.1,3.6,3.3,Football-Data.co.uk,2025-01-19,2024/25|2025-01-19|Man United|Brighton
2024/25,19/01/2025,Nott'm Forest,Southampton,3,2,H,3,0,H,14,10,5,4,2,8,4,18,0,4,0,0,1.38,4.75,8.0,Football-Data.co.uk,2025-01-19,2024/25|2025-01-19|Nott'm Forest|Southampton
2024/25,20/01/2025,Chelsea,Wolves,3,1,H,1,1,D,19,9,7,4,3,6,8,14,4,2,0,0,1.36,5.75,6.5,Football-Data.co.uk,2025-01-20,2024/25|2025-01-20|Chelsea|Wolves
2024/25,25/01/2025,Bournemouth,Nott'm Forest,5,0,H,1,0,H,16,18,10,4,3,9,9,12,2,3,0,0,2.05,3.7,3.4,Football-Data.co.uk,2025-01-25,2024/25|2025-01-25|Bournemouth|Nott'm Forest
2024/25,25/01/2025,Brighton,Everton,0,1,A,0,1,A,16,3,1,1,9,1,8,11,3,4,0,0,1.67,3.75,5.5,Football-Data.co.uk,2025-01-25,2024/25|2025-01-25|Brighton|Everton
2024/25,25/01/2025,Liverpool,Ipswich,4,1,H,3,0,H,16,3,6,3,3,4,10,11,0,2,0,0,1.08,12.0,15.0,Football-Data.co.uk,2025-01-25,2024/25|2025-01-25|Liverpool|Ipswich
2024/25,25/01/2025,Man City,Chelsea,3,1,H,1,1,D,15,10,6,4,2,4,6,8,3,2,0,0,2.05,4.0,3.3,Football-Data.co.uk,2025-01-25,2024/25|2025-01-25|Man City|Chelsea
2024/25,25/01/2025,Southampton,Newcastle,1,3,A,1,2,A,12,17,5,9,3,8,10,5,1,0,0,0,6.5,5.25,1.42,Football-Data.co.uk,2025-01-25,2024/25|2025-01-25|Southampton|Newcastle
2024/25,25/01/2025,Wolves,Arsenal,0,1,A,0,0,D,9,9,4,3,1,5,20,10,0,1,1,1,7.0,4.5,1.45,Football-Data.co.uk,2025-01-25,2024/25|2025-01-25|Wolves|Arsenal
2024/25,26/01/2025,Aston Villa,West Ham,1,1,D,1,0,H,14,14,4,4,4,3,13,16,2,3,0,0,1.53,4.33,5.75,Football-Data.co.uk,2025-01-26,2024/25|2025-01-26|Aston Villa|West Ham
2024/25,26/01/2025,Crystal Palace,Brentford,1,2,A,0,0,D,16,13,5,6,4,7,8,11,2,2,0,0,2.05,3.75,3.3,Football-Data.co.uk,2025-01-26,2024/25|2025-01-26|Crystal Palace|Brentford
2024/25,26/01/2025,Fulham,Man United,0,1,A,0,0,D,9,4,3,1,3,0,7,9,0,1,0,0,2.3,3.4,3.1,Football-Data.co.uk,2025-01-26,2024/25|2025-01-26|Fulham|Man United
2024/25,26/01/2025,Tottenham,Leicester,1,2,A,1,0,H,15,12,6,3,6,4,6,16,1,5,0,0,1.45,5.5,5.5,Football-Data.co.uk,2025-01-26,2024/25|2025-01-26|Tottenham|Leicester
2024/25,01/02/2025,Bournemouth,Liverpool,0,2,A,0,1,A,14,19,3,7,3,3,15,9,2,3,0,0,4.5,4.33,1.67,Football-Data.co.uk,2025-02-01,2024/25|2025-02-01|Bournemouth|Liverpool
2024/25,01/02/2025,Everton,Leicester,4,0,H,3,0,H,13,9,7,1,5,6,7,13,0,0,0,0,1.75,3.75,4.5,Football-Data.co.uk,2025-02-01,2024/25|2025-02-01|Everton|Leicester
2024/25,01/02/2025,Ipswich,Southampton,1,2,A,1,1,D,15,9,6,4,1,2,11,14,0,3,0,0,1.95,3.6,3.8,Football-Data.co.uk,2025-02-01,2024/25|2025-02-01|Ipswich|Southampton
2024/25,01/02/2025,Newcastle,Fulham,1,2,A,1,0,H,11,15,4,4,4,7,10,15,4,4,0,0,1.7,4.0,4.75,Football-Data.co.uk,2025-02-01,2024/25|2025-02-01|Newcastle|Fulham
2024/25,01/02/2025,Nott'm Forest,Brighton,7,0,H,3,0,H,14,10,9,5,4,6,8,13,1,3,0,0,2.38,3.5,2.8,Football-Data.co.uk,2025-02-01,2024/25|2025-02-01|Nott'm Forest|Brighton
2024/25,01/02/2025,Wolves,Aston Villa,2,0,H,1,0,H,8,10,5,3,5,8,20,13,2,3,0,0,3.3,3.6,2.1,Football-Data.co.uk,2025-02-01,2024/25|2025-02-01|Wolves|Aston Villa
2024/25,02/02/2025,Arsenal,Man City,5,1,H,1,0,H,12,7,7,4,5,2,6,7,2,0,0,0,1.95,3.5,4.0,Football-Data.co.uk,2025-02-02,2024/25|2025-02-02|Arsenal|Man City
2024/25,02/02/2025,Brentford,Tottenham,0,2,A,0,1,A,20,13,4,2,10,3,4,11,0,1,0,0,2.1,3.9,3.2,Football-Data.co.uk,2025-02-02,2024/25|2025-02-02|Brentford|Tottenham
2024/25,02/02/2025,Man United,Crystal Palace,0,2,A,0,0,D,17,11,2,3,11,0,12,13,3,1,0,0,2.0,3.5,3.8,Football-Data.co.uk,2025-02-02,2024/25|2025-02-02|Man United|Crystal Palace
2024/25,03/02/2025,Chelsea,West Ham,2,1,H,0,1,A,22,14,3,5,4,3,11,10,3,1,0,0,1.36,4.75,8.0,Football-Data.co.uk,2025-02-03,2024/25|2025-02-03|Chelsea|West Ham
2024/25,12/02/2025,Everton,Liverpool,2,2,D,1,1,D,10,6,3,4,2,3,9,20,2,2,1,1,7.5,4.5,1.44,Football-Data.co.uk,2025-02-12,2024/25|2025-02-12|Everton|Liverpool
2024/25,14/02/2025,Brighton,Chelsea,3,0,H,2,0,H,13,8,5,0,2,9,12,15,1,2,0,0,2.7,3.6,2.45,Football-Data.co.uk,2025-02-14,2024/25|2025-02-14|Brighton|Chelsea
2024/25,15/02/2025,Aston Villa,Ipswich,1,1,D,0,0,D,25,4,6,3,16,1,7,11,0,3,0,1,1.4,4.75,7.0,Football-Data.co.uk,2025-02-15,2024/25|2025-02-15|Aston Villa|Ipswich
2024/25,15/02/2025,Crystal Palace,Everton,1,2,A,0,1,A,17,11,6,6,6,2,9,12,0,1,0,0,1.8,3.4,5.0,Football-Data.co.uk,2025-02-15,2024/25|2025-02-15|Crystal Palace|Everton
2024/25,15/02/2025,Fulham,Nott'm Forest,2,1,H,1,1,D,24,8,10,2,8,4,13,8,0,0,0,0,2.2,3.4,3.3,Football-Data.co.uk,2025-02-15,2024/25|2025-02-15|Fulham|Nott'm Forest
2024/25,15/02/2025,Leicester,Arsenal,0,2,A,0,0,D,6,11,2,5,3,7,9,10,2,1,0,0,8.5,5.0,1.33,Football-Data.co.uk,2025-02-15,2024/25|2025-02-15|Leicester|Arsenal
2024/25,15/02/2025,Man City,Newcastle,4,0,H,3,0,H,11,3,7,1,7,4,5,13,0,1,0,0,1.95,4.2,3.3,Football-Data.co.uk,2025-02-15,2024/25|2025-02-15|Man City|Newcastle
2024/25,15/02/2025,Southampton,Bournemouth,1,3,A,0,2,A,11,14,4,7,4,6,13,15,1,3,0,0,6.0,4.5,1.5,Football-Data.co.uk,2025-02-15,2024/25|2025-02-15|Southampton|Bournemouth
2024/25,15/02/2025,West Ham,Brentford,0,1,A,0,1,A,13,14,3,5,9,2,10,13,1,1,0,0,2.35,3.6,2.88,Football-Data.co.uk,2025-02-15,2024/25|2025-02-15|West Ham|Brentford
2024/25,16/02/2025,Liverpool,Wolves,2,1,H,2,0,H,10,16,3,4,4,3,15,13,2,2,0,0,1.15,8.0,12.0,Football-Data.co.uk,2025-02-16,2024/25|2025-02-16|Liverpool|Wolves
2024/25,16/02/2025,Tottenham,Man United,1,0,H,1,0,H,22,16,7,6,10,5,13,9,1,2,0,0,2.45,3.75,2.62,Football-Data.co.uk,2025-02-16,2024/25|2025-02-16|Tottenham|Man United
2024/25,19/02/2025,Aston Villa,Liverpool,2,2,D,2,1,H,9,17,4,3,6,8,8,6,1,0,0,0,3.9,4.0,1.83,Football-Data.co.uk,2025-02-19,2024/25|2025-02-19|Aston Villa|Liverpool
2024/25,21/02/2025,Leicester,Brentford,0,4,A,0,3,A,8,14,3,6,5,6,10,10,4,0,0,0,3.6,3.8,1.91,Football-Data.co.uk,2025-02-21,2024/25|2025-02-21|Leicester|Brentford
2024/25,22/02/2025,Arsenal,West Ham,0,1,A,0,1,A,20,5,2,2,2,0,16,15,1,3,1,0,1.27,6.0,10.0,Football-Data.co.uk,2025-02-22,2024/25|2025-02-22|Arsenal|West Ham
2024/25,22/02/2025,Aston Villa,Chelsea,2,1,H,0,1,A,12,15,6,7,2,3,15,16,1,3,0,0,2.63,3.4,2.6,Football-Data.co.uk,2025-02-22,2024/25|2025-02-22|Aston Villa|Chelsea
2024/25,22/02/2025,Bournemouth,Wolves,0,1,A,0,1,A,8,13,3,5,6,7,17,9,3,3,1,0,1.53,4.5,5.5,Football-Data.co.uk,2025-02-22,2024/25|2025-02-22|Bournemouth|Wolves
2024/25,22/02/2025,Everton,Man United,2,2,D,2,0,H,9,9,8,3,7,9,12,9,4,1,0,0,2.5,3.2,2.9,Football-Data.co.uk,2025-02-22,2024/25|2025-02-22|Everton|Man United
2024/25,22/02/2025,Fulham,Crystal Palace,0,2,A,0,1,A,10,10,0,5,7,7,10,7,1,3,0,0,2.05,3.4,3.7,Football-Data.co.uk,2025-02-22,2024/25|2025-02-22|Fulham|Crystal Palace
2024/25,22/02/2025,Ipswich,Tottenham,1,4,A,1,2,A,17,10,5,6,4,4,15,14,2,1,0,0,4.1,3.6,1.9,Football-Data.co.uk,2025-02-22,2024/25|2025-02-22|Ipswich|Tottenham
2024/25,22/02/2025,Southampton,Brighton,0,4,A,0,1,A,6,18,1,12,5,6,11,12,2,0,0,0,6.0,4.1,1.55,Football-Data.co.uk,2025-02-22,2024/25|2025-02-22|Southampton|Brighton
2024/25,23/02/2025,Man City,Liverpool,0,2,A,0,2,A,16,8,5,4,7,5,3,10,0,0,0,0,2.88,3.8,2.25,Football-Data.co.uk,2025-02-23,2024/25|2025-02-23|Man City|Liverpool
2024/25,23/02/2025,Newcastle,Nott'm Forest,4,3,H,4,1,H,13,17,5,5,7,6,11,13,1,4,0,0,1.8,3.8,4.2,Football-Data.co.uk,2025-02-23,2024/25|2025-02-23|Newcastle|Nott'm Forest
2024/25,25/02/2025,Brighton,Bournemouth,2,1,H,1,0,H,11,19,4,5,1,9,12,14,2,1,0,0,2.0,3.8,3.3,Football-Data.co.uk,2025-02-25,2024/25|2025-02-25|Brighton|Bournemouth
2024/25,25/02/2025,Chelsea,Southampton,4,0,H,3,0,H,19,7,10,2,4,2,6,9,1,2,0,0,1.17,8.0,13.0,Football-Data.co.uk,2025-02-25,2024/25|2025-02-25|Chelsea|Southampton
2024/25,25/02/2025,Crystal Palace,Aston Villa,4,1,H,1,0,H,19,6,6,2,3,8,19,10,3,1,0,0,2.45,3.4,2.8,Football-Data.co.uk,2025-02-25,2024/25|2025-02-25|Crystal Palace|Aston Villa
2024/25,25/02/2025,Wolves,Fulham,1,2,A,1,1,D,18,11,5,5,7,5,8,15,1,3,0,0,2.63,3.3,2.63,Football-Data.co.uk,2025-02-25,2024/25|2025-02-25|Wolves|Fulham
2024/25,26/02/2025,Brentford,Everton,1,1,D,1,0,H,12,14,3,4,2,5,3,6,2,1,0,0,2.0,3.7,3.5,Football-Data.co.uk,2025-02-26,2024/25|2025-02-26|Brentford|Everton
2024/25,26/02/2025,Liverpool,Newcastle,2,0,H,1,0,H,12,3,3,0,4,2,12,11,0,1,0,0,1.5,4.5,5.75,Football-Data.co.uk,2025-02-26,2024/25|2025-02-26|Liverpool|Newcastle
2024/25,26/02/2025,Man United,Ipswich,3,2,H,2,2,D,10,12,6,3,5,6,9,16,4,4,1,0,1.53,4.33,6.0,Football-Data.co.uk,2025-02-26,2024/25|2025-02-26|Man United|Ipswich
2024/25,26/02/2025,Nott'm Forest,Arsenal,0,0,D,0,0,D,6,13,2,1,3,11,10,17,1,1,0,0,3.9,3.6,1.95,Football-Data.co.uk,2025-02-26,2024/25|2025-02-26|Nott'm Forest|Arsenal
2024/25,26/02/2025,Tottenham,Man City,0,1,A,0,1,A,11,12,6,5,8,3,12,15,3,0,0,0,3.25,4.0,2.0,Football-Data.co.uk,2025-02-26,2024/25|2025-02-26|Tottenham|Man City
2024/25,27/02/2025,West Ham,Leicester,2,0,H,2,0,H,8,10,2,2,3,3,12,6,0,0,0,0,1.62,4.2,5.0,Football-Data.co.uk,2025-02-27,2024/25|2025-02-27|West Ham|Leicester
2024/25,08/03/2025,Brentford,Aston Villa,0,1,A,0,0,D,13,12,3,4,6,5,10,5,2,2,0,0,2.2,3.8,2.9,Football-Data.co.uk,2025-03-08,2024/25|2025-03-08|Brentford|Aston Villa
2024/25,08/03/2025,Brighton,Fulham,2,1,H,1,1,D,9,6,4,1,3,7,6,12,0,2,0,0,1.95,3.6,3.75,Football-Data.co.uk,2025-03-08,2024/25|2025-03-08|Brighton|Fulham
2024/25,08/03/2025,Crystal Palace,Ipswich,1,0,H,0,0,D,19,15,4,8,5,4,8,7,4,3,0,0,1.45,4.75,6.25,Football-Data.co.uk,2025-03-08,2024/25|2025-03-08|Crystal Palace|Ipswich
2024/25,08/03/2025,Liverpool,Southampton,3,1,H,0,1,A,28,6,7,4,6,4,10,9,2,1,0,0,1.1,9.0,19.0,Football-Data.co.uk,2025-03-08,2024/25|2025-03-08|Liverpool|Southampton
2024/25,08/03/2025,Nott'm Forest,Man City,1,0,H,0,0,D,9,14,4,3,3,2,9,7,3,2,0,0,4.0,3.75,1.85,Football-Data.co.uk,2025-03-08,2024/25|2025-03-08|Nott'm Forest|Man City
2024/25,08/03/2025,Wolves,Everton,1,1,D,1,1,D,11,12,3,4,5,5,11,16,2,2,0,0,2.6,3.1,2.88,Football-Data.co.uk,2025-03-08,2024/25|2025-03-08|Wolves|Everton
2024/25,09/03/2025,Chelsea,Leicester,1,0,H,0,0,D,20,3,7,3,12,2,12,13,1,0,0,0,1.18,8.0,12.0,Football-Data.co.uk,2025-03-09,2024/25|2025-03-09|Chelsea|Leicester
2024/25,09/03/2025,Man United,Arsenal,1,1,D,1,0,H,10,17,6,6,2,9,8,11,0,1,0,0,5.75,3.5,1.7,Football-Data.co.uk,2025-03-09,2024/25|2025-03-09|Man United|Arsenal
2024/25,09/03/2025,Tottenham,Bournemouth,2,2,D,0,1,A,12,17,4,8,3,6,15,16,3,3,0,0,2.7,3.9,2.35,Football-Data.co.uk,2025-03-09,2024/25|2025-03-09|Tottenham|Bournemouth
2024/25,10/03/2025,West Ham,Newcastle,0,1,A,0,0,D,9,9,2,3,3,4,7,15,0,1,0,0,3.25,3.4,2.2,Football-Data.co.uk,2025-03-10,2024/25|2025-03-10|West Ham|Newcastle
2024/25,15/03/2025,Bournemouth,Brentford,1,2,A,1,1,D,17,10,5,4,4,3,13,7,3,0,0,0,1.73,4.2,4.2,Football-Data.co.uk,2025-03-15,2024/25|2025-03-15|Bournemouth|Brentford
2024/25,15/03/2025,Everton,West Ham,1,1,D,0,0,D,13,10,5,5,6,5,12,8,1,2,0,0,2.05,3.2,3.9,Football-Data.co.uk,2025-03-15,2024/25|2025-03-15|Everton|West Ham
2024/25,15/03/2025,Ipswich,Nott'm Forest,2,4,A,0,3,A,11,11,4,6,6,3,4,13,1,1,0,0,3.75,3.5,2.0,Football-Data.co.uk,2025-03-15,2024/25|2025-03-15|Ipswich|Nott'm Forest
2024/25,15/03/2025,Man City,Brighton,2,2,D,2,1,H,11,15,3,3,4,5,10,10,2,5,0,0,1.67,4.33,4.5,Football-Data.co.uk,2025-03-15,2024/25|2025-03-15|Man City|Brighton
2024/25,15/03/2025,Southampton,Wolves,1,2,A,0,1,A,10,5,3,3,5,1,12,13,0,0,0,0,3.7,3.4,2.0,Football-Data.co.uk,2025-03-15,2024/25|2025-03-15|Southampton|Wolves
2024/25,16/03/2025,Arsenal,Chelsea,1,0,H,1,0,H,12,8,4,2,5,4,10,13,3,3,0,0,1.8,3.6,4.5,Football-Data.co.uk,2025-03-16,2024/25|2025-03-16|Arsenal|Chelsea
2024/25,16/03/2025,Fulham,Tottenham,2,0,H,0,0,D,13,12,4,4,6,5,13,10,0,0,0,0,2.0,3.75,3.6,Football-Data.co.uk,2025-03-16,2024/25|2025-03-16|Fulham|Tottenham
2024/25,16/03/2025,Leicester,Man United,0,3,A,0,1,A,11,18,3,5,6,4,6,6,2,0,0,0,4.5,3.5,1.83,Football-Data.co.uk,2025-03-16,2024/25|2025-03-16|Leicester|Man United
2024/25,01/04/2025,Arsenal,Fulham,2,1,H,1,0,H,17,9,4,3,5,4,2,10,1,2,0,0,1.48,4.33,7.0,Football-Data.co.uk,2025-04-01,2024/25|2025-04-01|Arsenal|Fulham
2024/25,01/04/2025,Nott'm Forest,Man United,1,0,H,1,0,H,8,23,2,6,3,10,5,12,1,3,0,0,2.3,3.4,3.1,Football-Data.co.uk,2025-04-01,2024/25|2025-04-01|Nott'm Forest|Man United
2024/25,01/04/2025,Wolves,West Ham,1,0,H,1,0,H,9,10,2,1,1,2,16,12,4,2,0,0,2.5,3.2,2.9,Football-Data.co.uk,2025-04-01,2024/25|2025-04-01|Wolves|West Ham
2024/25,02/04/2025,Bournemouth,Ipswich,1,2,A,0,1,A,24,10,7,2,8,3,14,15,1,2,0,0,1.36,5.25,7.5,Football-Data.co.uk,2025-04-02,2024/25|2025-04-02|Bournemouth|Ipswich
2024/25,02/04/2025,Brighton,Aston Villa,0,3,A,0,0,D,11,8,4,5,4,0,16,11,1,3,0,0,2.05,3.8,3.25,Football-Data.co.uk,2025-04-02,2024/25|2025-04-02|Brighton|Aston Villa
2024/25,02/04/2025,Liverpool,Everton,1,0,H,0,0,D,17,5,3,0,11,5,7,11,2,2,0,0,1.36,5.0,8.0,Football-Data.co.uk,2025-04-02,2024/25|2025-04-02|Liverpool|Everton
2024/25,02/04/2025,Man City,Leicester,2,0,H,2,0,H,18,2,5,0,5,0,11,8,1,4,0,0,1.2,8.0,10.0,Football-Data.co.uk,2025-04-02,2024/25|2025-04-02|Man City|Leicester
2024/25,02/04/2025,Newcastle,Brentford,2,1,H,1,0,H,21,12,4,3,4,5,12,12,1,1,0,0,1.73,4.5,4.0,Football-Data.co.uk,2025-04-02,2024/25|2025-04-02|Newcastle|Brentford
2024/25,02/04/2025,Southampton,Crystal Palace,1,1,D,1,0,H,8,9,2,3,2,2,14,9,2,1,0,0,5.75,3.8,1.62,Football-Data.co.uk,2025-04-02,2024/25|2025-04-02|Southampton|Crystal Palace
2024/25,03/04/2025,Chelsea,Tottenham,1,0,H,0,0,D,11,8,5,2,4,6,7,16,5,5,0,0,1.65,4.5,4.5,Football-Data.co.uk,2025-04-03,2024/25|2025-04-03|Chelsea|Tottenham
2024/25,05/04/2025,Aston Villa,Nott'm Forest,2,1,H,2,0,H,17,19,8,3,4,4,7,15,2,2,0,0,1.95,3.6,3.7,Football-Data.co.uk,2025-04-05,2024/25|2025-04-05|Aston Villa|Nott'm Forest
2024/25,05/04/2025,Crystal Palace,Brighton,2,1,H,1,1,D,8,11,3,5,2,4,12,13,0,1,2,1,2.35,3.6,2.8,Football-Data.co.uk,2025-04-05,2024/25|2025-04-05|Crystal Palace|Brighton
2024/25,05/04/2025,Everton,Arsenal,1,1,D,0,1,A,5,14,2,5,3,8,17,13,3,1,0,0,5.25,3.25,1.75,Football-Data.co.uk,2025-04-05,2024/25|2025-04-05|Everton|Arsenal
2024/25,05/04/2025,Ipswich,Wolves,1,2,A,1,0,H,6,22,2,7,4,8,12,16,2,2,0,0,2.7,3.25,2.63,Football-Data.co.uk,2025-04-05,2024/25|2025-04-05|Ipswich|Wolves
2024/25,05/04/2025,West Ham,Bournemouth,2,2,D,0,1,A,9,11,3,4,4,7,13,13,2,2,0,0,3.0,3.5,2.3,Football-Data.co.uk,2025-04-05,2024/25|2025-04-05|West Ham|Bournemouth
2024/25,06/04/2025,Brentford,Chelsea,0,0,D,0,0,D,9,21,2,5,3,6,12,12,1,3,0,0,3.2,3.6,2.15,Football-Data.co.uk,2025-04-06,2024/25|2025-04-06|Brentford|Chelsea
2024/25,06/04/2025,Fulham,Liverpool,3,2,H,3,1,H,12,14,6,6,4,4,10,9,3,0,0,0,4.5,3.5,1.83,Football-Data.co.uk,2025-04-06,2024/25|2025-04-06|Fulham|Liverpool
2024/25,06/04/2025,Man United,Man City,0,0,D,0,0,D,13,9,2,5,5,3,13,9,3,2,0,0,3.4,3.6,2.1,Football-Data.co.uk,2025-04-06,2024/25|2025-04-06|Man United|Man City
2024/25,06/04/2025,Tottenham,Southampton,3,1,H,2,0,H,13,12,8,4,4,1,16,20,1,1,0,0,1.38,5.5,6.5,Football-Data.co.uk,2025-04-06,2024/25|2025-04-06|Tottenham|Southampton
2024/25,07/04/2025,Leicester,Newcastle,0,3,A,0,3,A,7,16,2,5,12,2,8,9,2,0,0,0,6.5,4.2,1.48,Football-Data.co.uk,2025-04-07,2024/25|2025-04-07|Leicester|Newcastle
2024/25,12/04/2025,Arsenal,Brentford,1,1,D,0,0,D,14,3,3,2,13,5,7,9,1,3,0,0,1.6,4.33,5.0,Football-Data.co.uk,2025-04-12,2024/25|2025-04-12|Arsenal|Brentford
2024/25,12/04/2025,Brighton,Leicester,2,2,D,1,1,D,21,15,7,6,3,6,9,11,2,5,0,0,1.29,6.0,10.0,Football-Data.co.uk,2025-04-12,2024/25|2025-04-12|Brighton|Leicester
2024/25,12/04/2025,Man City,Crystal Palace,5,2,H,2,2,D,21,8,9,3,1,4,10,16,2,3,0,0,1.5,4.75,5.75,Football-Data.co.uk,2025-04-12,2024/25|2025-04-12|Man City|Crystal Palace
2024/25,12/04/2025,Nott'm Forest,Everton,0,1,A,0,0,D,10,13,5,5,1,7,9,13,0,3,0,0,2.1,3.3,3.7,Football-Data.co.uk,2025-04-12,2024/25|2025-04-12|Nott'm Forest|Everton
2024/25,12/04/2025,Southampton,Aston Villa,0,3,A,0,0,D,7,25,2,10,2,14,11,4,3,1,0,0,6.0,4.2,1.55,Football-Data.co.uk,2025-04-12,2024/25|2025-04-12|Southampton|Aston Villa
2024/25,13/04/2025,Chelsea,Ipswich,2,2,D,0,2,A,34,13,9,4,15,4,11,7,2,2,0,0,1.27,7.0,8.5,Football-Data.co.uk,2025-04-13,2024/25|2025-04-13|Chelsea|Ipswich
2024/25,13/04/2025,Liverpool,West Ham,2,1,H,1,0,H,15,11,6,4,10,3,15,8,0,2,0,0,1.3,6.0,8.0,Football-Data.co.uk,2025-04-13,2024/25|2025-04-13|Liverpool|West Ham
2024/25,13/04/2025,Newcastle,Man United,4,1,H,1,1,D,13,9,6,5,7,2,7,9,0,2,0,0,1.65,4.2,4.75,Football-Data.co.uk,2025-04-13,2024/25|2025-04-13|Newcastle|Man United
2024/25,13/04/2025,Wolves,Tottenham,4,2,H,2,0,H,13,11,5,4,1,4,12,15,1,2,0,0,2.2,3.6,3.1,Football-Data.co.uk,2025-04-13,2024/25|2025-04-13|Wolves|Tottenham
2024/25,14/04/2025,Bournemouth,Fulham,1,0,H,1,0,H,12,12,3,7,6,9,11,10,3,2,0,0,2.15,3.5,3.3,Football-Data.co.uk,2025-04-14,2024/25|2025-04-14|Bournemouth|Fulham
2024/25,16/04/2025,Newcastle,Crystal Palace,5,0,H,4,0,H,14,11,7,4,5,4,9,15,2,3,0,0,1.67,3.9,5.0,Football-Data.co.uk,2025-04-16,2024/25|2025-04-16|Newcastle|Crystal Palace
2024/25,19/04/2025,Aston Villa,Newcastle,4,1,H,1,1,D,23,10,9,3,7,7,9,12,1,3,0,0,2.3,3.6,2.75,Football-Data.co.uk,2025-04-19,2024/25|2025-04-19|Aston Villa|Newcastle
2024/25,19/04/2025,Brentford,Brighton,4,2,H,1,1,D,16,12,8,3,4,8,7,11,3,3,0,1,2.4,3.75,2.63,Football-Data.co.uk,2025-04-19,2024/25|2025-04-19|Brentford|Brighton
2024/25,19/04/2025,Crystal Palace,Bournemouth,0,0,D,0,0,D,5,15,0,4,5,4,13,10,3,4,1,0,2.45,3.6,2.63,Football-Data.co.uk,2025-04-19,2024/25|2025-04-19|Crystal Palace|Bournemouth
2024/25,19/04/2025,Everton,Man City,0,2,A,0,0,D,8,12,3,7,2,5,7,6,4,0,0,0,3.7,3.6,1.91,Football-Data.co.uk,2025-04-19,2024/25|2025-04-19|Everton|Man City
2024/25,19/04/2025,West Ham,Southampton,1,1,D,0,0,D,12,15,4,4,2,5,14,13,2,1,0,0,1.48,4.33,6.5,Football-Data.co.uk,2025-04-19,2024/25|2025-04-19|West Ham|Southampton
2024/25,20/04/2025,Fulham,Chelsea,1,2,A,1,0,H,6,13,1,8,6,4,13,9,1,3,0,0,2.7,3.7,2.35,Football-Data.co.uk,2025-04-20,2024/25|2025-04-20|Fulham|Chelsea
2024/25,20/04/2025,Ipswich,Arsenal,0,4,A,0,2,A,4,24,0,7,0,12,10,7,0,0,1,0,8.0,4.5,1.4,Football-Data.co.uk,2025-04-20,2024/25|2025-04-20|Ipswich|Arsenal
2024/25,20/04/2025,Leicester,Liverpool,0,1,A,0,0,D,5,28,0,10,1,13,11,7,1,2,0,0,11.0,6.25,1.22,Football-Data.co.uk,2025-04-20,2024/25|2025-04-20|Leicester|Liverpool
2024/25,20/04/2025,Man United,Wolves,0,1,A,0,0,D,12,4,2,2,9,2,11,18,2,3,0,0,2.0,3.6,3.6,Football-Data.co.uk,2025-04-20,2024/25|2025-04-20|Man United|Wolves
2024/25,21/04/2025,Tottenham,Nott'm Forest,1,2,A,0,2,A,22,4,6,3,7,1,11,12,1,4,0,0,2.45,3.6,2.63,Football-Data.co.uk,2025-04-21,2024/25|2025-04-21|Tottenham|Nott'm Forest
2024/25,22/04/2025,Man City,Aston Villa,2,1,H,1,1,D,14,7,6,3,10,2,9,10,3,3,0,0,1.8,4.1,3.9,Football-Data.co.uk,2025-04-22,2024/25|2025-04-22|Man City|Aston Villa
2024/25,23/04/2025,Arsenal,Crystal Palace,2,2,D,2,1,H,12,15,6,4,3,6,4,6,1,1,0,0,1.4,4.75,7.5,Football-Data.co.uk,2025-04-23,2024/25|2025-04-23|Arsenal|Crystal Palace
2024/25,26/04/2025,Brighton,West Ham,3,2,H,1,0,H,16,12,9,4,8,1,7,9,1,1,0,0,1.67,4.2,4.75,Football-Data.co.uk,2025-04-26,2024/25|2025-04-26|Brighton|West Ham
2024/25,26/04/2025,Chelsea,Everton,1,0,H,1,0,H,10,6,7,3,10,2,11,11,0,0,0,0,1.55,4.0,6.0,Football-Data.co.uk,2025-04-26,2024/25|2025-04-26|Chelsea|Everton
2024/25,26/04/2025,Newcastle,Ipswich,3,0,H,1,0,H,25,4,5,0,11,2,9,9,1,2,0,1,1.18,7.5,13.0,Football-Data.co.uk,2025-04-26,2024/25|2025-04-26|Newcastle|Ipswich
2024/25,26/04/2025,Southampton,Fulham,1,2,A,1,0,H,7,26,3,5,0,13,10,12,1,1,0,0,5.25,4.0,1.6,Football-Data.co.uk,2025-04-26,2024/25|2025-04-26|Southampton|Fulham
2024/25,26/04/2025,Wolves,Leicester,3,0,H,1,0,H,20,8,6,2,4,2,7,17,1,4,0,0,1.5,4.2,6.25,Football-Data.co.uk,2025-04-26,2024/25|2025-04-26|Wolves|Leicester
2024/25,27/04/2025,Bournemouth,Man United,1,1,D,1,0,H,8,25,1,6,5,10,11,12,4,2,1,0,1.67,4.0,4.5,Football-Data.co.uk,2025-04-27,2024/25|2025-04-27|Bournemouth|Man United
2024/25,27/04/2025,Liverpool,Tottenham,5,1,H,3,1,H,25,8,8,3,8,2,16,9,2,1,0,0,1.25,6.0,11.0,Football-Data.co.uk,2025-04-27,2024/25|2025-04-27|Liverpool|Tottenham
2024/25,01/05/2025,Nott'm Forest,Brentford,0,2,A,0,1,A,14,11,5,3,4,5,10,12,3,5,0,0,2.15,3.5,3.25,Football-Data.co.uk,2025-05-01,2024/25|2025-05-01|Nott'm Forest|Brentford
2024/25,02/05/2025,Man City,Wolves,1,0,H,1,0,H,9,6,2,1,4,5,7,11,0,0,0,0,1.4,4.75,7.5,Football-Data.co.uk,2025-05-02,2024/25|2025-05-02|Man City|Wolves
2024/25,03/05/2025,Arsenal,Bournemouth,1,2,A,1,0,H,13,9,4,2,2,3,7,16,0,2,0,0,2.05,3.7,3.4,Football-Data.co.uk,2025-05-03,2024/25|2025-05-03|Arsenal|Bournemouth
2024/25,03/05/2025,Aston Villa,Fulham,1,0,H,1,0,H,10,11,3,3,5,3,6,17,0,5,0,0,1.77,3.75,4.5,Football-Data.co.uk,2025-05-03,2024/25|2025-05-03|Aston Villa|Fulham
2024/25,03/05/2025,Everton,Ipswich,2,2,D,2,1,H,8,12,3,5,3,3,12,15,4,4,0,0,1.45,4.33,6.5,Football-Data.co.uk,2025-05-03,2024/25|2025-05-03|Everton|Ipswich
2024/25,03/05/2025,Leicester,Southampton,2,0,H,2,0,H,14,8,4,2,7,7,12,13,1,3,0,0,2.3,3.6,2.88,Football-Data.co.uk,2025-05-03,2024/25|2025-05-03|Leicester|Southampton
2024/25,04/05/2025,Brentford,Man United,4,3,H,2,1,H,12,14,6,5,7,4,8,10,0,2,0,0,1.65,4.1,4.75,Football-Data.co.uk,2025-05-04,2024/25|2025-05-04|Brentford|Man United
2024/25,04/05/2025,Brighton,Newcastle,1,1,D,1,0,H,5,13,2,5,1,4,15,10,2,1,0,0,2.88,3.7,2.3,Football-Data.co.uk,2025-05-04,2024/25|2025-05-04|Brighton|Newcastle
2024/25,04/05/2025,Chelsea,Liverpool,3,1,H,1,0,H,17,11,7,2,3,6,10,11,2,2,0,0,2.15,3.7,3.1,Football-Data.co.uk,2025-05-04,2024/25|2025-05-04|Chelsea|Liverpool
2024/25,04/05/2025,West Ham,Tottenham,1,1,D,1,1,D,11,7,2,2,1,3,18,15,2,2,0,0,2.1,3.7,3.25,Football-Data.co.uk,2025-05-04,2024/25|2025-05-04|West Ham|Tottenham
2024/25,05/05/2025,Crystal Palace,Nott'm Forest,1,1,D,0,0,D,20,12,3,4,7,4,9,15,3,8,0,0,2.25,3.4,3.2,Football-Data.co.uk,2025-05-05,2024/25|2025-05-05|Crystal Palace|Nott'm Forest
2024/25,10/05/2025,Bournemouth,Aston Villa,0,1,A,0,1,A,10,6,4,3,10,0,19,12,4,3,0,1,2.4,3.6,2.75,Football-Data.co.uk,2025-05-10,2024/25|2025-05-10|Bournemouth|Aston Villa
2024/25,10/05/2025,Fulham,Everton,1,3,A,1,1,D,18,11,6,7,5,5,15,9,1,0,0,0,1.82,3.4,4.5,Football-Data.co.uk,2025-05-10,2024/25|2025-05-10|Fulham|Everton
2024/25,10/05/2025,Ipswich,Brentford,0,1,A,0,1,A,11,15,4,5,5,6,6,12,2,4,0,0,5.0,4.0,1.65,Football-Data.co.uk,2025-05-10,2024/25|2025-05-10|Ipswich|Brentford
2024/25,10/05/2025,Southampton,Man City,0,0,D,0,0,D,2,26,0,5,1,15,9,8,2,0,0,0,11.0,7.5,1.2,Football-Data.co.uk,2025-05-10,2024/25|2025-05-10|Southampton|Man City
2024/25,10/05/2025,Wolves,Brighton,0,2,A,0,1,A,10,7,3,2,7,4,8,12,1,1,0,0,2.7,3.5,2.5,Football-Data.co.uk,2025-05-10,2024/25|2025-05-10|Wolves|Brighton
2024/25,11/05/2025,Liverpool,Arsenal,2,2,D,2,0,H,14,15,5,7,3,1,13,10,1,1,0,1,2.0,3.6,3.6,Football-Data.co.uk,2025-05-11,2024/25|2025-05-11|Liverpool|Arsenal
2024/25,11/05/2025,Man United,West Ham,0,2,A,0,1,A,20,9,5,4,8,5,3,13,0,1,0,0,1.9,3.6,4.0,Football-Data.co.uk,2025-05-11,2024/25|2025-05-11|Man United|West Ham
2024/25,11/05/2025,Newcastle,Chelsea,2,0,H,1,0,H,15,10,6,3,2,8,9,13,4,2,0,1,2.1,3.75,3.1,Football-Data.co.uk,2025-05-11,2024/25|2025-05-11|Newcastle|Chelsea
2024/25,11/05/2025,Nott'm Forest,Leicester,2,2,D,1,1,D,15,10,4,6,4,4,11,11,3,3,0,0,1.33,5.25,8.0,Football-Data.co.uk,2025-05-11,2024/25|2025-05-11|Nott'm Forest|Leicester
2024/25,11/05/2025,Tottenham,Crystal Palace,0,2,A,0,1,A,8,23,1,10,4,8,12,10,1,1,0,0,2.63,3.6,2.5,Football-Data.co.uk,2025-05-11,2024/25|2025-05-11|Tottenham|Crystal Palace
2024/25,16/05/2025,Aston Villa,Tottenham,2,0,H,0,0,D,18,3,7,1,9,1,5,12,1,2,0,0,1.3,6.0,8.5,Football-Data.co.uk,2025-05-16,2024/25|2025-05-16|Aston Villa|Tottenham
2024/25,16/05/2025,Chelsea,Man United,1,0,H,0,0,D,11,4,3,1,7,2,10,14,1,6,0,0,1.44,5.0,6.25,Football-Data.co.uk,2025-05-16,2024/25|2025-05-16|Chelsea|Man United
2024/25,18/05/2025,Arsenal,Newcastle,1,0,H,0,0,D,12,14,4,5,10,7,9,9,3,3,0,0,1.95,3.7,3.7,Football-Data.co.uk,2025-05-18,2024/25|2025-05-18|Arsenal|Newcastle
2024/25,18/05/2025,Brentford,Fulham,2,3,A,2,1,H,11,16,6,7,5,3,12,8,4,4,0,0,1.91,3.9,3.6,Football-Data.co.uk,2025-05-18,2024/25|2025-05-18|Brentford|Fulham
2024/25,18/05/2025,Everton,Southampton,2,0,H,2,0,H,13,6,5,2,4,5,6,10,1,1,0,0,1.4,4.75,7.5,Football-Data.co.uk,2025-05-18,2024/25|2025-05-18|Everton|Southampton
2024/25,18/05/2025,Leicester,Ipswich,2,0,H,1,0,H,9,20,3,2,2,2,15,12,1,0,0,0,2.3,3.6,2.9,Football-Data.co.uk,2025-05-18,2024/25|2025-05-18|Leicester|Ipswich
2024/25,18/05/2025,West Ham,Nott'm Forest,1,2,A,0,1,A,16,10,5,5,8,7,14,7,6,3,0,0,2.75,3.3,2.55,Football-Data.co.uk,2025-05-18,2024/25|2025-05-18|West Ham|Nott'm Forest
2024/25,19/05/2025,Brighton,Liverpool,3,2,H,1,2,A,25,18,12,5,3,3,9,8,1,0,0,0,2.6,3.75,2.45,Football-Data.co.uk,2025-05-19,2024/25|2025-05-19|Brighton|Liverpool
2024/25,20/05/2025,Crystal Palace,Wolves,4,2,H,2,1,H,14,12,10,3,0,10,14,8,1,2,0,0,2.25,3.3,3.2,Football-Data.co.uk,2025-05-20,2024/25|2025-05-20|Crystal Palace|Wolves
2024/25,20/05/2025,Man City,Bournemouth,3,1,H,2,0,H,12,8,5,2,3,1,7,13,1,3,1,1,1.55,4.33,5.75,Football-Data.co.uk,2025-05-20,2024/25|2025-05-20|Man City|Bournemouth
2024/25,25/05/2025,Bournemouth,Leicester,2,0,H,0,0,D,20,3,7,0,6,1,19,16,0,2,0,0,1.33,5.25,8.5,Football-Data.co.uk,2025-05-25,2024/25|2025-05-25|Bournemouth|Leicester
2024/25,25/05/2025,Fulham,Man City,0,2,A,0,1,A,13,20,3,5,1,6,11,5,0,0,0,0,5.0,4.2,1.6,Football-Data.co.uk,2025-05-25,2024/25|2025-05-25|Fulham|Man City
2024/25,25/05/2025,Ipswich,West Ham,1,3,A,0,1,A,14,10,4,6,4,0,10,9,1,1,0,0,3.0,3.8,2.2,Football-Data.co.uk,2025-05-25,2024/25|2025-05-25|Ipswich|West Ham
2024/25,25/05/2025,Liverpool,Crystal Palace,1,1,D,0,1,A,14,8,3,5,11,0,7,10,1,0,1,0,1.4,6.0,5.75,Football-Data.co.uk,2025-05-25,2024/25|2025-05-25|Liverpool|Crystal Palace
2024/25,25/05/2025,Man United,Aston Villa,2,0,H,0,0,D,25,6,10,1,4,3,10,10,2,2,0,1,4.33,4.2,1.7,Football-Data.co.uk,2025-05-25,2024/25|2025-05-25|Man United|Aston Villa
2024/25,25/05/2025,Newcastle,Everton,0,1,A,0,0,D,17,14,6,6,12,3,12,9,1,4,0,0,1.33,5.5,8.5,Football-Data.co.uk,2025-05-25,2024/25|2025-05-25|Newcastle|Everton
2024/25,25/05/2025,Nott'm Forest,Chelsea,0,1,A,0,0,D,10,6,2,2,7,4,10,11,2,2,0,0,3.0,3.75,2.2,Football-Data.co.uk,2025-05-25,2024/25|2025-05-25|Nott'm Forest|Chelsea
2024/25,25/05/2025,Southampton,Arsenal,1,2,A,0,1,A,7,23,2,8,5,8,7,8,0,0,0,0,8.5,6.0,1.3,Football-Data.co.uk,2025-05-25,2024/25|2025-05-25|Southampton|Arsenal
2024/25,25/05/2025,Tottenham,Brighton,1,4,A,1,0,H,4,23,2,8,2,11,13,8,3,1,0,0,4.2,4.33,1.7,Football-Data.co.uk,2025-05-25,2024/25|2025-05-25|Tottenham|Brighton
2024/25,25/05/2025,Wolves,Brentford,1,1,D,0,1,A,18,13,6,7,8,3,7,9,2,1,0,0,2.7,3.7,2.45,Football-Data.co.uk,2025-05-25,2024/25|2025-05-25|Wolves|Brentford
2025/26,15/08/2025,Liverpool,Bournemouth,4,2,H,1,0,H,19,10,10,3,6,7,7,10,1,2,0,0,1.3,6.0,8.5,Football-Data.co.uk,2025-08-15,2025/26|2025-08-15|Liverpool|Bournemouth
2025/26,16/08/2025,Aston Villa,Newcastle,0,0,D,0,0,D,3,16,3,3,3,6,13,11,1,1,1,0,2.25,3.5,2.9,Football-Data.co.uk,2025-08-16,2025/26|2025-08-16|Aston Villa|Newcastle
2025/26,16/08/2025,Brighton,Fulham,1,1,D,0,0,D,10,7,4,2,4,3,16,15,3,3,0,0,1.91,3.6,4.0,Football-Data.co.uk,2025-08-16,2025/26|2025-08-16|Brighton|Fulham
2025/26,16/08/2025,Sunderland,West Ham,3,0,H,0,0,D,10,12,5,4,5,7,8,10,0,1,0,0,3.25,3.4,2.25,Football-Data.co.uk,2025-08-16,2025/26|2025-08-16|Sunderland|West Ham
2025/26,16/08/2025,Tottenham,Burnley,3,0,H,1,0,H,16,14,6,4,6,5,14,8,0,0,0,0,1.38,4.75,8.5,Football-Data.co.uk,2025-08-16,2025/26|2025-08-16|Tottenham|Burnley
2025/26,16/08/2025,Wolves,Man City,0,4,A,0,2,A,9,15,3,4,4,6,13,7,1,2,0,0,6.25,4.75,1.45,Football-Data.co.uk,2025-08-16,2025/26|2025-08-16|Wolves|Man City
2025/26,17/08/2025,Chelsea,Crystal Palace,0,0,D,0,0,D,19,12,3,4,11,2,10,12,2,3,0,0,1.62,4.33,4.5,Football-Data.co.uk,2025-08-17,2025/26|2025-08-17|Chelsea|Crystal Palace
2025/26,17/08/2025,Man United,Arsenal,0,1,A,0,1,A,22,9,7,3,3,4,10,19,1,4,0,0,3.6,3.6,1.95,Football-Data.co.uk,2025-08-17,2025/26|2025-08-17|Man United|Arsenal
2025/26,17/08/2025,Nott'm Forest,Brentford,3,1,H,3,0,H,11,10,5,3,5,5,7,15,1,2,0,0,2.2,3.3,3.5,Football-Data.co.uk,2025-08-17,2025/26|2025-08-17|Nott'm Forest|Brentford
2025/26,18/08/2025,Leeds,Everton,1,0,H,0,0,D,21,7,3,1,7,2,6,8,0,2,0,0,2.38,3.3,3.0,Football-Data.co.uk,2025-08-18,2025/26|2025-08-18|Leeds|Everton
2025/26,22/08/2025,West Ham,Chelsea,1,5,A,1,3,A,12,12,4,7,7,5,7,10,0,1,0,0,4.75,3.8,1.73,Football-Data.co.uk,2025-08-22,2025/26|2025-08-22|West Ham|Chelsea
2025/26,23/08/2025,Arsenal,Leeds,5,0,H,2,0,H,18,3,5,1,2,2,8,11,0,2,0,0,1.27,6.25,9.5,Football-Data.co.uk,2025-08-23,2025/26|2025-08-23|Arsenal|Leeds
2025/26,23/08/2025,Bournemouth,Wolves,1,0,H,1,0,H,14,6,4,1,8,3,13,16,2,4,0,1,1.8,3.8,4.2,Football-Data.co.uk,2025-08-23,2025/26|2025-08-23|Bournemouth|Wolves
2025/26,23/08/2025,Brentford,Aston Villa,1,0,H,1,0,H,9,17,2,2,2,9,11,9,1,2,0,0,3.1,3.6,2.2,Football-Data.co.uk,2025-08-23,2025/26|2025-08-23|Brentford|Aston Villa
2025/26,23/08/2025,Burnley,Sunderland,2,0,H,0,0,D,7,9,2,1,4,3,9,5,0,1,0,0,2.2,3.2,3.5,Football-Data.co.uk,2025-08-23,2025/26|2025-08-23|Burnley|Sunderland
2025/26,23/08/2025,Man City,Tottenham,0,2,A,0,2,A,10,12,4,5,7,2,7,12,1,4,0,0,1.48,4.5,6.25,Football-Data.co.uk,2025-08-23,2025/26|2025-08-23|Man City|Tottenham
2025/26,24/08/2025,Crystal Palace,Nott'm Forest,1,1,D,1,0,H,8,9,4,1,1,3,11,11,3,3,0,0,2.35,3.3,3.1,Football-Data.co.uk,2025-08-24,2025/26|2025-08-24|Crystal Palace|Nott'm Forest
2025/26,24/08/2025,Everton,Brighton,2,0,H,1,0,H,11,13,3,4,2,2,7,15,4,3,0,0,3.1,3.3,2.3,Football-Data.co.uk,2025-08-24,2025/26|2025-08-24|Everton|Brighton
2025/26,24/08/2025,Fulham,Man United,1,1,D,0,0,D,13,10,4,3,9,6,12,10,1,1,0,0,3.25,3.5,2.15,Football-Data.co.uk,2025-08-24,2025/26|2025-08-24|Fulham|Man United
2025/26,25/08/2025,Newcastle,Liverpool,2,3,A,0,1,A,10,5,3,4,7,1,17,15,2,3,1,0,3.25,3.8,2.05,Football-Data.co.uk,2025-08-25,2025/26|2025-08-25|Newcastle|Liverpool
2025/26,30/08/2025,Chelsea,Fulham,2,0,H,1,0,H,13,11,6,3,6,4,11,17,2,2,0,0,1.55,4.33,5.25,Football-Data.co.uk,2025-08-30,2025/26|2025-08-30|Chelsea|Fulham
2025/26,30/08/2025,Leeds,Newcastle,0,0,D,0,0,D,10,8,1,2,5,5,10,15,1,1,0,0,3.5,3.4,2.1,Football-Data.co.uk,2025-08-30,2025/26|2025-08-30|Leeds|Newcastle
2025/26,30/08/2025,Man United,Burnley,3,2,H,1,0,H,26,6,6,3,7,1,9,9,1,5,0,0,1.33,5.25,8.0,Football-Data.co.uk,2025-08-30,2025/26|2025-08-30|Man United|Burnley
2025/26,30/08/2025,Sunderland,Brentford,2,1,H,0,0,D,12,7,3,4,3,4,11,12,3,2,0,0,3.0,3.3,2.4,Football-Data.co.uk,2025-08-30,2025/26|2025-08-30|Sunderland|Brentford
2025/26,30/08/2025,Tottenham,Bournemouth,0,1,A,0,1,A,5,20,1,6,0,8,17,13,2,4,0,0,1.73,4.2,4.2,Football-Data.co.uk,2025-08-30,2025/26|2025-08-30|Tottenham|Bournemouth
2025/26,30/08/2025,Wolves,Everton,2,3,A,1,2,A,12,10,4,4,2,2,15,10,0,1,0,0,2.7,3.2,2.75,Football-Data.co.uk,2025-08-30,2025/26|2025-08-30|Wolves|Everton
2025/26,31/08/2025,Aston Villa,Crystal Palace,0,3,A,0,1,A,13,6,4,4,10,1,7,14,2,3,0,0,1.85,3.7,4.0,Football-Data.co.uk,2025-08-31,2025/26|2025-08-31|Aston Villa|Crystal Palace
2025/26,31/08/2025,Brighton,Man City,2,1,H,0,1,A,12,12,7,3,3,2,16,14,2,2,0,0,3.8,3.9,1.9,Football-Data.co.uk,2025-08-31,2025/26|2025-08-31|Brighton|Man City
2025/26,31/08/2025,Liverpool,Arsenal,1,0,H,0,0,D,9,11,3,1,3,8,7,10,2,2,0,0,2.2,3.5,3.2,Football-Data.co.uk,2025-08-31,2025/26|2025-08-31|Liverpool|Arsenal
2025/26,31/08/2025,Nott'm Forest,West Ham,0,3,A,0,0,D,11,12,3,8,9,7,14,6,0,0,0,0,1.67,3.75,5.25,Football-Data.co.uk,2025-08-31,2025/26|2025-08-31|Nott'm Forest|West Ham
2025/26,13/09/2025,Arsenal,Nott'm Forest,3,0,H,1,0,H,16,5,5,1,8,4,8,11,1,1,0,0,1.38,5.0,8.0,Football-Data.co.uk,2025-09-13,2025/26|2025-09-13|Arsenal|Nott'm Forest
2025/26,13/09/2025,Bournemouth,Brighton,2,1,H,1,0,H,13,6,5,2,4,4,16,10,4,4,0,0,2.35,3.5,2.9,Football-Data.co.uk,2025-09-13,2025/26|2025-09-13|Bournemouth|Brighton
2025/26,13/09/2025,Brentford,Chelsea,2,2,D,1,0,H,7,16,4,6,5,6,13,9,3,2,0,0,4.5,3.9,1.73,Football-Data.co.uk,2025-09-13,2025/26|2025-09-13|Brentford|Chelsea
2025/26,13/09/2025,Crystal Palace,Sunderland,0,0,D,0,0,D,14,6,6,0,5,3,10,8,1,1,0,0,1.65,3.75,5.75,Football-Data.co.uk,2025-09-13,2025/26|2025-09-13|Crystal Palace|Sunderland
2025/26,13/09/2025,Everton,Aston Villa,0,0,D,0,0,D,20,7,2,1,10,3,17,15,3,3,0,0,2.45,3.3,2.9,Football-Data.co.uk,2025-09-13,2025/26|2025-09-13|Everton|Aston Villa
2025/26,13/09/2025,Fulham,Leeds,1,0,H,0,0,D,5,10,3,3,3,3,20,15,1,2,0,0,1.91,3.5,4.0,Football-Data.co.uk,2025-09-13,2025/26|2025-09-13|Fulham|Leeds
2025/26,13/09/2025,Newcastle,Wolves,1,0,H,1,0,H,16,8,4,3,10,4,10,17,1,4,0,0,1.42,4.75,7.0,Football-Data.co.uk,2025-09-13,2025/26|2025-09-13|Newcastle|Wolves
2025/26,13/09/2025,West Ham,Tottenham,0,3,A,0,0,D,7,14,4,5,2,13,8,7,0,1,1,0,3.4,3.6,2.1,Football-Data.co.uk,2025-09-13,2025/26|2025-09-13|West Ham|Tottenham
2025/26,14/09/2025,Burnley,Liverpool,0,1,A,0,0,D,3,27,0,4,1,13,9,9,0,2,0,0,8.0,5.5,1.33,Football-Data.co.uk,2025-09-14,2025/26|2025-09-14|Burnley|Liverpool
2025/26,14/09/2025,Man City,Man United,3,0,H,1,0,H,13,12,6,2,2,4,8,8,0,0,0,0,1.75,4.0,4.2,Football-Data.co.uk,2025-09-14,2025/26|2025-09-14|Man City|Man United
2025/26,20/09/2025,Brighton,Tottenham,2,2,D,2,1,H,12,11,4,3,2,10,10,13,1,2,0,0,2.25,3.7,3.0,Football-Data.co.uk,2025-09-20,2025/26|2025-09-20|Brighton|Tottenham
2025/26,20/09/2025,Burnley,Nott'm Forest,1,1,D,1,1,D,12,17,5,8,4,5,12,11,1,1,0,0,3.4,3.3,2.2,Football-Data.co.uk,2025-09-20,2025/26|2025-09-20|Burnley|Nott'm Forest
2025/26,20/09/2025,Fulham,Brentford,3,1,H,2,1,H,14,8,3,3,2,10,11,13,4,1,0,0,2.0,3.4,3.8,Football-Data.co.uk,2025-09-20,2025/26|2025-09-20|Fulham|Brentford
2025/26,20/09/2025,Liverpool,Everton,2,1,H,2,0,H,11,9,3,2,5,4,11,10,2,3,0,0,1.45,4.75,6.5,Football-Data.co.uk,2025-09-20,2025/26|2025-09-20|Liverpool|Everton
2025/26,20/09/2025,Man United,Chelsea,2,1,H,2,0,H,11,5,4,1,5,5,13,14,0,5,1,1,2.6,3.8,2.45,Football-Data.co.uk,2025-09-20,2025/26|2025-09-20|Man United|Chelsea
2025/26,20/09/2025,West Ham,Crystal Palace,1,2,A,0,1,A,8,18,3,3,8,8,15,5,3,3,0,0,2.88,3.5,2.38,Football-Data.co.uk,2025-09-20,2025/26|2025-09-20|West Ham|Crystal Palace
2025/26,20/09/2025,Wolves,Leeds,1,3,A,1,3,A,16,6,6,4,4,0,11,9,1,1,0,0,2.7,3.2,2.75,Football-Data.co.uk,2025-09-20,2025/26|2025-09-20|Wolves|Leeds
2025/26,21/09/2025,Arsenal,Man City,1,1,D,0,1,A,12,5,3,3,11,2,11,10,1,2,0,0,1.85,3.9,3.8,Football-Data.co.uk,2025-09-21,2025/26|2025-09-21|Arsenal|Man City
2025/26,21/09/2025,Bournemouth,Newcastle,0,0,D,0,0,D,11,4,2,1,5,2,7,10,2,1,0,0,2.5,3.5,2.7,Football-Data.co.uk,2025-09-21,2025/26|2025-09-21|Bournemouth|Newcastle
2025/26,21/09/2025,Sunderland,Aston Villa,1,1,D,0,0,D,14,12,4,2,6,5,14,8,2,1,1,0,3.4,3.5,2.1,Football-Data.co.uk,2025-09-21,2025/26|2025-09-21|Sunderland|Aston Villa
2025/26,27/09/2025,Brentford,Man United,3,1,H,2,1,H,10,14,8,6,4,2,14,10,2,2,0,0,3.4,3.8,2.0,Football-Data.co.uk,2025-09-27,2025/26|2025-09-27|Brentford|Man United
2025/26,27/09/2025,Chelsea,Brighton,1,3,A,1,0,H,13,12,3,3,5,7,9,16,3,5,1,0,1.85,3.8,3.8,Football-Data.co.uk,2025-09-27,2025/26|2025-09-27|Chelsea|Brighton
2025/26,27/09/2025,Crystal Palace,Liverpool,2,1,H,1,0,H,16,20,7,4,2,6,10,8,1,3,0,0,3.8,3.8,1.9,Football-Data.co.uk,2025-09-27,2025/26|2025-09-27|Crystal Palace|Liverpool
2025/26,27/09/2025,Leeds,Bournemouth,2,2,D,1,1,D,19,12,8,5,7,4,12,13,2,2,0,0,3.1,3.25,2.38,Football-Data.co.uk,2025-09-27,2025/26|2025-09-27|Leeds|Bournemouth
2025/26,27/09/2025,Man City,Burnley,5,1,H,1,1,D,21,9,8,2,10,2,5,7,1,3,0,0,1.17,7.5,15.0,Football-Data.co.uk,2025-09-27,2025/26|2025-09-27|Man City|Burnley
2025/26,27/09/2025,Nott'm Forest,Sunderland,0,1,A,0,1,A,22,11,6,3,7,4,11,6,4,2,0,0,1.75,3.75,4.5,Football-Data.co.uk,2025-09-27,2025/26|2025-09-27|Nott'm Forest|Sunderland
2025/26,27/09/2025,Tottenham,Wolves,1,1,D,0,0,D,10,9,3,3,10,9,9,11,3,2,0,0,1.5,4.5,6.0,Football-Data.co.uk,2025-09-27,2025/26|2025-09-27|Tottenham|Wolves
2025/26,28/09/2025,Aston Villa,Fulham,3,1,H,1,1,D,9,11,4,4,2,8,10,13,1,4,0,0,2.3,3.1,3.4,Football-Data.co.uk,2025-09-28,2025/26|2025-09-28|Aston Villa|Fulham
2025/26,28/09/2025,Newcastle,Arsenal,1,2,A,1,0,H,8,20,3,7,7,12,8,9,2,1,0,0,3.6,3.4,2.1,Football-Data.co.uk,2025-09-28,2025/26|2025-09-28|Newcastle|Arsenal
2025/26,29/09/2025,Everton,West Ham,1,1,D,1,0,H,12,14,6,3,3,5,7,16,3,4,0,0,1.7,3.75,5.0,Football-Data.co.uk,2025-09-29,2025/26|2025-09-29|Everton|West Ham
2025/26,03/10/2025,Bournemouth,Fulham,3,1,H,0,0,D,11,12,6,4,4,3,8,10,0,1,0,0,1.95,3.5,3.9,Football-Data.co.uk,2025-10-03,2025/26|2025-10-03|Bournemouth|Fulham
2025/26,04/10/2025,Arsenal,West Ham,2,0,H,1,0,H,21,4,5,0,8,3,14,14,0,2,0,0,1.18,6.5,17.0,Football-Data.co.uk,2025-10-04,2025/26|2025-10-04|Arsenal|West Ham
2025/26,04/10/2025,Chelsea,Liverpool,2,1,H,1,0,H,12,12,6,2,7,2,9,8,0,2,0,0,2.8,3.75,2.3,Football-Data.co.uk,2025-10-04,2025/26|2025-10-04|Chelsea|Liverpool
2025/26,04/10/2025,Leeds,Tottenham,1,2,A,1,1,D,16,9,4,3,4,1,10,12,2,3,0,0,2.7,3.5,2.5,Football-Data.co.uk,2025-10-04,2025/26|2025-10-04|Leeds|Tottenham
2025/26,04/10/2025,Man United,Sunderland,2,0,H,2,0,H,15,8,6,3,2,3,10,12,1,4,0,0,1.5,4.75,5.75,Football-Data.co.uk,2025-10-04,2025/26|2025-10-04|Man United|Sunderland
2025/26,05/10/2025,Aston Villa,Burnley,2,1,H,1,0,H,15,5,7,2,6,4,9,15,3,1,0,0,1.6,4.0,5.75,Football-Data.co.uk,2025-10-05,2025/26|2025-10-05|Aston Villa|Burnley
2025/26,05/10/2025,Brentford,Man City,0,1,A,0,1,A,6,10,1,4,3,2,10,6,3,2,0,0,4.75,4.5,1.62,Football-Data.co.uk,2025-10-05,2025/26|2025-10-05|Brentford|Man City
2025/26,05/10/2025,Everton,Crystal Palace,2,1,H,0,1,A,14,15,7,8,2,4,13,16,2,3,0,0,2.45,3.25,3.0,Football-Data.co.uk,2025-10-05,2025/26|2025-10-05|Everton|Crystal Palace
2025/26,05/10/2025,Newcastle,Nott'm Forest,2,0,H,0,0,D,18,5,9,4,8,1,16,15,0,4,0,0,1.57,4.2,5.5,Football-Data.co.uk,2025-10-05,2025/26|2025-10-05|Newcastle|Nott'm Forest
2025/26,05/10/2025,Wolves,Brighton,1,1,D,1,0,H,6,17,3,6,2,8,13,9,2,4,0,0,3.6,3.7,2.0,Football-Data.co.uk,2025-10-05,2025/26|2025-10-05|Wolves|Brighton
2025/26,18/10/2025,Brighton,Newcastle,2,1,H,1,0,H,13,16,5,3,8,4,9,9,0,1,0,0,2.63,3.4,2.6,Football-Data.co.uk,2025-10-18,2025/26|2025-10-18|Brighton|Newcastle
2025/26,18/10/2025,Burnley,Leeds,2,0,H,1,0,H,4,19,3,4,1,5,10,7,2,1,0,0,3.25,3.25,2.25,Football-Data.co.uk,2025-10-18,2025/26|2025-10-18|Burnley|Leeds
2025/26,18/10/2025,Crystal Palace,Bournemouth,3,3,D,0,2,A,20,8,7,5,6,5,8,16,1,4,0,0,2.2,3.4,3.25,Football-Data.co.uk,2025-10-18,2025/26|2025-10-18|Crystal Palace|Bournemouth
2025/26,18/10/2025,Fulham,Arsenal,0,1,A,0,0,D,9,16,0,5,6,10,11,4,0,0,0,0,5.75,4.1,1.55,Football-Data.co.uk,2025-10-18,2025/26|2025-10-18|Fulham|Arsenal
2025/26,18/10/2025,Man City,Everton,2,0,H,0,0,D,19,5,7,1,11,3,8,14,0,2,0,0,1.4,5.0,7.0,Football-Data.co.uk,2025-10-18,2025/26|2025-10-18|Man City|Everton
2025/26,18/10/2025,Nott'm Forest,Chelsea,0,3,A,0,0,D,12,17,2,6,5,2,13,16,2,2,0,1,3.7,3.8,1.95,Football-Data.co.uk,2025-10-18,2025/26|2025-10-18|Nott'm Forest|Chelsea
2025/26,18/10/2025,Sunderland,Wolves,2,0,H,1,0,H,8,16,2,3,3,2,5,12,0,0,0,0,2.5,3.0,3.1,Football-Data.co.uk,2025-10-18,2025/26|2025-10-18|Sunderland|Wolves
2025/26,19/10/2025,Liverpool,Man United,1,2,A,0,1,A,19,12,6,4,9,4,8,14,0,2,0,0,1.6,4.5,5.0,Football-Data.co.uk,2025-10-19,2025/26|2025-10-19|Liverpool|Man United
2025/26,19/10/2025,Tottenham,Aston Villa,1,2,A,1,1,D,9,8,3,2,6,6,11,7,2,0,0,0,2.05,3.5,3.5,Football-Data.co.uk,2025-10-19,2025/26|2025-10-19|Tottenham|Aston Villa
2025/26,20/10/2025,West Ham,Brentford,0,2,A,0,1,A,7,22,1,7,6,10,10,10,1,1,0,0,2.5,3.25,2.88,Football-Data.co.uk,2025-10-20,2025/26|2025-10-20|West Ham|Brentford
2025/26,24/10/2025,Leeds,West Ham,2,1,H,2,0,H,13,9,5,3,3,4,12,11,3,3,0,0,1.8,3.5,4.75,Football-Data.co.uk,2025-10-24,2025/26|2025-10-24|Leeds|West Ham
2025/26,25/10/2025,Brentford,Liverpool,3,2,H,2,1,H,17,18,8,5,5,4,7,10,3,2,0,0,4.1,4.2,1.75,Football-Data.co.uk,2025-10-25,2025/26|2025-10-25|Brentford|Liverpool
2025/26,25/10/2025,Chelsea,Sunderland,1,2,A,1,1,D,16,10,7,4,9,1,15,13,1,1,0,0,1.36,4.75,9.0,Football-Data.co.uk,2025-10-25,2025/26|2025-10-25|Chelsea|Sunderland
2025/26,25/10/2025,Man United,Brighton,4,2,H,2,0,H,13,17,9,5,1,6,4,13,2,2,0,0,1.95,3.8,3.5,Football-Data.co.uk,2025-10-25,2025/26|2025-10-25|Man United|Brighton
2025/26,25/10/2025,Newcastle,Fulham,2,1,H,1,0,H,18,12,7,5,4,3,11,18,0,2,0,0,1.62,3.9,5.5,Football-Data.co.uk,2025-10-25,2025/26|2025-10-25|Newcastle|Fulham
2025/26,26/10/2025,Arsenal,Crystal Palace,1,0,H,1,0,H,10,7,3,1,4,3,6,11,0,0,0,0,1.4,4.75,7.5,Football-Data.co.uk,2025-10-26,2025/26|2025-10-26|Arsenal|Crystal Palace
2025/26,26/10/2025,Aston Villa,Man City,1,0,H,1,0,H,9,18,3,4,5,6,8,16,1,4,0,0,4.33,3.8,1.8,Football-Data.co.uk,2025-10-26,2025/26|2025-10-26|Aston Villa|Man City
2025/26,26/10/2025,Bournemouth,Nott'm Forest,2,0,H,2,0,H,13,8,5,4,6,4,17,7,3,1,0,0,1.8,3.8,4.33,Football-Data.co.uk,2025-10-26,2025/26|2025-10-26|Bournemouth|Nott'm Forest
2025/26,26/10/2025,Everton,Tottenham,0,3,A,0,2,A,12,7,2,4,9,8,9,8,2,0,0,0,2.35,3.4,3.0,Football-Data.co.uk,2025-10-26,2025/26|2025-10-26|Everton|Tottenham
2025/26,26/10/2025,Wolves,Burnley,2,3,A,2,2,D,15,11,7,7,5,3,12,7,1,0,0,0,1.95,3.3,4.2,Football-Data.co.uk,2025-10-26,2025/26|2025-10-26|Wolves|Burnley
2025/26,01/11/2025,Brighton,Leeds,3,0,H,1,0,H,14,5,7,2,4,7,10,7,0,1,0,0,1.85,3.75,4.0,Football-Data.co.uk,2025-11-01,2025/26|2025-11-01|Brighton|Leeds
2025/26,01/11/2025,Burnley,Arsenal,0,2,A,0,2,A,3,12,0,8,1,6,10,13,2,1,0,0,10.0,6.0,1.27,Football-Data.co.uk,2025-11-01,2025/26|2025-11-01|Burnley|Arsenal
2025/26,01/11/2025,Crystal Palace,Brentford,2,0,H,1,0,H,9,6,2,2,6,5,7,11,0,3,0,0,1.91,3.6,3.9,Football-Data.co.uk,2025-11-01,2025/26|2025-11-01|Crystal Palace|Brentford
2025/26,01/11/2025,Fulham,Wolves,3,0,H,1,0,H,19,5,6,2,10,1,13,14,1,3,0,1,1.83,3.5,4.5,Football-Data.co.uk,2025-11-01,2025/26|2025-11-01|Fulham|Wolves
2025/26,01/11/2025,Liverpool,Aston Villa,2,0,H,1,0,H,16,10,4,3,1,4,13,11,2,3,0,0,1.65,4.33,4.5,Football-Data.co.uk,2025-11-01,2025/26|2025-11-01|Liverpool|Aston Villa
2025/26,01/11/2025,Nott'm Forest,Man United,2,2,D,0,1,A,17,18,3,7,8,5,10,7,1,1,0,0,3.3,3.75,2.05,Football-Data.co.uk,2025-11-01,2025/26|2025-11-01|Nott'm Forest|Man United
2025/26,01/11/2025,Tottenham,Chelsea,0,1,A,0,1,A,3,15,1,9,6,5,14,12,4,2,0,0,2.7,3.5,2.5,Football-Data.co.uk,2025-11-01,2025/26|2025-11-01|Tottenham|Chelsea
2025/26,02/11/2025,Man City,Bournemouth,3,1,H,2,1,H,15,8,8,5,10,4,8,11,2,2,0,0,1.5,4.75,5.75,Football-Data.co.uk,2025-11-02,2025/26|2025-11-02|Man City|Bournemouth
2025/26,02/11/2025,West Ham,Newcastle,3,1,H,2,1,H,15,12,9,4,7,6,5,10,1,2,0,0,5.25,4.0,1.62,Football-Data.co.uk,2025-11-02,2025/26|2025-11-02|West Ham|Newcastle
2025/26,03/11/2025,Sunderland,Everton,1,1,D,0,1,A,17,8,3,2,4,1,10,12,3,2,0,0,2.7,3.2,2.7,Football-Data.co.uk,2025-11-03,2025/26|2025-11-03|Sunderland|Everton
2025/26,08/11/2025,Chelsea,Wolves,3,0,H,0,0,D,20,3,8,0,10,1,12,14,1,2,0,0,1.36,4.75,8.5,Football-Data.co.uk,2025-11-08,2025/26|2025-11-08|Chelsea|Wolves
2025/26,08/11/2025,Everton,Fulham,2,0,H,1,0,H,14,8,5,4,7,5,11,14,2,2,0,0,2.2,3.3,3.4,Football-Data.co.uk,2025-11-08,2025/26|2025-11-08|Everton|Fulham
2025/26,08/11/2025,Sunderland,Arsenal,2,2,D,1,0,H,6,17,2,7,2,2,13,13,2,1,0,0,7.5,5.0,1.38,Football-Data.co.uk,2025-11-08,2025/26|2025-11-08|Sunderland|Arsenal
2025/26,08/11/2025,Tottenham,Man United,2,2,D,0,1,A,10,5,4,2,5,3,10,8,5,1,0,0,2.63,3.6,2.5,Football-Data.co.uk,2025-11-08,2025/26|2025-11-08|Tottenham|Man United
2025/26,08/11/2025,West Ham,Burnley,3,2,H,1,1,D,15,16,6,7,7,4,15,13,2,2,0,0,1.91,3.5,4.0,Football-Data.co.uk,2025-11-08,2025/26|2025-11-08|West Ham|Burnley
2025/26,09/11/2025,Aston Villa,Bournemouth,4,0,H,2,0,H,16,13,8,4,6,9,8,20,2,2,0,0,2.2,3.4,3.25,Football-Data.co.uk,2025-11-09,2025/26|2025-11-09|Aston Villa|Bournemouth
2025/26,09/11/2025,Brentford,Newcastle,3,1,H,0,1,A,15,5,7,1,6,2,10,13,2,1,0,0,2.8,3.5,2.45,Football-Data.co.uk,2025-11-09,2025/26|2025-11-09|Brentford|Newcastle
2025/26,09/11/2025,Crystal Palace,Brighton,0,0,D,0,0,D,10,7,2,3,4,8,10,12,1,4,0,0,2.25,3.5,3.1,Football-Data.co.uk,2025-11-09,2025/26|2025-11-09|Crystal Palace|Brighton
2025/26,09/11/2025,Man City,Liverpool,3,0,H,2,0,H,14,7,6,1,7,7,14,15,2,4,0,0,1.9,3.9,3.7,Football-Data.co.uk,2025-11-09,2025/26|2025-11-09|Man City|Liverpool
2025/26,09/11/2025,Nott'm Forest,Leeds,3,1,H,1,1,D,14,10,6,3,6,4,10,11,2,1,0,0,2.25,3.25,3.3,Football-Data.co.uk,2025-11-09,2025/26|2025-11-09|Nott'm Forest|Leeds
2025/26,22/11/2025,Bournemouth,West Ham,2,2,D,0,2,A,28,5,10,2,9,2,9,10,3,2,0,0,1.62,4.2,4.75,Football-Data.co.uk,2025-11-22,2025/26|2025-11-22|Bournemouth|West Ham
2025/26,22/11/2025,Brighton,Brentford,2,1,H,0,1,A,14,10,5,4,7,4,10,9,4,2,0,0,1.91,3.6,4.0,Football-Data.co.uk,2025-11-22,2025/26|2025-11-22|Brighton|Brentford
2025/26,22/11/2025,Burnley,Chelsea,0,2,A,0,1,A,8,15,2,5,1,9,13,8,2,3,0,0,6.25,4.5,1.48,Football-Data.co.uk,2025-11-22,2025/26|2025-11-22|Burnley|Chelsea
2025/26,22/11/2025,Fulham,Sunderland,1,0,H,0,0,D,24,4,6,2,7,4,5,13,3,3,0,0,2.1,3.25,3.75,Football-Data.co.uk,2025-11-22,2025/26|2025-11-22|Fulham|Sunderland
2025/26,22/11/2025,Liverpool,Nott'm Forest,0,3,A,0,1,A,21,15,4,7,8,6,11,8,2,0,0,0,1.44,5.0,6.25,Football-Data.co.uk,2025-11-22,2025/26|2025-11-22|Liverpool|Nott'm Forest
2025/26,22/11/2025,Newcastle,Man City,2,1,H,0,0,D,9,17,5,4,5,9,13,8,1,3,0,0,3.6,3.8,1.95,Football-Data.co.uk,2025-11-22,2025/26|2025-11-22|Newcastle|Man City
2025/26,22/11/2025,Wolves,Crystal Palace,0,2,A,0,0,D,8,10,1,4,1,4,13,9,2,3,0,0,3.8,3.6,1.95,Football-Data.co.uk,2025-11-22,2025/26|2025-11-22|Wolves|Crystal Palace
2025/26,23/11/2025,Arsenal,Tottenham,4,1,H,2,0,H,17,3,8,2,4,1,11,15,1,3,0,0,1.42,4.75,7.5,Football-Data.co.uk,2025-11-23,2025/26|2025-11-23|Arsenal|Tottenham
2025/26,23/11/2025,Leeds,Aston Villa,1,2,A,1,0,H,14,14,5,3,3,3,18,16,5,1,0,0,3.0,3.3,2.4,Football-Data.co.uk,2025-11-23,2025/26|2025-11-23|Leeds|Aston Villa
2025/26,24/11/2025,Man United,Everton,0,1,A,0,1,A,25,3,6,1,9,1,12,9,2,0,0,1,1.75,4.0,4.33,Football-Data.co.uk,2025-11-24,2025/26|2025-11-24|Man United|Everton
2025/26,29/11/2025,Brentford,Burnley,3,1,H,0,0,D,14,6,4,2,5,6,7,7,0,2,0,0,1.45,4.5,7.0,Football-Data.co.uk,2025-11-29,2025/26|2025-11-29|Brentford|Burnley
2025/26,29/11/2025,Everton,Newcastle,1,4,A,0,3,A,10,13,2,8,8,7,4,6,0,0,0,0,2.8,3.25,2.63,Football-Data.co.uk,2025-11-29,2025/26|2025-11-29|Everton|Newcastle
2025/26,29/11/2025,Man City,Leeds,3,2,H,2,0,H,18,9,9,4,8,1,17,11,4,1,0,0,1.22,6.5,12.0,Football-Data.co.uk,2025-11-29,2025/26|2025-11-29|Man City|Leeds
2025/26,29/11/2025,Sunderland,Bournemouth,3,2,H,1,2,A,12,18,6,6,6,3,14,13,5,5,0,1,3.2,3.3,2.3,Football-Data.co.uk,2025-11-29,2025/26|2025-11-29|Sunderland|Bournemouth
2025/26,29/11/2025,Tottenham,Fulham,1,2,A,0,2,A,14,7,2,3,8,2,11,7,3,2,0,0,2.2,3.3,3.3,Football-Data.co.uk,2025-11-29,2025/26|2025-11-29|Tottenham|Fulham
2025/26,30/11/2025,Aston Villa,Wolves,1,0,H,0,0,D,16,9,6,4,7,3,13,21,0,4,0,0,1.5,4.33,6.5,Football-Data.co.uk,2025-11-30,2025/26|2025-11-30|Aston Villa|Wolves
2025/26,30/11/2025,Chelsea,Arsenal,1,1,D,0,0,D,11,8,4,4,3,3,12,13,1,6,1,0,3.4,3.3,2.2,Football-Data.co.uk,2025-11-30,2025/26|2025-11-30|Chelsea|Arsenal
2025/26,30/11/2025,Crystal Palace,Man United,1,2,A,1,0,H,14,14,3,6,4,4,14,14,3,2,0,0,2.3,3.4,3.1,Football-Data.co.uk,2025-11-30,2025/26|2025-11-30|Crystal Palace|Man United
2025/26,30/11/2025,Nott'm Forest,Brighton,0,2,A,0,1,A,19,17,3,6,9,2,11,10,0,1,0,0,2.75,3.3,2.63,Football-Data.co.uk,2025-11-30,2025/26|2025-11-30|Nott'm Forest|Brighton
2025/26,30/11/2025,West Ham,Liverpool,0,2,A,0,0,D,7,9,0,5,7,2,12,14,1,0,1,0,4.33,4.33,1.67,Football-Data.co.uk,2025-11-30,2025/26|2025-11-30|West Ham|Liverpool
2025/26,02/12/2025,Bournemouth,Everton,0,1,A,0,0,D,5,13,2,3,1,6,14,14,3,3,0,0,2.2,3.25,3.3,Football-Data.co.uk,2025-12-02,2025/26|2025-12-02|Bournemouth|Everton
2025/26,02/12/2025,Fulham,Man City,4,5,A,1,3,A,12,11,6,4,7,2,9,7,0,1,0,0,4.33,4.1,1.73,Football-Data.co.uk,2025-12-02,2025/26|2025-12-02|Fulham|Man City
2025/26,02/12/2025,Newcastle,Tottenham,2,2,D,0,0,D,19,8,7,2,11,8,5,12,0,3,0,0,1.83,3.8,4.1,Football-Data.co.uk,2025-12-02,2025/26|2025-12-02|Newcastle|Tottenham
2025/26,03/12/2025,Arsenal,Brentford,2,0,H,1,0,H,15,6,7,1,4,8,7,9,0,1,0,0,1.36,5.0,8.5,Football-Data.co.uk,2025-12-03,2025/26|2025-12-03|Arsenal|Brentford
2025/26,03/12/2025,Brighton,Aston Villa,3,4,A,2,2,D,16,14,7,10,5,6,10,9,2,2,0,0,2.15,3.5,3.4,Football-Data.co.uk,2025-12-03,2025/26|2025-12-03|Brighton|Aston Villa
2025/26,03/12/2025,Burnley,Crystal Palace,0,1,A,0,1,A,11,3,4,3,3,4,9,8,0,0,0,0,4.5,3.8,1.75,Football-Data.co.uk,2025-12-03,2025/26|2025-12-03|Burnley|Crystal Palace
2025/26,03/12/2025,Leeds,Chelsea,3,1,H,2,0,H,17,14,5,2,4,2,10,13,1,1,0,0,4.1,4.1,1.8,Football-Data.co.uk,2025-12-03,2025/26|2025-12-03|Leeds|Chelsea
2025/26,03/12/2025,Liverpool,Sunderland,1,1,D,0,0,D,23,9,4,6,7,3,10,5,1,1,0,0,1.36,5.25,7.0,Football-Data.co.uk,2025-12-03,2025/26|2025-12-03|Liverpool|Sunderland
2025/26,03/12/2025,Wolves,Nott'm Forest,0,1,A,0,0,D,5,10,1,3,3,9,19,11,2,2,0,0,3.25,3.4,2.25,Football-Data.co.uk,2025-12-03,2025/26|2025-12-03|Wolves|Nott'm Forest
2025/26,04/12/2025,Man United,West Ham,1,1,D,0,0,D,17,11,4,3,6,6,13,9,2,2,0,0,1.45,5.0,6.0,Football-Data.co.uk,2025-12-04,2025/26|2025-12-04|Man United|West Ham
2025/26,06/12/2025,Aston Villa,Arsenal,2,1,H,1,0,H,15,15,6,9,3,3,10,8,0,2,0,0,4.2,3.5,1.9,Football-Data.co.uk,2025-12-06,2025/26|2025-12-06|Aston Villa|Arsenal
2025/26,06/12/2025,Bournemouth,Chelsea,0,0,D,0,0,D,13,11,5,4,5,0,15,13,0,2,0,0,3.1,3.75,2.15,Football-Data.co.uk,2025-12-06,2025/26|2025-12-06|Bournemouth|Chelsea
2025/26,06/12/2025,Everton,Nott'm Forest,3,0,H,2,0,H,11,7,5,3,6,3,17,15,4,3,0,0,2.2,3.2,3.5,Football-Data.co.uk,2025-12-06,2025/26|2025-12-06|Everton|Nott'm Forest
2025/26,06/12/2025,Leeds,Liverpool,3,3,D,0,0,D,12,16,5,7,5,4,14,14,3,3,0,0,3.8,4.0,1.85,Football-Data.co.uk,2025-12-06,2025/26|2025-12-06|Leeds|Liverpool
2025/26,06/12/2025,Man City,Sunderland,3,0,H,2,0,H,18,8,6,1,6,5,9,10,1,0,0,1,1.25,6.5,10.0,Football-Data.co.uk,2025-12-06,2025/26|2025-12-06|Man City|Sunderland
2025/26,06/12/2025,Newcastle,Burnley,2,1,H,2,0,H,17,9,7,3,9,9,9,11,2,2,0,1,1.27,6.0,9.5,Football-Data.co.uk,2025-12-06,2025/26|2025-12-06|Newcastle|Burnley
2025/26,06/12/2025,Tottenham,Brentford,2,0,H,2,0,H,15,4,7,1,7,6,8,9,3,4,0,0,2.3,3.5,3.0,Football-Data.co.uk,2025-12-06,2025/26|2025-12-06|Tottenham|Brentford
2025/26,07/12/2025,Brighton,West Ham,1,1,D,0,0,D,22,14,4,5,10,6,12,8,2,2,0,0,1.55,4.33,5.75,Football-Data.co.uk,2025-12-07,2025/26|2025-12-07|Brighton|West Ham
2025/26,07/12/2025,Fulham,Crystal Palace,1,2,A,1,1,D,12,11,4,5,6,4,5,8,0,0,0,0,2.55,3.3,2.8,Football-Data.co.uk,2025-12-07,2025/26|2025-12-07|Fulham|Crystal Palace
2025/26,08/12/2025,Wolves,Man United,1,4,A,1,1,D,8,27,2,10,1,9,17,12,3,2,0,0,4.2,4.0,1.75,Football-Data.co.uk,2025-12-08,2025/26|2025-12-08|Wolves|Man United
2025/26,13/12/2025,Arsenal,Wolves,2,1,H,0,0,D,16,3,2,2,8,0,7,15,0,4,0,0,1.13,8.5,21.0,Football-Data.co.uk,2025-12-13,2025/26|2025-12-13|Arsenal|Wolves
2025/26,13/12/2025,Burnley,Fulham,2,3,A,1,2,A,16,6,8,4,10,4,8,8,1,2,0,0,4.0,3.5,1.91,Football-Data.co.uk,2025-12-13,2025/26|2025-12-13|Burnley|Fulham
2025/26,13/12/2025,Chelsea,Everton,2,0,H,2,0,H,17,11,5,2,4,7,13,11,1,0,0,0,1.67,3.8,5.25,Football-Data.co.uk,2025-12-13,2025/26|2025-12-13|Chelsea|Everton
2025/26,13/12/2025,Liverpool,Brighton,2,0,H,1,0,H,18,14,4,1,2,2,8,15,1,2,0,0,1.67,4.0,4.75,Football-Data.co.uk,2025-12-13,2025/26|2025-12-13|Liverpool|Brighton
2025/26,14/12/2025,Brentford,Leeds,1,1,D,0,0,D,7,18,2,4,0,3,8,9,0,0,0,0,1.91,3.6,4.0,Football-Data.co.uk,2025-12-14,2025/26|2025-12-14|Brentford|Leeds
2025/26,14/12/2025,Crystal Palace,Man City,0,3,A,0,1,A,16,7,4,6,2,2,9,6,2,0,0,0,3.9,3.9,1.85,Football-Data.co.uk,2025-12-14,2025/26|2025-12-14|Crystal Palace|Man City
2025/26,14/12/2025,Nott'm Forest,Tottenham,3,0,H,1,0,H,15,6,6,1,3,3,9,13,1,3,0,0,2.55,3.3,2.8,Football-Data.co.uk,2025-12-14,2025/26|2025-12-14|Nott'm Forest|Tottenham
2025/26,14/12/2025,Sunderland,Newcastle,1,0,H,0,0,D,5,6,1,2,3,6,10,10,5,4,0,0,3.3,3.3,2.25,Football-Data.co.uk,2025-12-14,2025/26|2025-12-14|Sunderland|Newcastle
2025/26,14/12/2025,West Ham,Aston Villa,2,3,A,2,1,H,10,7,3,4,5,3,18,13,1,2,0,0,3.75,3.5,2.0,Football-Data.co.uk,2025-12-14,2025/26|2025-12-14|West Ham|Aston Villa
2025/26,15/12/2025,Man United,Bournemouth,4,4,D,2,1,H,25,14,9,9,5,4,15,12,2,3,0,0,1.83,4.0,3.8,Football-Data.co.uk,2025-12-15,2025/26|2025-12-15|Man United|Bournemouth
2025/26,20/12/2025,Bournemouth,Burnley,1,1,D,0,0,D,16,4,1,1,5,3,11,11,1,1,0,0,1.48,4.33,6.5,Football-Data.co.uk,2025-12-20,2025/26|2025-12-20|Bournemouth|Burnley
2025/26,20/12/2025,Brighton,Sunderland,0,0,D,0,0,D,16,14,4,6,3,4,11,15,2,2,0,0,1.67,4.0,5.25,Football-Data.co.uk,2025-12-20,2025/26|2025-12-20|Brighton|Sunderland
2025/26,20/12/2025,Everton,Arsenal,0,1,A,0,1,A,5,13,1,2,2,3,4,5,2,2,0,0,5.75,4.1,1.57,Football-Data.co.uk,2025-12-20,2025/26|2025-12-20|Everton|Arsenal
2025/26,20/12/2025,Leeds,Crystal Palace,4,1,H,2,0,H,20,9,8,3,9,5,5,10,1,3,0,0,2.6,3.3,2.75,Football-Data.co.uk,2025-12-20,2025/26|2025-12-20|Leeds|Crystal Palace
2025/26,20/12/2025,Man City,West Ham,3,0,H,2,0,H,17,7,8,3,6,0,16,10,1,1,0,0,1.22,8.0,10.0,Football-Data.co.uk,2025-12-20,2025/26|2025-12-20|Man City|West Ham
2025/26,20/12/2025,Newcastle,Chelsea,2,2,D,2,0,H,11,13,5,4,6,4,13,14,3,6,0,0,2.75,3.6,2.45,Football-Data.co.uk,2025-12-20,2025/26|2025-12-20|Newcastle|Chelsea
2025/26,20/12/2025,Tottenham,Liverpool,1,2,A,0,0,D,15,8,4,4,2,6,9,7,3,3,2,0,3.5,3.75,2.0,Football-Data.co.uk,2025-12-20,2025/26|2025-12-20|Tottenham|Liverpool
2025/26,20/12/2025,Wolves,Brentford,0,2,A,0,0,D,9,7,2,6,3,4,12,15,2,4,0,0,3.5,3.6,2.05,Football-Data.co.uk,2025-12-20,2025/26|2025-12-20|Wolves|Brentford
2025/26,21/12/2025,Aston Villa,Man United,2,1,H,1,1,D,12,15,4,6,5,5,11,14,1,2,0,0,2.1,3.6,3.3,Football-Data.co.uk,2025-12-21,2025/26|2025-12-21|Aston Villa|Man United
2025/26,22/12/2025,Fulham,Nott'm Forest,1,0,H,1,0,H,11,12,1,2,1,5,5,9,5,4,0,0,2.4,3.25,3.0,Football-Data.co.uk,2025-12-22,2025/26|2025-12-22|Fulham|Nott'm Forest
2025/26,26/12/2025,Man United,Newcastle,1,0,H,1,0,H,10,16,4,3,2,11,9,5,2,1,0,0,2.55,3.6,2.6,Football-Data.co.uk,2025-12-26,2025/26|2025-12-26|Man United|Newcastle
2025/26,27/12/2025,Arsenal,Brighton,2,1,H,1,0,H,24,8,6,3,7,2,7,13,2,3,0,0,1.42,4.75,7.0,Football-Data.co.uk,2025-12-27,2025/26|2025-12-27|Arsenal|Brighton
2025/26,27/12/2025,Brentford,Bournemouth,4,1,H,2,0,H,15,20,7,10,2,15,9,8,2,2,0,0,2.25,3.6,3.0,Football-Data.co.uk,2025-12-27,2025/26|2025-12-27|Brentford|Bournemouth
2025/26,27/12/2025,Burnley,Everton,0,0,D,0,0,D,16,15,0,6,6,5,8,8,0,2,0,0,4.1,3.4,1.95,Football-Data.co.uk,2025-12-27,2025/26|2025-12-27|Burnley|Everton
2025/26,27/12/2025,Chelsea,Aston Villa,1,2,A,1,0,H,14,11,3,8,6,7,16,8,5,3,0,0,1.83,3.9,4.0,Football-Data.co.uk,2025-12-27,2025/26|2025-12-27|Chelsea|Aston Villa
2025/26,27/12/2025,Liverpool,Wolves,2,1,H,2,0,H,14,9,4,4,6,4,5,13,0,1,0,0,1.25,6.5,10.0,Football-Data.co.uk,2025-12-27,2025/26|2025-12-27|Liverpool|Wolves
2025/26,27/12/2025,Nott'm Forest,Man City,1,2,A,0,0,D,7,16,2,5,5,5,5,13,1,2,0,0,5.0,4.33,1.6,Football-Data.co.uk,2025-12-27,2025/26|2025-12-27|Nott'm Forest|Man City
2025/26,27/12/2025,West Ham,Fulham,0,1,A,0,0,D,11,15,2,4,5,4,8,8,1,3,0,0,2.63,3.4,2.6,Football-Data.co.uk,2025-12-27,2025/26|2025-12-27|West Ham|Fulham
2025/26,28/12/2025,Crystal Palace,Tottenham,0,1,A,0,1,A,15,8,2,4,3,2,7,5,3,2,0,0,2.25,3.25,3.2,Football-Data.co.uk,2025-12-28,2025/26|2025-12-28|Crystal Palace|Tottenham
2025/26,28/12/2025,Sunderland,Leeds,1,1,D,1,0,H,8,17,3,6,3,9,7,9,1,0,0,0,2.5,3.1,2.88,Football-Data.co.uk,2025-12-28,2025/26|2025-12-28|Sunderland|Leeds
2025/26,30/12/2025,Arsenal,Aston Villa,4,1,H,0,0,D,22,11,7,3,3,3,18,9,2,3,0,0,1.42,4.75,7.0,Football-Data.co.uk,2025-12-30,2025/26|2025-12-30|Arsenal|Aston Villa
2025/26,30/12/2025,Burnley,Newcastle,1,3,A,1,2,A,15,20,4,9,3,4,9,3,2,1,0,0,5.25,4.2,1.6,Football-Data.co.uk,2025-12-30,2025/26|2025-12-30|Burnley|Newcastle
2025/26,30/12/2025,Chelsea,Bournemouth,2,2,D,2,2,D,17,17,3,6,12,3,5,12,1,1,0,0,1.5,4.75,5.75,Football-Data.co.uk,2025-12-30,2025/26|2025-12-30|Chelsea|Bournemouth
2025/26,30/12/2025,Man United,Wolves,1,1,D,1,1,D,15,11,6,4,8,4,9,12,0,2,0,0,1.36,5.25,8.0,Football-Data.co.uk,2025-12-30,2025/26|2025-12-30|Man United|Wolves
2025/26,30/12/2025,Nott'm Forest,Everton,0,2,A,0,1,A,21,11,6,3,9,2,11,9,1,0,0,0,2.1,3.25,3.7,Football-Data.co.uk,2025-12-30,2025/26|2025-12-30|Nott'm Forest|Everton
2025/26,30/12/2025,West Ham,Brighton,2,2,D,2,1,H,10,16,4,6,5,5,11,18,3,5,0,0,3.4,3.75,2.0,Football-Data.co.uk,2025-12-30,2025/26|2025-12-30|West Ham|Brighton
2025/26,01/01/2026,Brentford,Tottenham,0,0,D,0,0,D,7,9,2,3,3,1,8,10,1,2,0,0,2.1,3.6,3.2,Football-Data.co.uk,2026-01-01,2025/26|2026-01-01|Brentford|Tottenham
2025/26,01/01/2026,Crystal Palace,Fulham,1,1,D,1,0,H,11,17,2,5,6,3,7,10,0,5,0,0,2.15,3.3,3.4,Football-Data.co.uk,2026-01-01,2025/26|2026-01-01|Crystal Palace|Fulham
2025/26,01/01/2026,Liverpool,Leeds,0,0,D,0,0,D,19,4,4,2,8,3,10,8,0,2,0,0,1.55,4.5,5.5,Football-Data.co.uk,2026-01-01,2025/26|2026-01-01|Liverpool|Leeds
2025/26,01/01/2026,Sunderland,Man City,0,0,D,0,0,D,10,14,4,4,3,5,9,6,1,1,0,0,7.5,4.75,1.38,Football-Data.co.uk,2026-01-01,2025/26|2026-01-01|Sunderland|Man City
2025/26,03/01/2026,Aston Villa,Nott'm Forest,3,1,H,1,0,H,11,10,4,5,4,4,10,20,1,2,0,0,1.75,3.9,4.5,Football-Data.co.uk,2026-01-03,2025/26|2026-01-03|Aston Villa|Nott'm Forest
2025/26,03/01/2026,Bournemouth,Arsenal,2,3,A,1,1,D,15,12,3,5,7,5,13,8,3,1,0,0,6.5,4.75,1.44,Football-Data.co.uk,2026-01-03,2025/26|2026-01-03|Bournemouth|Arsenal
2025/26,03/01/2026,Brighton,Burnley,2,0,H,1,0,H,15,5,4,3,4,4,7,17,0,4,0,0,1.48,4.33,7.0,Football-Data.co.uk,2026-01-03,2025/26|2026-01-03|Brighton|Burnley
2025/26,03/01/2026,Wolves,West Ham,3,0,H,3,0,H,11,6,8,0,6,7,11,10,1,0,0,0,2.5,3.3,2.88,Football-Data.co.uk,2026-01-03,2025/26|2026-01-03|Wolves|West Ham
2025/26,04/01/2026,Everton,Brentford,2,4,A,0,1,A,14,11,6,7,4,5,9,8,0,2,0,0,2.35,3.25,3.1,Football-Data.co.uk,2026-01-04,2025/26|2026-01-04|Everton|Brentford
2025/26,04/01/2026,Fulham,Liverpool,2,2,D,1,0,H,8,10,2,2,3,8,11,4,1,1,0,0,3.8,3.75,1.91,Football-Data.co.uk,2026-01-04,2025/26|2026-01-04|Fulham|Liverpool
2025/26,04/01/2026,Leeds,Man United,1,1,D,0,0,D,11,15,3,2,6,4,9,9,0,1,0,0,2.7,3.3,2.63,Football-Data.co.uk,2026-01-04,2025/26|2026-01-04|Leeds|Man United
2025/26,04/01/2026,Man City,Chelsea,1,1,D,1,0,H,14,8,3,3,8,2,12,14,3,3,0,0,1.6,4.75,4.5,Football-Data.co.uk,2026-01-04,2025/26|2026-01-04|Man City|Chelsea
2025/26,04/01/2026,Newcastle,Crystal Palace,2,0,H,0,0,D,12,11,7,1,8,6,5,12,1,3,0,0,1.7,3.9,4.75,Football-Data.co.uk,2026-01-04,2025/26|2026-01-04|Newcastle|Crystal Palace
2025/26,04/01/2026,Tottenham,Sunderland,1,1,D,1,0,H,13,10,5,3,3,5,10,6,2,3,0,0,1.8,3.6,4.5,Football-Data.co.uk,2026-01-04,2025/26|2026-01-04|Tottenham|Sunderland
2025/26,06/01/2026,West Ham,Nott'm Forest,1,2,A,1,0,H,14,13,3,5,6,5,15,9,3,0,0,0,2.88,3.25,2.2,Football-Data.co.uk,2026-01-06,2025/26|2026-01-06|West Ham|Nott'm Forest
2025/26,07/01/2026,Bournemouth,Tottenham,3,2,H,2,1,H,11,16,3,4,3,7,19,10,3,3,0,0,2.1,3.6,3.3,Football-Data.co.uk,2026-01-07,2025/26|2026-01-07|Bournemouth|Tottenham
2025/26,07/01/2026,Brentford,Sunderland,3,0,H,1,0,H,18,11,6,3,7,4,13,13,2,1,0,0,1.85,3.5,4.33,Football-Data.co.uk,2026-01-07,2025/26|2026-01-07|Brentford|Sunderland
2025/26,07/01/2026,Burnley,Man United,2,2,D,1,0,H,7,30,1,10,2,6,9,8,2,0,0,0,4.75,4.0,1.7,Football-Data.co.uk,2026-01-07,2025/26|2026-01-07|Burnley|Man United
2025/26,07/01/2026,Crystal Palace,Aston Villa,0,0,D,0,0,D,11,15,5,3,3,5,8,3,2,0,0,0,3.1,3.3,2.3,Football-Data.co.uk,2026-01-07,2025/26|2026-01-07|Crystal Palace|Aston Villa
2025/26,07/01/2026,Everton,Wolves,1,1,D,1,0,H,13,13,2,4,2,7,13,15,1,3,2,0,1.75,3.5,5.0,Football-Data.co.uk,2026-01-07,2025/26|2026-01-07|Everton|Wolves
2025/26,07/01/2026,Fulham,Chelsea,2,1,H,0,0,D,16,14,5,6,2,11,11,6,3,3,0,1,3.4,3.6,2.05,Football-Data.co.uk,2026-01-07,2025/26|2026-01-07|Fulham|Chelsea
2025/26,07/01/2026,Man City,Brighton,1,1,D,1,0,H,22,6,6,3,6,2,6,16,1,6,0,0,1.4,5.25,6.5,Football-Data.co.uk,2026-01-07,2025/26|2026-01-07|Man City|Brighton
2025/26,07/01/2026,Newcastle,Leeds,4,3,H,1,2,A,18,14,8,6,8,4,11,10,3,2,0,0,1.67,3.8,5.0,Football-Data.co.uk,2026-01-07,2025/26|2026-01-07|Newcastle|Leeds
2025/26,08/01/2026,Arsenal,Liverpool,0,0,D,0,0,D,9,8,4,0,3,0,10,9,2,2,0,0,1.6,4.1,5.0,Football-Data.co.uk,2026-01-08,2025/26|2026-01-08|Arsenal|Liverpool
2025/26,17/01/2026,Chelsea,Brentford,2,0,H,1,0,H,6,15,2,5,3,9,7,10,3,2,0,0,1.73,4.0,4.75,Football-Data.co.uk,2026-01-17,2025/26|2026-01-17|Chelsea|Brentford
2025/26,17/01/2026,Leeds,Fulham,1,0,H,0,0,D,14,8,5,1,7,3,6,11,1,5,0,0,2.15,3.3,3.5,Football-Data.co.uk,2026-01-17,2025/26|2026-01-17|Leeds|Fulham
2025/26,17/01/2026,Liverpool,Burnley,1,1,D,1,0,H,32,7,11,1,9,1,8,10,1,2,0,0,1.22,6.5,11.0,Football-Data.co.uk,2026-01-17,2025/26|2026-01-17|Liverpool|Burnley
2025/26,17/01/2026,Man United,Man City,2,0,H,0,0,D,11,7,7,1,1,6,13,8,2,3,0,0,3.7,3.8,1.91,Football-Data.co.uk,2026-01-17,2025/26|2026-01-17|Man United|Man City
2025/26,17/01/2026,Nott'm Forest,Arsenal,0,0,D,0,0,D,6,15,0,3,4,9,8,14,1,1,0,0,6.0,4.33,1.53,Football-Data.co.uk,2026-01-17,2025/26|2026-01-17|Nott'm Forest|Arsenal
2025/26,17/01/2026,Sunderland,Crystal Palace,2,1,H,1,1,D,13,6,7,2,3,4,8,15,3,3,0,0,2.75,3.1,2.75,Football-Data.co.uk,2026-01-17,2025/26|2026-01-17|Sunderland|Crystal Palace
2025/26,17/01/2026,Tottenham,West Ham,1,2,A,0,1,A,21,17,6,4,11,5,12,17,5,3,0,0,1.73,4.0,4.5,Football-Data.co.uk,2026-01-17,2025/26|2026-01-17|Tottenham|West Ham
2025/26,18/01/2026,Aston Villa,Everton,0,1,A,0,0,D,18,9,5,3,6,4,15,13,1,2,0,0,1.67,3.9,5.25,Football-Data.co.uk,2026-01-18,2025/26|2026-01-18|Aston Villa|Everton
2025/26,18/01/2026,Wolves,Newcastle,0,0,D,0,0,D,6,12,2,2,4,7,14,8,2,2,0,0,4.75,4.0,1.7,Football-Data.co.uk,2026-01-18,2025/26|2026-01-18|Wolves|Newcastle
2025/26,19/01/2026,Brighton,Bournemouth,1,1,D,0,1,A,17,11,5,2,11,6,7,6,2,3,0,0,1.85,3.9,3.8,Football-Data.co.uk,2026-01-19,2025/26|2026-01-19|Brighton|Bournemouth
2025/26,24/01/2026,Bournemouth,Liverpool,3,2,H,2,1,H,12,14,5,4,3,11,7,7,1,1,0,0,3.75,3.8,1.9,Football-Data.co.uk,2026-01-24,2025/26|2026-01-24|Bournemouth|Liverpool
2025/26,24/01/2026,Burnley,Tottenham,2,2,D,1,1,D,9,18,4,11,1,3,8,9,1,0,0,0,3.7,3.5,2.05,Football-Data.co.uk,2026-01-24,2025/26|2026-01-24|Burnley|Tottenham
2025/26,24/01/2026,Fulham,Brighton,2,1,H,0,1,A,12,13,4,5,6,6,10,6,1,1,0,0,2.6,3.4,2.7,Football-Data.co.uk,2026-01-24,2025/26|2026-01-24|Fulham|Brighton
2025/26,24/01/2026,Man City,Wolves,2,0,H,2,0,H,11,11,4,1,4,6,16,14,1,3,0,0,1.2,7.0,11.0,Football-Data.co.uk,2026-01-24,2025/26|2026-01-24|Man City|Wolves
2025/26,24/01/2026,West Ham,Sunderland,3,1,H,3,0,H,13,7,5,2,3,3,9,16,2,4,0,0,2.5,3.2,2.88,Football-Data.co.uk,2026-01-24,2025/26|2026-01-24|West Ham|Sunderland
2025/26,25/01/2026,Arsenal,Man United,2,3,A,1,1,D,15,10,4,3,9,2,11,9,2,0,0,0,1.55,4.2,6.0,Football-Data.co.uk,2026-01-25,2025/26|2026-01-25|Arsenal|Man United
2025/26,25/01/2026,Brentford,Nott'm Forest,0,2,A,0,1,A,10,7,1,2,6,5,11,10,1,0,0,0,1.91,3.5,4.1,Football-Data.co.uk,2026-01-25,2025/26|2026-01-25|Brentford|Nott'm Forest
2025/26,25/01/2026,Crystal Palace,Chelsea,1,3,A,0,1,A,13,10,7,6,4,5,11,10,2,2,1,0,3.5,3.8,2.0,Football-Data.co.uk,2026-01-25,2025/26|2026-01-25|Crystal Palace|Chelsea
2025/26,25/01/2026,Newcastle,Aston Villa,0,2,A,0,1,A,15,14,4,8,6,5,7,12,1,2,0,0,1.95,3.7,3.7,Football-Data.co.uk,2026-01-25,2025/26|2026-01-25|Newcastle|Aston Villa
2025/26,26/01/2026,Everton,Leeds,1,1,D,0,1,A,10,14,3,4,4,4,9,13,0,3,0,0,2.5,3.25,2.9,Football-Data.co.uk,2026-01-26,2025/26|2026-01-26|Everton|Leeds
2025/26,31/01/2026,Brighton,Everton,1,1,D,0,0,D,11,7,2,4,5,2,13,14,1,2,0,0,1.85,3.6,4.1,Football-Data.co.uk,2026-01-31,2025/26|2026-01-31|Brighton|Everton
2025/26,31/01/2026,Chelsea,West Ham,3,2,H,0,2,A,14,11,6,6,9,3,11,13,3,2,0,1,1.5,4.5,6.0,Football-Data.co.uk,2026-01-31,2025/26|2026-01-31|Chelsea|West Ham
2025/26,31/01/2026,Leeds,Arsenal,0,4,A,0,2,A,3,14,1,8,4,12,10,7,1,1,0,0,5.75,4.2,1.55,Football-Data.co.uk,2026-01-31,2025/26|2026-01-31|Leeds|Arsenal
2025/26,31/01/2026,Liverpool,Newcastle,4,1,H,2,1,H,17,8,7,2,7,11,11,7,1,3,0,0,1.8,3.9,4.1,Football-Data.co.uk,2026-01-31,2025/26|2026-01-31|Liverpool|Newcastle
2025/26,31/01/2026,Wolves,Bournemouth,0,2,A,0,1,A,17,9,7,4,5,6,11,15,3,3,0,0,2.9,3.5,2.3,Football-Data.co.uk,2026-01-31,2025/26|2026-01-31|Wolves|Bournemouth
2025/26,01/02/2026,Aston Villa,Brentford,0,1,A,0,1,A,27,6,5,2,12,1,8,8,0,3,0,0,2.1,3.5,3.4,Football-Data.co.uk,2026-02-01,2025/26|2026-02-01|Aston Villa|Brentford
2025/26,01/02/2026,Man United,Fulham,3,2,H,1,0,H,13,14,6,6,3,7,6,9,2,1,0,0,1.57,4.5,5.0,Football-Data.co.uk,2026-02-01,2025/26|2026-02-01|Man United|Fulham
2025/26,01/02/2026,Nott'm Forest,Crystal Palace,1,1,D,1,1,D,9,14,1,3,5,7,4,12,1,3,0,0,1.95,3.5,3.9,Football-Data.co.uk,2026-02-01,2025/26|2026-02-01|Nott'm Forest|Crystal Palace
2025/26,01/02/2026,Tottenham,Man City,2,2,D,0,2,A,12,15,6,3,3,4,15,12,3,3,0,0,4.5,4.1,1.73,Football-Data.co.uk,2026-02-01,2025/26|2026-02-01|Tottenham|Man City
2025/26,02/02/2026,Sunderland,Burnley,3,0,H,2,0,H,14,5,5,0,1,2,12,10,1,4,0,0,1.8,3.5,4.75,Football-Data.co.uk,2026-02-02,2025/26|2026-02-02|Sunderland|Burnley
2025/26,06/02/2026,Leeds,Nott'm Forest,3,1,H,2,0,H,14,16,5,6,5,10,9,12,1,1,0,0,2.2,3.3,3.4,Football-Data.co.uk,2026-02-06,2025/26|2026-02-06|Leeds|Nott'm Forest
2025/26,07/02/2026,Arsenal,Sunderland,3,0,H,1,0,H,16,5,5,3,5,2,11,8,1,2,0,0,1.22,6.25,12.0,Football-Data.co.uk,2026-02-07,2025/26|2026-02-07|Arsenal|Sunderland
2025/26,07/02/2026,Bournemouth,Aston Villa,1,1,D,0,1,A,20,7,9,4,11,4,4,11,1,1,0,0,2.7,3.5,2.5,Football-Data.co.uk,2026-02-07,2025/26|2026-02-07|Bournemouth|Aston Villa
2025/26,07/02/2026,Burnley,West Ham,0,2,A,0,2,A,18,6,5,4,5,2,11,10,3,1,0,0,3.3,3.5,2.15,Football-Data.co.uk,2026-02-07,2025/26|2026-02-07|Burnley|West Ham
2025/26,07/02/2026,Fulham,Everton,1,2,A,1,0,H,13,16,3,3,6,6,11,12,1,5,0,0,2.1,3.25,3.75,Football-Data.co.uk,2026-02-07,2025/26|2026-02-07|Fulham|Everton
2025/26,07/02/2026,Man United,Tottenham,2,0,H,1,0,H,23,7,10,1,7,0,12,11,1,2,0,1,1.57,4.5,5.0,Football-Data.co.uk,2026-02-07,2025/26|2026-02-07|Man United|Tottenham
2025/26,07/02/2026,Newcastle,Brentford,2,3,A,1,2,A,16,11,4,5,9,3,14,18,2,2,0,0,2.1,3.5,3.5,Football-Data.co.uk,2026-02-07,2025/26|2026-02-07|Newcastle|Brentford
2025/26,07/02/2026,Wolves,Chelsea,1,3,A,0,3,A,11,15,3,6,3,4,9,10,1,1,0,0,5.0,4.0,1.67,Football-Data.co.uk,2026-02-07,2025/26|2026-02-07|Wolves|Chelsea
2025/26,08/02/2026,Brighton,Crystal Palace,0,1,A,0,0,D,7,7,2,4,3,4,12,9,1,3,0,0,1.95,3.5,3.9,Football-Data.co.uk,2026-02-08,2025/26|2026-02-08|Brighton|Crystal Palace
2025/26,08/02/2026,Liverpool,Man City,1,2,A,0,0,D,15,17,4,7,5,4,13,16,2,4,1,0,2.38,3.7,2.75,Football-Data.co.uk,2026-02-08,2025/26|2026-02-08|Liverpool|Man City
2025/26,10/02/2026,Chelsea,Leeds,2,2,D,1,0,H,19,4,4,2,4,1,9,13,4,4,0,0,1.55,4.33,5.5,Football-Data.co.uk,2026-02-10,2025/26|2026-02-10|Chelsea|Leeds
2025/26,10/02/2026,Everton,Bournemouth,1,2,A,1,0,H,16,11,6,4,7,2,14,15,1,3,1,0,2.38,3.4,3.0,Football-Data.co.uk,2026-02-10,2025/26|2026-02-10|Everton|Bournemouth
2025/26,10/02/2026,Tottenham,Newcastle,1,2,A,0,1,A,16,21,2,5,2,12,15,11,3,2,0,0,3.2,3.6,2.2,Football-Data.co.uk,2026-02-10,2025/26|2026-02-10|Tottenham|Newcastle
2025/26,10/02/2026,West Ham,Man United,1,1,D,0,0,D,7,9,3,3,5,3,10,4,1,1,0,0,4.5,4.2,1.7,Football-Data.co.uk,2026-02-10,2025/26|2026-02-10|West Ham|Man United
2025/26,11/02/2026,Aston Villa,Brighton,1,0,H,0,0,D,15,9,1,3,7,5,9,15,2,3,0,0,1.91,3.7,3.8,Football-Data.co.uk,2026-02-11,2025/26|2026-02-11|Aston Villa|Brighton
2025/26,11/02/2026,Crystal Palace,Burnley,2,3,A,2,3,A,21,8,3,3,8,2,11,8,2,1,0,0,1.57,4.0,6.25,Football-Data.co.uk,2026-02-11,2025/26|2026-02-11|Crystal Palace|Burnley
2025/26,11/02/2026,Man City,Fulham,3,0,H,3,0,H,13,14,5,3,4,4,8,10,3,1,0,0,1.36,5.5,7.0,Football-Data.co.uk,2026-02-11,2025/26|2026-02-11|Man City|Fulham
2025/26,11/02/2026,Nott'm Forest,Wolves,0,0,D,0,0,D,35,7,10,3,8,2,12,13,0,2,0,0,1.7,3.8,5.0,Football-Data.co.uk,2026-02-11,2025/26|2026-02-11|Nott'm Forest|Wolves
2025/26,11/02/2026,Sunderland,Liverpool,0,1,A,0,0,D,11,23,2,3,3,11,8,10,1,0,0,0,4.75,3.8,1.73,Football-Data.co.uk,2026-02-11,2025/26|2026-02-11|Sunderland|Liverpool
2025/26,12/02/2026,Brentford,Arsenal,1,1,D,0,0,D,12,7,3,2,6,4,12,11,3,2,0,0,4.75,3.9,1.7,Football-Data.co.uk,2026-02-12,2025/26|2026-02-12|Brentford|Arsenal
2025/26,18/02/2026,Wolves,Arsenal,2,2,D,0,1,A,5,10,2,4,1,3,6,8,2,1,0,0,11.0,5.25,1.29,Football-Data.co.uk,2026-02-18,2025/26|2026-02-18|Wolves|Arsenal
2025/26,21/02/2026,Aston Villa,Leeds,1,1,D,0,1,A,16,14,4,4,7,2,11,16,1,4,0,0,1.85,3.6,4.33,Football-Data.co.uk,2026-02-21,2025/26|2026-02-21|Aston Villa|Leeds
2025/26,21/02/2026,Brentford,Brighton,0,2,A,0,2,A,13,11,3,7,6,4,9,14,1,2,0,0,2.0,3.7,3.5,Football-Data.co.uk,2026-02-21,2025/26|2026-02-21|Brentford|Brighton
2025/26,21/02/2026,Chelsea,Burnley,1,1,D,1,0,H,12,12,2,4,9,5,13,11,2,2,1,0,1.22,6.5,12.0,Football-Data.co.uk,2026-02-21,2025/26|2026-02-21|Chelsea|Burnley
2025/26,21/02/2026,Man City,Newcastle,2,1,H,2,1,H,15,13,7,7,5,5,12,13,2,5,0,0,1.45,5.0,5.5,Football-Data.co.uk,2026-02-21,2025/26|2026-02-21|Man City|Newcastle
2025/26,21/02/2026,West Ham,Bournemouth,0,0,D,0,0,D,20,10,3,5,9,5,10,11,1,1,0,0,2.5,3.7,2.63,Football-Data.co.uk,2026-02-21,2025/26|2026-02-21|West Ham|Bournemouth
2025/26,22/02/2026,Crystal Palace,Wolves,1,0,H,0,0,D,14,12,3,7,7,3,19,13,5,1,0,1,1.65,4.0,5.0,Football-Data.co.uk,2026-02-22,2025/26|2026-02-22|Crystal Palace|Wolves
2025/26,22/02/2026,Nott'm Forest,Liverpool,0,1,A,0,0,D,18,10,2,4,7,2,13,9,2,0,0,0,4.1,3.9,1.8,Football-Data.co.uk,2026-02-22,2025/26|2026-02-22|Nott'm Forest|Liverpool
2025/26,22/02/2026,Sunderland,Fulham,1,3,A,0,0,D,12,12,2,4,6,4,6,13,1,1,0,0,2.7,3.25,2.7,Football-Data.co.uk,2026-02-22,2025/26|2026-02-22|Sunderland|Fulham
2025/26,22/02/2026,Tottenham,Arsenal,1,4,A,1,1,D,6,20,5,7,2,5,17,11,2,1,0,0,6.0,4.0,1.57,Football-Data.co.uk,2026-02-22,2025/26|2026-02-22|Tottenham|Arsenal
2025/26,23/02/2026,Everton,Man United,0,1,A,0,0,D,12,11,4,3,10,1,12,7,2,3,0,0,3.7,3.75,1.91,Football-Data.co.uk,2026-02-23,2025/26|2026-02-23|Everton|Man United
2025/26,27/02/2026,Wolves,Aston Villa,2,0,H,0,0,D,9,14,2,5,0,5,13,19,3,3,0,0,4.1,3.7,1.85,Football-Data.co.uk,2026-02-27,2025/26|2026-02-27|Wolves|Aston Villa
2025/26,28/02/2026,Bournemouth,Sunderland,1,1,D,0,1,A,21,8,5,4,7,3,15,12,4,2,0,0,1.8,3.75,4.33,Football-Data.co.uk,2026-02-28,2025/26|2026-02-28|Bournemouth|Sunderland
2025/26,28/02/2026,Burnley,Brentford,3,4,A,1,3,A,12,16,3,7,4,8,9,9,2,2,0,0,4.5,3.9,1.73,Football-Data.co.uk,2026-02-28,2025/26|2026-02-28|Burnley|Brentford
2025/26,28/02/2026,Leeds,Man City,0,1,A,0,1,A,14,14,2,5,5,3,10,8,0,3,0,0,4.75,4.33,1.62,Football-Data.co.uk,2026-02-28,2025/26|2026-02-28|Leeds|Man City
2025/26,28/02/2026,Liverpool,West Ham,5,2,H,3,0,H,18,11,7,4,10,5,12,11,2,2,0,0,1.42,4.75,6.5,Football-Data.co.uk,2026-02-28,2025/26|2026-02-28|Liverpool|West Ham
2025/26,28/02/2026,Newcastle,Everton,2,3,A,1,2,A,17,9,7,5,7,2,15,7,2,3,0,0,1.7,4.0,4.75,Football-Data.co.uk,2026-02-28,2025/26|2026-02-28|Newcastle|Everton
2025/26,01/03/2026,Arsenal,Chelsea,2,1,H,1,1,D,12,9,5,3,5,10,11,14,1,3,0,1,1.6,3.8,5.5,Football-Data.co.uk,2026-03-01,2025/26|2026-03-01|Arsenal|Chelsea
2025/26,01/03/2026,Brighton,Nott'm Forest,2,1,H,2,1,H,14,13,7,4,4,4,12,13,3,1,0,0,2.0,3.6,3.5,Football-Data.co.uk,2026-03-01,2025/26|2026-03-01|Brighton|Nott'm Forest
2025/26,01/03/2026,Fulham,Tottenham,2,1,H,2,0,H,18,13,4,1,5,8,11,14,3,3,0,0,2.1,3.6,3.3,Football-Data.co.uk,2026-03-01,2025/26|2026-03-01|Fulham|Tottenham
2025/26,01/03/2026,Man United,Crystal Palace,2,1,H,0,1,A,20,8,11,3,7,1,13,12,2,2,0,1,1.53,4.5,5.5,Football-Data.co.uk,2026-03-01,2025/26|2026-03-01|Man United|Crystal Palace
2025/26,03/03/2026,Bournemouth,Brentford,0,0,D,0,0,D,13,5,2,2,4,3,9,10,2,1,0,0,2.5,3.6,2.63,Football-Data.co.uk,2026-03-03,2025/26|2026-03-03|Bournemouth|Brentford
2025/26,03/03/2026,Everton,Burnley,2,0,H,1,0,H,14,5,5,2,6,3,10,12,0,1,0,0,1.57,4.0,6.0,Football-Data.co.uk,2026-03-03,2025/26|2026-03-03|Everton|Burnley
2025/26,03/03/2026,Leeds,Sunderland,0,1,A,0,0,D,18,3,4,1,9,2,15,19,1,3,0,0,1.85,3.4,4.33,Football-Data.co.uk,2026-03-03,2025/26|2026-03-03|Leeds|Sunderland
2025/26,03/03/2026,Wolves,Liverpool,2,1,H,0,0,D,4,19,3,7,2,11,10,13,2,1,0,0,5.5,4.5,1.5,Football-Data.co.uk,2026-03-03,2025/26|2026-03-03|Wolves|Liverpool
2025/26,04/03/2026,Aston Villa,Chelsea,1,4,A,1,2,A,9,15,4,8,3,8,10,9,3,2,0,0,2.7,3.4,2.55,Football-Data.co.uk,2026-03-04,2025/26|2026-03-04|Aston Villa|Chelsea
2025/26,04/03/2026,Brighton,Arsenal,0,1,A,0,1,A,11,7,3,2,4,3,14,12,4,1,0,0,4.75,4.1,1.65,Football-Data.co.uk,2026-03-04,2025/26|2026-03-04|Brighton|Arsenal
2025/26,04/03/2026,Fulham,West Ham,0,1,A,0,0,D,13,9,5,3,7,5,14,12,2,4,0,0,2.0,3.5,3.7,Football-Data.co.uk,2026-03-04,2025/26|2026-03-04|Fulham|West Ham
2025/26,04/03/2026,Man City,Nott'm Forest,2,2,D,1,0,H,21,9,7,4,6,1,10,6,0,4,0,0,1.38,5.0,7.5,Football-Data.co.uk,2026-03-04,2025/26|2026-03-04|Man City|Nott'm Forest
2025/26,04/03/2026,Newcastle,Man United,2,1,H,1,1,D,12,14,5,5,2,4,15,16,2,3,1,0,2.63,3.5,2.6,Football-Data.co.uk,2026-03-04,2025/26|2026-03-04|Newcastle|Man United
2025/26,05/03/2026,Tottenham,Crystal Palace,1,3,A,1,3,A,12,9,4,4,6,3,14,14,3,2,0,0,2.35,3.25,3.1,Football-Data.co.uk,2026-03-05,2025/26|2026-03-05|Tottenham|Crystal Palace
2025/26,14/03/2026,Arsenal,Everton,2,0,H,0,0,D,25,9,7,3,8,3,11,12,0,0,0,0,1.38,4.75,8.5,Football-Data.co.uk,2026-03-14,2025/26|2026-03-14|Arsenal|Everton
2025/26,14/03/2026,Burnley,Bournemouth,0,0,D,0,0,D,15,22,2,3,5,8,11,5,1,0,0,0,4.1,3.8,1.83,Football-Data.co.uk,2026-03-14,2025/26|2026-03-14|Burnley|Bournemouth
2025/26,14/03/2026,Chelsea,Newcastle,0,1,A,0,1,A,22,7,3,5,8,1,9,10,2,2,0,0,1.8,4.2,3.8,Football-Data.co.uk,2026-03-14,2025/26|2026-03-14|Chelsea|Newcastle
2025/26,14/03/2026,Sunderland,Brighton,0,1,A,0,0,D,14,12,4,4,7,3,7,12,1,2,0,0,3.3,3.3,2.25,Football-Data.co.uk,2026-03-14,2025/26|2026-03-14|Sunderland|Brighton
2025/26,14/03/2026,West Ham,Man City,1,1,D,1,1,D,1,24,1,6,1,15,14,5,2,2,0,0,4.33,4.33,1.7,Football-Data.co.uk,2026-03-14,2025/26|2026-03-14|West Ham|Man City
2025/26,15/03/2026,Crystal Palace,Leeds,0,0,D,0,0,D,12,10,0,3,8,3,12,11,2,1,0,1,2.55,3.3,2.88,Football-Data.co.uk,2026-03-15,2025/26|2026-03-15|Crystal Palace|Leeds
2025/26,15/03/2026,Liverpool,Tottenham,1,1,D,1,0,H,17,13,4,7,3,4,8,13,0,0,0,0,1.3,6.25,8.0,Football-Data.co.uk,2026-03-15,2025/26|2026-03-15|Liverpool|Tottenham
2025/26,15/03/2026,Man United,Aston Villa,3,1,H,0,0,D,16,9,6,2,6,6,10,5,3,2,0,0,1.73,4.0,4.5,Football-Data.co.uk,2026-03-15,2025/26|2026-03-15|Man United|Aston Villa
2025/26,15/03/2026,Nott'm Forest,Fulham,0,0,D,0,0,D,11,5,2,0,5,4,8,10,2,3,0,0,2.2,3.4,3.3,Football-Data.co.uk,2026-03-15,2025/26|2026-03-15|Nott'm Forest|Fulham
2025/26,16/03/2026,Brentford,Wolves,2,2,D,2,1,H,10,13,3,4,1,5,12,10,2,4,0,0,1.55,4.2,5.75,Football-Data.co.uk,2026-03-16,2025/26|2026-03-16|Brentford|Wolves
2025/26,20/03/2026,Bournemouth,Man United,2,2,D,0,0,D,16,14,5,5,6,8,10,9,2,2,0,1,3.2,3.8,2.1,Football-Data.co.uk,2026-03-20,2025/26|2026-03-20|Bournemouth|Man United
2025/26,21/03/2026,Brighton,Liverpool,2,1,H,1,1,D,16,12,7,5,4,8,11,11,5,5,0,0,3.1,3.5,2.2,Football-Data.co.uk,2026-03-21,2025/26|2026-03-21|Brighton|Liverpool
2025/26,21/03/2026,Everton,Chelsea,3,0,H,1,0,H,10,12,9,4,3,9,6,7,0,2,0,0,3.5,3.4,2.1,Football-Data.co.uk,2026-03-21,2025/26|2026-03-21|Everton|Chelsea
2025/26,21/03/2026,Fulham,Burnley,3,1,H,0,0,D,22,9,6,5,6,6,6,9,2,2,0,1,1.53,4.1,6.25,Football-Data.co.uk,2026-03-21,2025/26|2026-03-21|Fulham|Burnley
2025/26,21/03/2026,Leeds,Brentford,0,0,D,0,0,D,14,6,4,2,6,2,6,9,2,0,0,0,2.45,3.5,2.88,Football-Data.co.uk,2026-03-21,2025/26|2026-03-21|Leeds|Brentford
2025/26,22/03/2026,Aston Villa,West Ham,2,0,H,1,0,H,23,9,7,1,6,6,3,7,0,1,0,0,1.95,3.6,3.8,Football-Data.co.uk,2026-03-22,2025/26|2026-03-22|Aston Villa|West Ham
2025/26,22/03/2026,Newcastle,Sunderland,1,2,A,1,0,H,16,17,4,7,9,5,8,19,1,6,0,0,1.67,4.0,5.0,Football-Data.co.uk,2026-03-22,2025/26|2026-03-22|Newcastle|Sunderland
2025/26,22/03/2026,Tottenham,Nott'm Forest,0,3,A,0,1,A,14,8,3,7,13,3,13,13,1,2,0,0,2.25,3.4,3.2,Football-Data.co.uk,2026-03-22,2025/26|2026-03-22|Tottenham|Nott'm Forest
2025/26,10/04/2026,West Ham,Wolves,4,0,H,1,0,H,18,14,7,3,5,2,11,7,2,2,0,0,1.8,3.8,4.33,Football-Data.co.uk,2026-04-10,2025/26|2026-04-10|West Ham|Wolves
2025/26,11/04/2026,Arsenal,Bournemouth,1,2,A,1,1,D,15,8,3,3,10,1,12,18,1,3,0,0,1.44,4.5,7.5,Football-Data.co.uk,2026-04-11,2025/26|2026-04-11|Arsenal|Bournemouth
2025/26,11/04/2026,Brentford,Everton,2,2,D,1,1,D,17,14,4,7,2,3,6,7,0,2,0,0,2.15,3.3,3.5,Football-Data.co.uk,2026-04-11,2025/26|2026-04-11|Brentford|Everton
2025/26,11/04/2026,Burnley,Brighton,0,2,A,0,1,A,10,13,5,6,8,2,7,11,2,1,0,0,4.5,4.0,1.73,Football-Data.co.uk,2026-04-11,2025/26|2026-04-11|Burnley|Brighton
2025/26,11/04/2026,Liverpool,Fulham,2,0,H,2,0,H,18,19,5,4,6,9,10,4,0,0,0,0,1.65,4.2,4.75,Football-Data.co.uk,2026-04-11,2025/26|2026-04-11|Liverpool|Fulham
2025/26,12/04/2026,Chelsea,Man City,0,3,A,0,0,D,12,18,3,8,4,12,10,14,3,1,0,0,3.1,3.8,2.15,Football-Data.co.uk,2026-04-12,2025/26|2026-04-12|Chelsea|Man City
2025/26,12/04/2026,Crystal Palace,Newcastle,2,1,H,0,1,A,11,7,5,3,2,4,17,12,0,3,0,0,3.0,3.6,2.2,Football-Data.co.uk,2026-04-12,2025/26|2026-04-12|Crystal Palace|Newcastle
2025/26,12/04/2026,Nott'm Forest,Aston Villa,1,1,D,1,1,D,15,12,4,5,7,3,15,10,2,2,0,0,2.63,3.3,2.7,Football-Data.co.uk,2026-04-12,2025/26|2026-04-12|Nott'm Forest|Aston Villa
2025/26,12/04/2026,Sunderland,Tottenham,1,0,H,0,0,D,13,11,2,7,2,6,14,15,3,3,0,0,2.7,3.2,2.7,Football-Data.co.uk,2026-04-12,2025/26|2026-04-12|Sunderland|Tottenham
2025/26,13/04/2026,Man United,Leeds,1,2,A,0,2,A,20,15,9,6,11,4,12,15,3,2,1,0,1.62,4.1,5.0,Football-Data.co.uk,2026-04-13,2025/26|2026-04-13|Man United|Leeds
2025/26,18/04/2026,Brentford,Fulham,0,0,D,0,0,D,13,11,4,0,9,3,8,13,0,1,0,0,2.1,3.75,3.25,Football-Data.co.uk,2026-04-18,2025/26|2026-04-18|Brentford|Fulham
2025/26,18/04/2026,Chelsea,Man United,0,1,A,0,1,A,21,4,3,1,7,1,12,13,1,3,0,0,2.2,3.5,3.2,Football-Data.co.uk,2026-04-18,2025/26|2026-04-18|Chelsea|Man United
2025/26,18/04/2026,Leeds,Wolves,3,0,H,2,0,H,17,7,6,2,5,6,9,17,2,1,0,0,1.62,3.9,5.75,Football-Data.co.uk,2026-04-18,2025/26|2026-04-18|Leeds|Wolves
2025/26,18/04/2026,Newcastle,Bournemouth,1,2,A,0,1,A,12,12,3,3,2,3,11,12,2,4,0,0,2.0,3.75,3.5,Football-Data.co.uk,2026-04-18,2025/26|2026-04-18|Newcastle|Bournemouth
2025/26,18/04/2026,Tottenham,Brighton,2,2,D,1,1,D,13,10,6,3,7,5,14,14,3,1,0,0,2.7,3.75,2.4,Football-Data.co.uk,2026-04-18,2025/26|2026-04-18|Tottenham|Brighton
2025/26,19/04/2026,Aston Villa,Sunderland,4,3,H,2,1,H,15,10,7,7,4,5,11,11,1,3,0,0,1.67,3.75,5.5,Football-Data.co.uk,2026-04-19,2025/26|2026-04-19|Aston Villa|Sunderland
2025/26,19/04/2026,Everton,Liverpool,1,2,A,0,1,A,10,14,4,6,1,6,8,12,2,0,0,0,3.1,3.4,2.3,Football-Data.co.uk,2026-04-19,2025/26|2026-04-19|Everton|Liverpool
2025/26,19/04/2026,Man City,Arsenal,2,1,H,1,1,D,15,9,5,3,8,5,5,12,2,2,0,0,1.83,3.7,4.2,Football-Data.co.uk,2026-04-19,2025/26|2026-04-19|Man City|Arsenal
2025/26,19/04/2026,Nott'm Forest,Burnley,4,1,H,0,1,A,10,4,4,3,4,4,8,12,0,2,0,0,1.5,4.2,7.0,Football-Data.co.uk,2026-04-19,2025/26|2026-04-19|Nott'm Forest|Burnley
2025/26,20/04/2026,Crystal Palace,West Ham,0,0,D,0,0,D,9,9,1,4,4,6,13,12,2,1,0,0,2.38,3.2,3.1,Football-Data.co.uk,2026-04-20,2025/26|2026-04-20|Crystal Palace|West Ham
2025/26,21/04/2026,Brighton,Chelsea,3,0,H,1,0,H,15,6,9,0,6,5,15,6,1,1,0,0,2.5,3.5,2.7,Football-Data.co.uk,2026-04-21,2025/26|2026-04-21|Brighton|Chelsea
2025/26,22/04/2026,Bournemouth,Leeds,2,2,D,0,0,D,17,10,7,3,12,1,6,10,3,0,0,0,2.0,3.5,3.6,Football-Data.co.uk,2026-04-22,2025/26|2026-04-22|Bournemouth|Leeds
2025/26,22/04/2026,Burnley,Man City,0,1,A,0,1,A,9,28,1,9,3,11,10,12,0,0,0,0,19.0,9.0,1.13,Football-Data.co.uk,2026-04-22,2025/26|2026-04-22|Burnley|Man City
2025/26,24/04/2026,Sunderland,Nott'm Forest,0,5,A,0,4,A,14,10,4,6,3,6,13,15,2,5,0,0,2.7,3.2,2.7,Football-Data.co.uk,2026-04-24,2025/26|2026-04-24|Sunderland|Nott'm Forest
2025/26,25/04/2026,Arsenal,Newcastle,1,0,H,1,0,H,11,13,4,3,7,2,13,10,2,2,0,0,1.45,4.75,6.25,Football-Data.co.uk,2026-04-25,2025/26|2026-04-25|Arsenal|Newcastle
2025/26,25/04/2026,Fulham,Aston Villa,1,0,H,1,0,H,13,10,6,1,2,5,14,12,2,2,0,0,2.75,3.6,2.45,Football-Data.co.uk,2026-04-25,2025/26|2026-04-25|Fulham|Aston Villa
2025/26,25/04/2026,Liverpool,Crystal Palace,3,1,H,2,0,H,9,14,3,7,5,8,10,10,1,3,0,0,1.44,5.0,6.25,Football-Data.co.uk,2026-04-25,2025/26|2026-04-25|Liverpool|Crystal Palace
2025/26,25/04/2026,West Ham,Everton,2,1,H,0,0,D,10,11,3,3,3,4,9,11,3,4,0,0,2.4,3.4,2.9,Football-Data.co.uk,2026-04-25,2025/26|2026-04-25|West Ham|Everton
2025/26,25/04/2026,Wolves,Tottenham,0,1,A,0,0,D,11,11,2,2,5,5,8,14,3,4,0,0,4.5,4.33,1.67,Football-Data.co.uk,2026-04-25,2025/26|2026-04-25|Wolves|Tottenham
2025/26,27/04/2026,Man United,Brentford,2,1,H,2,0,H,11,12,6,4,7,8,6,9,2,4,0,0,1.85,3.8,4.0,Football-Data.co.uk,2026-04-27,2025/26|2026-04-27|Man United|Brentford
2025/26,01/05/2026,Leeds,Burnley,3,1,H,1,0,H,18,9,8,3,5,0,12,11,4,3,0,0,1.33,5.0,9.5,Football-Data.co.uk,2026-05-01,2025/26|2026-05-01|Leeds|Burnley
2025/26,02/05/2026,Arsenal,Fulham,3,0,H,3,0,H,18,10,9,1,3,4,7,12,0,1,0,0,1.44,4.33,7.0,Football-Data.co.uk,2026-05-02,2025/26|2026-05-02|Arsenal|Fulham
2025/26,02/05/2026,Brentford,West Ham,3,0,H,1,0,H,14,13,6,4,2,6,8,12,1,3,0,0,1.91,3.75,3.75,Football-Data.co.uk,2026-05-02,2025/26|2026-05-02|Brentford|West Ham
2025/26,02/05/2026,Newcastle,Brighton,3,1,H,2,0,H,13,13,6,4,2,10,10,12,3,3,0,0,2.5,3.75,2.6,Football-Data.co.uk,2026-05-02,2025/26|2026-05-02|Newcastle|Brighton
2025/26,02/05/2026,Wolves,Sunderland,1,1,D,0,1,A,20,10,7,2,6,3,11,11,0,4,0,1,3.1,3.2,2.1,Football-Data.co.uk,2026-05-02,2025/26|2026-05-02|Wolves|Sunderland
2025/26,03/05/2026,Aston Villa,Tottenham,1,2,A,0,2,A,5,10,1,5,5,5,12,12,2,5,0,0,2.15,3.6,3.2,Football-Data.co.uk,2026-05-03,2025/26|2026-05-03|Aston Villa|Tottenham
2025/26,03/05/2026,Bournemouth,Crystal Palace,3,0,H,2,0,H,16,7,5,1,7,1,10,11,0,2,0,0,1.57,4.33,5.25,Football-Data.co.uk,2026-05-03,2025/26|2026-05-03|Bournemouth|Crystal Palace
2025/26,03/05/2026,Man United,Liverpool,3,2,H,2,0,H,18,13,6,5,3,2,12,11,2,2,0,0,2.3,3.8,2.75,Football-Data.co.uk,2026-05-03,2025/26|2026-05-03|Man United|Liverpool
2025/26,04/05/2026,Chelsea,Nott'm Forest,1,3,A,0,2,A,21,6,5,4,10,1,12,10,3,1,0,0,1.7,4.0,4.75,Football-Data.co.uk,2026-05-04,2025/26|2026-05-04|Chelsea|Nott'm Forest
2025/26,04/05/2026,Everton,Man City,3,3,D,0,1,A,14,21,6,4,5,9,15,5,4,1,0,0,6.5,4.75,1.44,Football-Data.co.uk,2026-05-04,2025/26|2026-05-04|Everton|Man City
2025/26,09/05/2026,Brighton,Wolves,3,0,H,2,0,H,14,5,6,1,7,1,9,11,1,2,0,0,1.27,6.25,9.5,Football-Data.co.uk,2026-05-09,2025/26|2026-05-09|Brighton|Wolves
2025/26,09/05/2026,Fulham,Bournemouth,0,1,A,0,0,D,14,10,2,5,11,2,12,21,4,2,1,1,2.75,3.6,2.4,Football-Data.co.uk,2026-05-09,2025/26|2026-05-09|Fulham|Bournemouth
2025/26,09/05/2026,Liverpool,Chelsea,1,1,D,1,1,D,8,6,3,3,5,2,17,17,2,4,0,0,1.83,4.0,3.9,Football-Data.co.uk,2026-05-09,2025/26|2026-05-09|Liverpool|Chelsea
2025/26,09/05/2026,Man City,Brentford,3,0,H,0,0,D,25,4,10,2,10,2,8,14,4,2,0,0,1.36,5.75,7.0,Football-Data.co.uk,2026-05-09,2025/26|2026-05-09|Man City|Brentford
2025/26,09/05/2026,Sunderland,Man United,0,0,D,0,0,D,15,11,4,1,7,8,12,12,0,3,0,0,3.9,3.75,1.85,Football-Data.co.uk,2026-05-09,2025/26|2026-05-09|Sunderland|Man United
2025/26,10/05/2026,Burnley,Aston Villa,2,2,D,1,1,D,15,18,6,7,2,8,18,8,1,1,0,0,5.0,4.33,1.6,Football-Data.co.uk,2026-05-10,2025/26|2026-05-10|Burnley|Aston Villa
2025/26,10/05/2026,Crystal Palace,Everton,2,2,D,1,1,D,21,13,8,6,5,10,5,13,0,2,0,0,2.7,3.3,2.63,Football-Data.co.uk,2026-05-10,2025/26|2026-05-10|Crystal Palace|Everton
2025/26,10/05/2026,Nott'm Forest,Newcastle,1,1,D,0,0,D,17,16,6,6,2,1,16,11,2,0,0,0,2.6,3.6,2.6,Football-Data.co.uk,2026-05-10,2025/26|2026-05-10|Nott'm Forest|Newcastle
2025/26,10/05/2026,West Ham,Arsenal,0,1,A,0,0,D,9,15,3,4,4,3,14,12,3,4,0,0,5.5,4.2,1.57,Football-Data.co.uk,2026-05-10,2025/26|2026-05-10|West Ham|Arsenal
2025/26,11/05/2026,Tottenham,Leeds,1,1,D,0,0,D,16,11,3,4,14,2,12,7,3,1,0,0,1.83,4.1,3.75,Football-Data.co.uk,2026-05-11,2025/26|2026-05-11|Tottenham|Leeds
2025/26,13/05/2026,Man City,Crystal Palace,3,0,H,2,0,H,15,6,4,2,9,4,10,7,0,2,0,0,1.2,7.5,12.0,Football-Data.co.uk,2026-05-13,2025/26|2026-05-13|Man City|Crystal Palace
2025/26,15/05/2026,Aston Villa,Liverpool,4,2,H,1,0,H,14,16,9,5,4,9,12,9,3,1,0,0,2.75,3.5,2.4,Football-Data.co.uk,2026-05-15,2025/26|2026-05-15|Aston Villa|Liverpool
2025/26,17/05/2026,Brentford,Crystal Palace,2,2,D,1,1,D,14,16,3,5,9,4,7,5,1,3,0,0,1.73,4.2,4.33,Football-Data.co.uk,2026-05-17,2025/26|2026-05-17|Brentford|Crystal Palace
2025/26,17/05/2026,Everton,Sunderland,1,3,A,1,0,H,10,7,4,3,3,2,14,9,3,0,0,0,1.8,3.75,4.33,Football-Data.co.uk,2026-05-17,2025/26|2026-05-17|Everton|Sunderland
2025/26,17/05/2026,Leeds,Brighton,1,0,H,0,0,D,7,19,1,8,7,8,9,7,1,0,0,0,3.2,3.6,2.15,Football-Data.co.uk,2026-05-17,2025/26|2026-05-17|Leeds|Brighton
2025/26,17/05/2026,Man United,Nott'm Forest,3,2,H,1,0,H,29,11,8,4,7,6,11,5,2,1,0,0,1.6,4.2,5.25,Football-Data.co.uk,2026-05-17,2025/26|2026-05-17|Man United|Nott'm Forest
2025/26,17/05/2026,Newcastle,West Ham,3,1,H,2,0,H,15,15,7,8,9,1,8,11,1,3,0,0,2.1,3.8,3.2,Football-Data.co.uk,2026-05-17,2025/26|2026-05-17|Newcastle|West Ham
2025/26,17/05/2026,Wolves,Fulham,1,1,D,1,1,D,11,13,3,5,3,6,20,8,1,0,0,0,3.8,3.8,1.9,Football-Data.co.uk,2026-05-17,2025/26|2026-05-17|Wolves|Fulham
2025/26,18/05/2026,Arsenal,Burnley,1,0,H,1,0,H,13,5,3,0,3,3,7,16,1,3,0,0,1.09,11.0,23.0,Football-Data.co.uk,2026-05-18,2025/26|2026-05-18|Arsenal|Burnley
2025/26,19/05/2026,Bournemouth,Man City,1,1,D,1,0,H,10,14,2,5,7,6,16,7,4,2,0,0,4.5,4.33,1.67,Football-Data.co.uk,2026-05-19,2025/26|2026-05-19|Bournemouth|Man City
2025/26,19/05/2026,Chelsea,Tottenham,2,1,H,1,0,H,9,9,4,3,3,4,11,18,4,3,0,0,1.91,3.7,3.9,Football-Data.co.uk,2026-05-19,2025/26|2026-05-19|Chelsea|Tottenham
2025/26,24/05/2026,Brighton,Man United,0,3,A,0,2,A,13,11,2,7,0,3,11,8,0,1,0,0,1.85,4.2,3.6,Football-Data.co.uk,2026-05-24,2025/26|2026-05-24|Brighton|Man United
2025/26,24/05/2026,Burnley,Wolves,1,1,D,0,1,A,16,16,8,4,7,7,10,11,2,2,0,0,2.35,3.5,2.9,Football-Data.co.uk,2026-05-24,2025/26|2026-05-24|Burnley|Wolves
2025/26,24/05/2026,Crystal Palace,Arsenal,1,2,A,0,1,A,8,17,3,7,3,4,9,12,0,1,0,0,4.2,4.0,1.75,Football-Data.co.uk,2026-05-24,2025/26|2026-05-24|Crystal Palace|Arsenal
2025/26,24/05/2026,Fulham,Newcastle,2,0,H,1,0,H,21,7,6,2,6,6,13,6,2,2,0,0,2.88,3.8,2.25,Football-Data.co.uk,2026-05-24,2025/26|2026-05-24|Fulham|Newcastle
2025/26,24/05/2026,Liverpool,Brentford,1,1,D,0,0,D,24,11,8,2,14,2,9,9,2,3,0,0,1.8,4.2,3.8,Football-Data.co.uk,2026-05-24,2025/26|2026-05-24|Liverpool|Brentford
2025/26,24/05/2026,Man City,Aston Villa,1,2,A,1,0,H,16,12,3,5,9,4,8,4,1,0,0,0,1.29,6.0,9.0,Football-Data.co.uk,2026-05-24,2025/26|2026-05-24|Man City|Aston Villa
2025/26,24/05/2026,Nott'm Forest,Bournemouth,1,1,D,1,0,H,15,17,5,4,6,3,11,7,1,1,0,0,3.3,3.75,2.05,Football-Data.co.uk,2026-05-24,2025/26|2026-05-24|Nott'm Forest|Bournemouth
2025/26,24/05/2026,Sunderland,Chelsea,2,1,H,1,0,H,20,10,2,1,7,7,15,18,3,2,0,0,3.6,3.6,2.0,Football-Data.co.uk,2026-05-24,2025/26|2026-05-24|Sunderland|Chelsea
2025/26,24/05/2026,Tottenham,Everton,1,0,H,1,0,H,21,8,6,3,6,2,15,12,5,3,0,1,1.91,3.75,3.8,Football-Data.co.uk,2026-05-24,2025/26|2026-05-24|Tottenham|Everton
2025/26,24/05/2026,West Ham,Leeds,3,0,H,0,0,D,16,13,9,3,6,4,11,14,0,3,0,0,1.85,4.0,3.75,Football-Data.co.uk,2026-05-24,2025/26|2026-05-24|West Ham|Leeds
